연월,지역,원업종,6대업종,폐업수,6대업종매핑신뢰도,지역합계검증,원천발행연월,원천값유형,중복검증원천수
202410,강서구,소매업,쇼핑업,63,중간,통과,202510,전년동월,1
202410,강서구,음식점업,식음료업,37,높음,통과,202510,전년동월,1
202410,금정구,소매업,쇼핑업,60,중간,통과,202510,전년동월,1
202410,금정구,음식점업,식음료업,46,높음,통과,202510,전년동월,1
202410,기장군,소매업,쇼핑업,62,중간,통과,202510,전년동월,1
202410,기장군,음식점업,식음료업,47,높음,통과,202510,전년동월,1
202410,남구,소매업,쇼핑업,78,중간,통과,202510,전년동월,1
202410,남구,음식점업,식음료업,44,높음,통과,202510,전년동월,1
202410,동구,소매업,쇼핑업,31,중간,통과,202510,전년동월,1
202410,동구,음식점업,식음료업,23,높음,통과,202510,전년동월,1
202410,동래구,소매업,쇼핑업,50,중간,통과,202510,전년동월,1
202410,동래구,음식점업,식음료업,50,높음,통과,202510,전년동월,1
202410,부산진구,소매업,쇼핑업,137,중간,통과,202510,전년동월,1
202410,부산진구,음식점업,식음료업,75,높음,통과,202510,전년동월,1
202410,북구,소매업,쇼핑업,55,중간,통과,202510,전년동월,1
202410,북구,음식점업,식음료업,34,높음,통과,202510,전년동월,1
202410,사상구,소매업,쇼핑업,65,중간,통과,202510,전년동월,1
202410,사상구,음식점업,식음료업,42,높음,통과,202510,전년동월,1
202410,사하구,소매업,쇼핑업,73,중간,통과,202510,전년동월,1
202410,사하구,음식점업,식음료업,56,높음,통과,202510,전년동월,1
202410,서구,소매업,쇼핑업,17,중간,통과,202510,전년동월,1
202410,서구,음식점업,식음료업,14,높음,통과,202510,전년동월,1
202410,수영구,소매업,쇼핑업,75,중간,통과,202510,전년동월,1
202410,수영구,음식점업,식음료업,48,높음,통과,202510,전년동월,1
202410,연제구,소매업,쇼핑업,54,중간,통과,202510,전년동월,1
202410,연제구,음식점업,식음료업,34,높음,통과,202510,전년동월,1
202410,영도구,소매업,쇼핑업,19,중간,통과,202510,전년동월,1
202410,영도구,음식점업,식음료업,17,높음,통과,202510,전년동월,1
202410,중구,소매업,쇼핑업,25,중간,통과,202510,전년동월,1
202410,중구,음식점업,식음료업,23,높음,통과,202510,전년동월,1
202410,해운대구,소매업,쇼핑업,108,중간,통과,202510,전년동월,1
202410,해운대구,음식점업,식음료업,60,높음,통과,202510,전년동월,1
202411,강서구,소매업,쇼핑업,48,중간,통과,202511,전년동월,1
202411,강서구,음식점업,식음료업,27,높음,통과,202511,전년동월,1
202411,금정구,소매업,쇼핑업,50,중간,통과,202511,전년동월,1
202411,금정구,음식점업,식음료업,53,높음,통과,202511,전년동월,1
202411,기장군,소매업,쇼핑업,56,중간,통과,202511,전년동월,1
202411,기장군,음식점업,식음료업,39,높음,통과,202511,전년동월,1
202411,남구,소매업,쇼핑업,69,중간,통과,202511,전년동월,1
202411,남구,음식점업,식음료업,42,높음,통과,202511,전년동월,1
202411,동구,소매업,쇼핑업,39,중간,통과,202511,전년동월,1
202411,동구,음식점업,식음료업,29,높음,통과,202511,전년동월,1
202411,동래구,소매업,쇼핑업,79,중간,통과,202511,전년동월,1
202411,동래구,음식점업,식음료업,46,높음,통과,202511,전년동월,1
202411,부산진구,소매업,쇼핑업,144,중간,통과,202511,전년동월,1
202411,부산진구,음식점업,식음료업,86,높음,통과,202511,전년동월,1
202411,북구,소매업,쇼핑업,79,중간,통과,202511,전년동월,1
202411,북구,음식점업,식음료업,37,높음,통과,202511,전년동월,1
202411,사상구,소매업,쇼핑업,75,중간,통과,202511,전년동월,1
202411,사상구,음식점업,식음료업,32,높음,통과,202511,전년동월,1
202411,사하구,소매업,쇼핑업,84,중간,통과,202511,전년동월,1
202411,사하구,음식점업,식음료업,56,높음,통과,202511,전년동월,1
202411,서구,소매업,쇼핑업,21,중간,통과,202511,전년동월,1
202411,서구,음식점업,식음료업,20,높음,통과,202511,전년동월,1
202411,수영구,소매업,쇼핑업,64,중간,통과,202511,전년동월,1
202411,수영구,음식점업,식음료업,53,높음,통과,202511,전년동월,1
202411,연제구,소매업,쇼핑업,67,중간,통과,202511,전년동월,1
202411,연제구,음식점업,식음료업,44,높음,통과,202511,전년동월,1
202411,영도구,소매업,쇼핑업,39,중간,통과,202511,전년동월,1
202411,영도구,음식점업,식음료업,19,높음,통과,202511,전년동월,1
202411,중구,소매업,쇼핑업,25,중간,통과,202511,전년동월,1
202411,중구,음식점업,식음료업,32,높음,통과,202511,전년동월,1
202411,해운대구,소매업,쇼핑업,126,중간,통과,202511,전년동월,1
202411,해운대구,음식점업,식음료업,50,높음,통과,202511,전년동월,1
202412,강서구,소매업,쇼핑업,107,중간,통과,202512,전년동월,1
202412,강서구,음식점업,식음료업,42,높음,통과,202512,전년동월,1
202412,금정구,소매업,쇼핑업,107,중간,통과,202512,전년동월,1
202412,금정구,음식점업,식음료업,48,높음,통과,202512,전년동월,1
202412,기장군,소매업,쇼핑업,78,중간,통과,202512,전년동월,1
202412,기장군,음식점업,식음료업,40,높음,통과,202512,전년동월,1
202412,남구,소매업,쇼핑업,132,중간,통과,202512,전년동월,1
202412,남구,음식점업,식음료업,57,높음,통과,202512,전년동월,1
202412,동구,소매업,쇼핑업,75,중간,통과,202512,전년동월,1
202412,동구,음식점업,식음료업,21,높음,통과,202512,전년동월,1
202412,동래구,소매업,쇼핑업,138,중간,통과,202512,전년동월,1
202412,동래구,음식점업,식음료업,74,높음,통과,202512,전년동월,1
202412,부산진구,소매업,쇼핑업,244,중간,통과,202512,전년동월,1
202412,부산진구,음식점업,식음료업,129,높음,통과,202512,전년동월,1
202412,북구,소매업,쇼핑업,188,중간,통과,202512,전년동월,1
202412,북구,음식점업,식음료업,44,높음,통과,202512,전년동월,1
202412,사상구,소매업,쇼핑업,97,중간,통과,202512,전년동월,1
202412,사상구,음식점업,식음료업,49,높음,통과,202512,전년동월,1
202412,사하구,소매업,쇼핑업,142,중간,통과,202512,전년동월,1
202412,사하구,음식점업,식음료업,69,높음,통과,202512,전년동월,1
202412,서구,소매업,쇼핑업,53,중간,통과,202512,전년동월,1
202412,서구,음식점업,식음료업,19,높음,통과,202512,전년동월,1
202412,수영구,소매업,쇼핑업,101,중간,통과,202512,전년동월,1
202412,수영구,음식점업,식음료업,66,높음,통과,202512,전년동월,1
202412,연제구,소매업,쇼핑업,126,중간,통과,202512,전년동월,1
202412,연제구,음식점업,식음료업,58,높음,통과,202512,전년동월,1
202412,영도구,소매업,쇼핑업,55,중간,통과,202512,전년동월,1
202412,영도구,음식점업,식음료업,23,높음,통과,202512,전년동월,1
202412,중구,소매업,쇼핑업,47,중간,통과,202512,전년동월,1
202412,중구,음식점업,식음료업,36,높음,통과,202512,전년동월,1
202412,해운대구,소매업,쇼핑업,242,중간,통과,202512,전년동월,1
202412,해운대구,음식점업,식음료업,77,높음,통과,202512,전년동월,1
202501,강서구,소매업,쇼핑업,71,중간,통과,202601,전년동월,1
202501,강서구,음식점업,식음료업,27,높음,통과,202601,전년동월,1
202501,금정구,소매업,쇼핑업,95,중간,통과,202601,전년동월,1
202501,금정구,음식점업,식음료업,29,높음,통과,202601,전년동월,1
202501,기장군,소매업,쇼핑업,74,중간,통과,202601,전년동월,1
202501,기장군,음식점업,식음료업,33,높음,통과,202601,전년동월,1
202501,남구,소매업,쇼핑업,98,중간,통과,202601,전년동월,1
202501,남구,음식점업,식음료업,37,높음,통과,202601,전년동월,1
202501,동구,소매업,쇼핑업,43,중간,통과,202601,전년동월,1
202501,동구,음식점업,식음료업,14,높음,통과,202601,전년동월,1
202501,동래구,소매업,쇼핑업,111,중간,통과,202601,전년동월,1
202501,동래구,음식점업,식음료업,49,높음,통과,202601,전년동월,1
202501,부산진구,소매업,쇼핑업,193,중간,통과,202601,전년동월,1
202501,부산진구,음식점업,식음료업,90,높음,통과,202601,전년동월,1
202501,북구,소매업,쇼핑업,91,중간,통과,202601,전년동월,1
202501,북구,음식점업,식음료업,25,높음,통과,202601,전년동월,1
202501,사상구,소매업,쇼핑업,76,중간,통과,202601,전년동월,1
202501,사상구,음식점업,식음료업,27,높음,통과,202601,전년동월,1
202501,사하구,소매업,쇼핑업,97,중간,통과,202601,전년동월,1
202501,사하구,음식점업,식음료업,34,높음,통과,202601,전년동월,1
202501,서구,소매업,쇼핑업,42,중간,통과,202601,전년동월,1
202501,서구,음식점업,식음료업,11,높음,통과,202601,전년동월,1
202501,수영구,소매업,쇼핑업,80,중간,통과,202601,전년동월,1
202501,수영구,음식점업,식음료업,33,높음,통과,202601,전년동월,1
202501,연제구,소매업,쇼핑업,85,중간,통과,202601,전년동월,1
202501,연제구,음식점업,식음료업,46,높음,통과,202601,전년동월,1
202501,영도구,소매업,쇼핑업,33,중간,통과,202601,전년동월,1
202501,영도구,음식점업,식음료업,13,높음,통과,202601,전년동월,1
202501,중구,소매업,쇼핑업,24,중간,통과,202601,전년동월,1
202501,중구,음식점업,식음료업,25,높음,통과,202601,전년동월,1
202501,해운대구,소매업,쇼핑업,178,중간,통과,202601,전년동월,1
202501,해운대구,음식점업,식음료업,57,높음,통과,202601,전년동월,1
202502,강서구,소매업,쇼핑업,62,중간,통과,202602,전년동월,1
202502,강서구,음식점업,식음료업,41,높음,통과,202602,전년동월,1
202502,금정구,소매업,쇼핑업,60,중간,통과,202602,전년동월,1
202502,금정구,음식점업,식음료업,51,높음,통과,202602,전년동월,1
202502,기장군,소매업,쇼핑업,57,중간,통과,202602,전년동월,1
202502,기장군,음식점업,식음료업,35,높음,통과,202602,전년동월,1
202502,남구,소매업,쇼핑업,101,중간,통과,202602,전년동월,1
202502,남구,음식점업,식음료업,43,높음,통과,202602,전년동월,1
202502,동구,소매업,쇼핑업,37,중간,통과,202602,전년동월,1
202502,동구,음식점업,식음료업,15,높음,통과,202602,전년동월,1
202502,동래구,소매업,쇼핑업,106,중간,통과,202602,전년동월,1
202502,동래구,음식점업,식음료업,39,높음,통과,202602,전년동월,1
202502,부산진구,소매업,쇼핑업,152,중간,통과,202602,전년동월,1
202502,부산진구,음식점업,식음료업,93,높음,통과,202602,전년동월,1
202502,북구,소매업,쇼핑업,95,중간,통과,202602,전년동월,1
202502,북구,음식점업,식음료업,37,높음,통과,202602,전년동월,1
202502,사상구,소매업,쇼핑업,54,중간,통과,202602,전년동월,1
202502,사상구,음식점업,식음료업,33,높음,통과,202602,전년동월,1
202502,사하구,소매업,쇼핑업,88,중간,통과,202602,전년동월,1
202502,사하구,음식점업,식음료업,37,높음,통과,202602,전년동월,1
202502,서구,소매업,쇼핑업,32,중간,통과,202602,전년동월,1
202502,서구,음식점업,식음료업,14,높음,통과,202602,전년동월,1
202502,수영구,소매업,쇼핑업,68,중간,통과,202602,전년동월,1
202502,수영구,음식점업,식음료업,52,높음,통과,202602,전년동월,1
202502,연제구,소매업,쇼핑업,78,중간,통과,202602,전년동월,1
202502,연제구,음식점업,식음료업,34,높음,통과,202602,전년동월,1
202502,영도구,소매업,쇼핑업,30,중간,통과,202602,전년동월,1
202502,영도구,음식점업,식음료업,16,높음,통과,202602,전년동월,1
202502,중구,소매업,쇼핑업,37,중간,통과,202602,전년동월,1
202502,중구,음식점업,식음료업,18,높음,통과,202602,전년동월,1
202502,해운대구,소매업,쇼핑업,152,중간,통과,202602,전년동월,1
202502,해운대구,음식점업,식음료업,73,높음,통과,202602,전년동월,1
202503,강서구,소매업,쇼핑업,74,중간,통과,202603,전년동월,1
202503,강서구,음식점업,식음료업,31,높음,통과,202603,전년동월,1
202503,금정구,소매업,쇼핑업,64,중간,통과,202603,전년동월,1
202503,금정구,음식점업,식음료업,41,높음,통과,202603,전년동월,1
202503,기장군,소매업,쇼핑업,47,중간,통과,202603,전년동월,1
202503,기장군,음식점업,식음료업,44,높음,통과,202603,전년동월,1
202503,남구,소매업,쇼핑업,70,중간,통과,202603,전년동월,1
202503,남구,음식점업,식음료업,46,높음,통과,202603,전년동월,1
202503,동구,소매업,쇼핑업,32,중간,통과,202603,전년동월,1
202503,동구,음식점업,식음료업,25,높음,통과,202603,전년동월,1
202503,동래구,소매업,쇼핑업,90,중간,통과,202603,전년동월,1
202503,동래구,음식점업,식음료업,56,높음,통과,202603,전년동월,1
202503,부산진구,소매업,쇼핑업,147,중간,통과,202603,전년동월,1
202503,부산진구,음식점업,식음료업,96,높음,통과,202603,전년동월,1
202503,북구,소매업,쇼핑업,123,중간,통과,202603,전년동월,1
202503,북구,음식점업,식음료업,40,높음,통과,202603,전년동월,1
202503,사상구,소매업,쇼핑업,75,중간,통과,202603,전년동월,1
202503,사상구,음식점업,식음료업,36,높음,통과,202603,전년동월,1
202503,사하구,소매업,쇼핑업,60,중간,통과,202603,전년동월,1
202503,사하구,음식점업,식음료업,55,높음,통과,202603,전년동월,1
202503,서구,소매업,쇼핑업,37,중간,통과,202603,전년동월,1
202503,서구,음식점업,식음료업,20,높음,통과,202603,전년동월,1
202503,수영구,소매업,쇼핑업,83,중간,통과,202603,전년동월,1
202503,수영구,음식점업,식음료업,62,높음,통과,202603,전년동월,1
202503,연제구,소매업,쇼핑업,72,중간,통과,202603,전년동월,1
202503,연제구,음식점업,식음료업,52,높음,통과,202603,전년동월,1
202503,영도구,소매업,쇼핑업,29,중간,통과,202603,전년동월,1
202503,영도구,음식점업,식음료업,10,높음,통과,202603,전년동월,1
202503,중구,소매업,쇼핑업,48,중간,통과,202603,전년동월,1
202503,중구,음식점업,식음료업,30,높음,통과,202603,전년동월,1
202503,해운대구,소매업,쇼핑업,140,중간,통과,202603,전년동월,1
202503,해운대구,음식점업,식음료업,71,높음,통과,202603,전년동월,1
202504,강서구,소매업,쇼핑업,52,중간,통과,202604,전년동월,1
202504,강서구,음식점업,식음료업,37,높음,통과,202604,전년동월,1
202504,금정구,소매업,쇼핑업,69,중간,통과,202604,전년동월,1
202504,금정구,음식점업,식음료업,56,높음,통과,202604,전년동월,1
202504,기장군,소매업,쇼핑업,57,중간,통과,202604,전년동월,1
202504,기장군,음식점업,식음료업,33,높음,통과,202604,전년동월,1
202504,남구,소매업,쇼핑업,80,중간,통과,202604,전년동월,1
202504,남구,음식점업,식음료업,38,높음,통과,202604,전년동월,1
202504,동구,소매업,쇼핑업,26,중간,통과,202604,전년동월,1
202504,동구,음식점업,식음료업,25,높음,통과,202604,전년동월,1
202504,동래구,소매업,쇼핑업,72,중간,통과,202604,전년동월,1
202504,동래구,음식점업,식음료업,60,높음,통과,202604,전년동월,1
202504,부산진구,소매업,쇼핑업,131,중간,통과,202604,전년동월,1
202504,부산진구,음식점업,식음료업,114,높음,통과,202604,전년동월,1
202504,북구,소매업,쇼핑업,75,중간,통과,202604,전년동월,1
202504,북구,음식점업,식음료업,27,높음,통과,202604,전년동월,1
202504,사상구,소매업,쇼핑업,53,중간,통과,202604,전년동월,1
202504,사상구,음식점업,식음료업,37,높음,통과,202604,전년동월,1
202504,사하구,소매업,쇼핑업,81,중간,통과,202604,전년동월,1
202504,사하구,음식점업,식음료업,62,높음,통과,202604,전년동월,1
202504,서구,소매업,쇼핑업,27,중간,통과,202604,전년동월,1
202504,서구,음식점업,식음료업,17,높음,통과,202604,전년동월,1
202504,수영구,소매업,쇼핑업,72,중간,통과,202604,전년동월,1
202504,수영구,음식점업,식음료업,50,높음,통과,202604,전년동월,1
202504,연제구,소매업,쇼핑업,73,중간,통과,202604,전년동월,1
202504,연제구,음식점업,식음료업,47,높음,통과,202604,전년동월,1
202504,영도구,소매업,쇼핑업,14,중간,통과,202604,전년동월,1
202504,영도구,음식점업,식음료업,13,높음,통과,202604,전년동월,1
202504,중구,소매업,쇼핑업,23,중간,통과,202604,전년동월,1
202504,중구,음식점업,식음료업,18,높음,통과,202604,전년동월,1
202504,해운대구,소매업,쇼핑업,103,중간,통과,202604,전년동월,1
202504,해운대구,음식점업,식음료업,70,높음,통과,202604,전년동월,1
202505,강서구,소매업,쇼핑업,55,중간,통과,202605,전년동월,1
202505,강서구,음식점업,식음료업,20,높음,통과,202605,전년동월,1
202505,금정구,소매업,쇼핑업,54,중간,통과,202605,전년동월,1
202505,금정구,음식점업,식음료업,36,높음,통과,202605,전년동월,1
202505,기장군,소매업,쇼핑업,56,중간,통과,202605,전년동월,1
202505,기장군,음식점업,식음료업,40,높음,통과,202605,전년동월,1
202505,남구,소매업,쇼핑업,58,중간,통과,202605,전년동월,1
202505,남구,음식점업,식음료업,31,높음,통과,202605,전년동월,1
202505,동구,소매업,쇼핑업,29,중간,통과,202605,전년동월,1
202505,동구,음식점업,식음료업,27,높음,통과,202605,전년동월,1
202505,동래구,소매업,쇼핑업,74,중간,통과,202605,전년동월,1
202505,동래구,음식점업,식음료업,50,높음,통과,202605,전년동월,1
202505,부산진구,소매업,쇼핑업,155,중간,통과,202605,전년동월,1
202505,부산진구,음식점업,식음료업,91,높음,통과,202605,전년동월,1
202505,북구,소매업,쇼핑업,71,중간,통과,202605,전년동월,1
202505,북구,음식점업,식음료업,26,높음,통과,202605,전년동월,1
202505,사상구,소매업,쇼핑업,67,중간,통과,202605,전년동월,1
202505,사상구,음식점업,식음료업,32,높음,통과,202605,전년동월,1
202505,사하구,소매업,쇼핑업,95,중간,통과,202605,전년동월,1
202505,사하구,음식점업,식음료업,50,높음,통과,202605,전년동월,1
202505,서구,소매업,쇼핑업,27,중간,통과,202605,전년동월,1
202505,서구,음식점업,식음료업,13,높음,통과,202605,전년동월,1
202505,수영구,소매업,쇼핑업,78,중간,통과,202605,전년동월,1
202505,수영구,음식점업,식음료업,38,높음,통과,202605,전년동월,1
202505,연제구,소매업,쇼핑업,53,중간,통과,202605,전년동월,1
202505,연제구,음식점업,식음료업,46,높음,통과,202605,전년동월,1
202505,영도구,소매업,쇼핑업,15,중간,통과,202605,전년동월,1
202505,영도구,음식점업,식음료업,10,높음,통과,202605,전년동월,1
202505,중구,소매업,쇼핑업,39,중간,통과,202605,전년동월,1
202505,중구,음식점업,식음료업,24,높음,통과,202605,전년동월,1
202505,해운대구,소매업,쇼핑업,137,중간,통과,202605,전년동월,1
202505,해운대구,음식점업,식음료업,62,높음,통과,202605,전년동월,1
202509,강서구,소매업,쇼핑업,37,중간,통과,202510,전월,1
202509,강서구,음식점업,식음료업,43,높음,통과,202510,전월,1
202509,금정구,소매업,쇼핑업,48,중간,통과,202510,전월,1
202509,금정구,음식점업,식음료업,42,높음,통과,202510,전월,1
202509,기장군,소매업,쇼핑업,40,중간,통과,202510,전월,1
202509,기장군,음식점업,식음료업,42,높음,통과,202510,전월,1
202509,남구,소매업,쇼핑업,67,중간,통과,202510,전월,1
202509,남구,음식점업,식음료업,28,높음,통과,202510,전월,1
202509,동구,소매업,쇼핑업,26,중간,통과,202510,전월,1
202509,동구,음식점업,식음료업,25,높음,통과,202510,전월,1
202509,동래구,소매업,쇼핑업,67,중간,통과,202510,전월,1
202509,동래구,음식점업,식음료업,49,높음,통과,202510,전월,1
202509,부산진구,소매업,쇼핑업,97,중간,통과,202510,전월,1
202509,부산진구,음식점업,식음료업,99,높음,통과,202510,전월,1
202509,북구,소매업,쇼핑업,51,중간,통과,202510,전월,1
202509,북구,음식점업,식음료업,44,높음,통과,202510,전월,1
202509,사상구,소매업,쇼핑업,50,중간,통과,202510,전월,1
202509,사상구,음식점업,식음료업,45,높음,통과,202510,전월,1
202509,사하구,소매업,쇼핑업,67,중간,통과,202510,전월,1
202509,사하구,음식점업,식음료업,48,높음,통과,202510,전월,1
202509,서구,소매업,쇼핑업,17,중간,통과,202510,전월,1
202509,서구,음식점업,식음료업,18,높음,통과,202510,전월,1
202509,수영구,소매업,쇼핑업,78,중간,통과,202510,전월,1
202509,수영구,음식점업,식음료업,47,높음,통과,202510,전월,1
202509,연제구,소매업,쇼핑업,75,중간,통과,202510,전월,1
202509,연제구,음식점업,식음료업,34,높음,통과,202510,전월,1
202509,영도구,소매업,쇼핑업,24,중간,통과,202510,전월,1
202509,영도구,음식점업,식음료업,19,높음,통과,202510,전월,1
202509,중구,소매업,쇼핑업,31,중간,통과,202510,전월,1
202509,중구,음식점업,식음료업,32,높음,통과,202510,전월,1
202509,해운대구,소매업,쇼핑업,115,중간,통과,202510,전월,1
202509,해운대구,음식점업,식음료업,60,높음,통과,202510,전월,1
202510,강서구,소매업,쇼핑업,37,중간,통과,202510|202511,당월|전월,2
202510,강서구,음식점업,식음료업,38,높음,통과,202510|202511,당월|전월,2
202510,금정구,소매업,쇼핑업,44,중간,통과,202510|202511,당월|전월,2
202510,금정구,음식점업,식음료업,33,높음,통과,202510|202511,당월|전월,2
202510,기장군,소매업,쇼핑업,46,중간,통과,202510|202511,당월|전월,2
202510,기장군,음식점업,식음료업,37,높음,통과,202510|202511,당월|전월,2
202510,남구,소매업,쇼핑업,52,중간,통과,202510|202511,당월|전월,2
202510,남구,음식점업,식음료업,31,높음,통과,202510|202511,당월|전월,2
202510,동구,소매업,쇼핑업,28,중간,통과,202510|202511,당월|전월,2
202510,동구,음식점업,식음료업,22,높음,통과,202510|202511,당월|전월,2
202510,동래구,소매업,쇼핑업,61,중간,통과,202510|202511,당월|전월,2
202510,동래구,음식점업,식음료업,48,높음,통과,202510|202511,당월|전월,2
202510,부산진구,소매업,쇼핑업,92,중간,통과,202510|202511,당월|전월,2
202510,부산진구,음식점업,식음료업,69,높음,통과,202510|202511,당월|전월,2
202510,북구,소매업,쇼핑업,42,중간,통과,202510|202511,당월|전월,2
202510,북구,음식점업,식음료업,33,높음,통과,202510|202511,당월|전월,2
202510,사상구,소매업,쇼핑업,38,중간,통과,202510|202511,당월|전월,2
202510,사상구,음식점업,식음료업,33,높음,통과,202510|202511,당월|전월,2
202510,사하구,소매업,쇼핑업,47,중간,통과,202510|202511,당월|전월,2
202510,사하구,음식점업,식음료업,55,높음,통과,202510|202511,당월|전월,2
202510,서구,소매업,쇼핑업,23,중간,통과,202510|202511,당월|전월,2
202510,서구,음식점업,식음료업,13,높음,통과,202510|202511,당월|전월,2
202510,수영구,소매업,쇼핑업,52,중간,통과,202510|202511,당월|전월,2
202510,수영구,음식점업,식음료업,49,높음,통과,202510|202511,당월|전월,2
202510,연제구,소매업,쇼핑업,41,중간,통과,202510|202511,당월|전월,2
202510,연제구,음식점업,식음료업,41,높음,통과,202510|202511,당월|전월,2
202510,영도구,소매업,쇼핑업,11,중간,통과,202510|202511,당월|전월,2
202510,영도구,음식점업,식음료업,16,높음,통과,202510|202511,당월|전월,2
202510,중구,소매업,쇼핑업,18,중간,통과,202510|202511,당월|전월,2
202510,중구,음식점업,식음료업,21,높음,통과,202510|202511,당월|전월,2
202510,해운대구,소매업,쇼핑업,100,중간,통과,202510|202511,당월|전월,2
202510,해운대구,음식점업,식음료업,66,높음,통과,202510|202511,당월|전월,2
202511,강서구,소매업,쇼핑업,62,중간,통과,202511|202512,당월|전월,2
202511,강서구,음식점업,식음료업,28,높음,통과,202511|202512,당월|전월,2
202511,금정구,소매업,쇼핑업,61,중간,통과,202511|202512,당월|전월,2
202511,금정구,음식점업,식음료업,39,높음,통과,202511|202512,당월|전월,2
202511,기장군,소매업,쇼핑업,59,중간,통과,202511|202512,당월|전월,2
202511,기장군,음식점업,식음료업,34,높음,통과,202511|202512,당월|전월,2
202511,남구,소매업,쇼핑업,68,중간,통과,202511|202512,당월|전월,2
202511,남구,음식점업,식음료업,42,높음,통과,202511|202512,당월|전월,2
202511,동구,소매업,쇼핑업,32,중간,통과,202511|202512,당월|전월,2
202511,동구,음식점업,식음료업,20,높음,통과,202511|202512,당월|전월,2
202511,동래구,소매업,쇼핑업,86,중간,통과,202511|202512,당월|전월,2
202511,동래구,음식점업,식음료업,59,높음,통과,202511|202512,당월|전월,2
202511,부산진구,소매업,쇼핑업,123,중간,통과,202511|202512,당월|전월,2
202511,부산진구,음식점업,식음료업,87,높음,통과,202511|202512,당월|전월,2
202511,북구,소매업,쇼핑업,77,중간,통과,202511|202512,당월|전월,2
202511,북구,음식점업,식음료업,33,높음,통과,202511|202512,당월|전월,2
202511,사상구,소매업,쇼핑업,54,중간,통과,202511|202512,당월|전월,2
202511,사상구,음식점업,식음료업,34,높음,통과,202511|202512,당월|전월,2
202511,사하구,소매업,쇼핑업,62,중간,통과,202511|202512,당월|전월,2
202511,사하구,음식점업,식음료업,47,높음,통과,202511|202512,당월|전월,2
202511,서구,소매업,쇼핑업,22,중간,통과,202511|202512,당월|전월,2
202511,서구,음식점업,식음료업,16,높음,통과,202511|202512,당월|전월,2
202511,수영구,소매업,쇼핑업,71,중간,통과,202511|202512,당월|전월,2
202511,수영구,음식점업,식음료업,39,높음,통과,202511|202512,당월|전월,2
202511,연제구,소매업,쇼핑업,61,중간,통과,202511|202512,당월|전월,2
202511,연제구,음식점업,식음료업,58,높음,통과,202511|202512,당월|전월,2
202511,영도구,소매업,쇼핑업,25,중간,통과,202511|202512,당월|전월,2
202511,영도구,음식점업,식음료업,14,높음,통과,202511|202512,당월|전월,2
202511,중구,소매업,쇼핑업,30,중간,통과,202511|202512,당월|전월,2
202511,중구,음식점업,식음료업,22,높음,통과,202511|202512,당월|전월,2
202511,해운대구,소매업,쇼핑업,127,중간,통과,202511|202512,당월|전월,2
202511,해운대구,음식점업,식음료업,52,높음,통과,202511|202512,당월|전월,2
202512,강서구,소매업,쇼핑업,73,중간,통과,202512|202601,당월|전월,2
202512,강서구,음식점업,식음료업,40,높음,통과,202512|202601,당월|전월,2
202512,금정구,소매업,쇼핑업,119,중간,통과,202512|202601,당월|전월,2
202512,금정구,음식점업,식음료업,63,높음,통과,202512|202601,당월|전월,2
202512,기장군,소매업,쇼핑업,91,중간,통과,202512|202601,당월|전월,2
202512,기장군,음식점업,식음료업,46,높음,통과,202512|202601,당월|전월,2
202512,남구,소매업,쇼핑업,118,중간,통과,202512|202601,당월|전월,2
202512,남구,음식점업,식음료업,64,높음,통과,202512|202601,당월|전월,2
202512,동구,소매업,쇼핑업,76,중간,통과,202512|202601,당월|전월,2
202512,동구,음식점업,식음료업,28,높음,통과,202512|202601,당월|전월,2
202512,동래구,소매업,쇼핑업,136,중간,통과,202512|202601,당월|전월,2
202512,동래구,음식점업,식음료업,63,높음,통과,202512|202601,당월|전월,2
202512,부산진구,소매업,쇼핑업,216,중간,통과,202512|202601,당월|전월,2
202512,부산진구,음식점업,식음료업,117,높음,통과,202512|202601,당월|전월,2
202512,북구,소매업,쇼핑업,134,중간,통과,202512|202601,당월|전월,2
202512,북구,음식점업,식음료업,38,높음,통과,202512|202601,당월|전월,2
202512,사상구,소매업,쇼핑업,108,중간,통과,202512|202601,당월|전월,2
202512,사상구,음식점업,식음료업,34,높음,통과,202512|202601,당월|전월,2
202512,사하구,소매업,쇼핑업,116,중간,통과,202512|202601,당월|전월,2
202512,사하구,음식점업,식음료업,57,높음,통과,202512|202601,당월|전월,2
202512,서구,소매업,쇼핑업,38,중간,통과,202512|202601,당월|전월,2
202512,서구,음식점업,식음료업,15,높음,통과,202512|202601,당월|전월,2
202512,수영구,소매업,쇼핑업,101,중간,통과,202512|202601,당월|전월,2
202512,수영구,음식점업,식음료업,59,높음,통과,202512|202601,당월|전월,2
202512,연제구,소매업,쇼핑업,106,중간,통과,202512|202601,당월|전월,2
202512,연제구,음식점업,식음료업,49,높음,통과,202512|202601,당월|전월,2
202512,영도구,소매업,쇼핑업,37,중간,통과,202512|202601,당월|전월,2
202512,영도구,음식점업,식음료업,24,높음,통과,202512|202601,당월|전월,2
202512,중구,소매업,쇼핑업,35,중간,통과,202512|202601,당월|전월,2
202512,중구,음식점업,식음료업,37,높음,통과,202512|202601,당월|전월,2
202512,해운대구,소매업,쇼핑업,211,중간,통과,202512|202601,당월|전월,2
202512,해운대구,음식점업,식음료업,77,높음,통과,202512|202601,당월|전월,2
202601,강서구,소매업,쇼핑업,90,중간,통과,202601|202602,당월|전월,2
202601,강서구,음식점업,식음료업,34,높음,통과,202601|202602,당월|전월,2
202601,금정구,소매업,쇼핑업,88,중간,통과,202601|202602,당월|전월,2
202601,금정구,음식점업,식음료업,43,높음,통과,202601|202602,당월|전월,2
202601,기장군,소매업,쇼핑업,78,중간,통과,202601|202602,당월|전월,2
202601,기장군,음식점업,식음료업,25,높음,통과,202601|202602,당월|전월,2
202601,남구,소매업,쇼핑업,107,중간,통과,202601|202602,당월|전월,2
202601,남구,음식점업,식음료업,32,높음,통과,202601|202602,당월|전월,2
202601,동구,소매업,쇼핑업,64,중간,통과,202601|202602,당월|전월,2
202601,동구,음식점업,식음료업,23,높음,통과,202601|202602,당월|전월,2
202601,동래구,소매업,쇼핑업,132,중간,통과,202601|202602,당월|전월,2
202601,동래구,음식점업,식음료업,48,높음,통과,202601|202602,당월|전월,2
202601,부산진구,소매업,쇼핑업,201,중간,통과,202601|202602,당월|전월,2
202601,부산진구,음식점업,식음료업,86,높음,통과,202601|202602,당월|전월,2
202601,북구,소매업,쇼핑업,110,중간,통과,202601|202602,당월|전월,2
202601,북구,음식점업,식음료업,38,높음,통과,202601|202602,당월|전월,2
202601,사상구,소매업,쇼핑업,79,중간,통과,202601|202602,당월|전월,2
202601,사상구,음식점업,식음료업,28,높음,통과,202601|202602,당월|전월,2
202601,사하구,소매업,쇼핑업,128,중간,통과,202601|202602,당월|전월,2
202601,사하구,음식점업,식음료업,53,높음,통과,202601|202602,당월|전월,2
202601,서구,소매업,쇼핑업,38,중간,통과,202601|202602,당월|전월,2
202601,서구,음식점업,식음료업,9,높음,통과,202601|202602,당월|전월,2
202601,수영구,소매업,쇼핑업,117,중간,통과,202601|202602,당월|전월,2
202601,수영구,음식점업,식음료업,40,높음,통과,202601|202602,당월|전월,2
202601,연제구,소매업,쇼핑업,109,중간,통과,202601|202602,당월|전월,2
202601,연제구,음식점업,식음료업,47,높음,통과,202601|202602,당월|전월,2
202601,영도구,소매업,쇼핑업,32,중간,통과,202601|202602,당월|전월,2
202601,영도구,음식점업,식음료업,15,높음,통과,202601|202602,당월|전월,2
202601,중구,소매업,쇼핑업,32,중간,통과,202601|202602,당월|전월,2
202601,중구,음식점업,식음료업,18,높음,통과,202601|202602,당월|전월,2
202601,해운대구,소매업,쇼핑업,215,중간,통과,202601|202602,당월|전월,2
202601,해운대구,음식점업,식음료업,57,높음,통과,202601|202602,당월|전월,2
202602,강서구,소매업,쇼핑업,49,중간,통과,202602|202603,당월|전월,2
202602,강서구,음식점업,식음료업,23,높음,통과,202602|202603,당월|전월,2
202602,금정구,소매업,쇼핑업,62,중간,통과,202602|202603,당월|전월,2
202602,금정구,음식점업,식음료업,28,높음,통과,202602|202603,당월|전월,2
202602,기장군,소매업,쇼핑업,65,중간,통과,202602|202603,당월|전월,2
202602,기장군,음식점업,식음료업,33,높음,통과,202602|202603,당월|전월,2
202602,남구,소매업,쇼핑업,98,중간,통과,202602|202603,당월|전월,2
202602,남구,음식점업,식음료업,33,높음,통과,202602|202603,당월|전월,2
202602,동구,소매업,쇼핑업,41,중간,통과,202602|202603,당월|전월,2
202602,동구,음식점업,식음료업,14,높음,통과,202602|202603,당월|전월,2
202602,동래구,소매업,쇼핑업,78,중간,통과,202602|202603,당월|전월,2
202602,동래구,음식점업,식음료업,47,높음,통과,202602|202603,당월|전월,2
202602,부산진구,소매업,쇼핑업,142,중간,통과,202602|202603,당월|전월,2
202602,부산진구,음식점업,식음료업,90,높음,통과,202602|202603,당월|전월,2
202602,북구,소매업,쇼핑업,60,중간,통과,202602|202603,당월|전월,2
202602,북구,음식점업,식음료업,31,높음,통과,202602|202603,당월|전월,2
202602,사상구,소매업,쇼핑업,70,중간,통과,202602|202603,당월|전월,2
202602,사상구,음식점업,식음료업,25,높음,통과,202602|202603,당월|전월,2
202602,사하구,소매업,쇼핑업,88,중간,통과,202602|202603,당월|전월,2
202602,사하구,음식점업,식음료업,41,높음,통과,202602|202603,당월|전월,2
202602,서구,소매업,쇼핑업,23,중간,통과,202602|202603,당월|전월,2
202602,서구,음식점업,식음료업,13,높음,통과,202602|202603,당월|전월,2
202602,수영구,소매업,쇼핑업,79,중간,통과,202602|202603,당월|전월,2
202602,수영구,음식점업,식음료업,42,높음,통과,202602|202603,당월|전월,2
202602,연제구,소매업,쇼핑업,72,중간,통과,202602|202603,당월|전월,2
202602,연제구,음식점업,식음료업,33,높음,통과,202602|202603,당월|전월,2
202602,영도구,소매업,쇼핑업,33,중간,통과,202602|202603,당월|전월,2
202602,영도구,음식점업,식음료업,9,높음,통과,202602|202603,당월|전월,2
202602,중구,소매업,쇼핑업,21,중간,통과,202602|202603,당월|전월,2
202602,중구,음식점업,식음료업,16,높음,통과,202602|202603,당월|전월,2
202602,해운대구,소매업,쇼핑업,125,중간,통과,202602|202603,당월|전월,2
202602,해운대구,음식점업,식음료업,60,높음,통과,202602|202603,당월|전월,2
202603,강서구,소매업,쇼핑업,61,중간,통과,202603|202604,당월|전월,2
202603,강서구,음식점업,식음료업,36,높음,통과,202603|202604,당월|전월,2
202603,금정구,소매업,쇼핑업,66,중간,통과,202603|202604,당월|전월,2
202603,금정구,음식점업,식음료업,62,높음,통과,202603|202604,당월|전월,2
202603,기장군,소매업,쇼핑업,61,중간,통과,202603|202604,당월|전월,2
202603,기장군,음식점업,식음료업,39,높음,통과,202603|202604,당월|전월,2
202603,남구,소매업,쇼핑업,83,중간,통과,202603|202604,당월|전월,2
202603,남구,음식점업,식음료업,51,높음,통과,202603|202604,당월|전월,2
202603,동구,소매업,쇼핑업,34,중간,통과,202603|202604,당월|전월,2
202603,동구,음식점업,식음료업,13,높음,통과,202603|202604,당월|전월,2
202603,동래구,소매업,쇼핑업,91,중간,통과,202603|202604,당월|전월,2
202603,동래구,음식점업,식음료업,70,높음,통과,202603|202604,당월|전월,2
202603,부산진구,소매업,쇼핑업,149,중간,통과,202603|202604,당월|전월,2
202603,부산진구,음식점업,식음료업,102,높음,통과,202603|202604,당월|전월,2
202603,북구,소매업,쇼핑업,79,중간,통과,202603|202604,당월|전월,2
202603,북구,음식점업,식음료업,34,높음,통과,202603|202604,당월|전월,2
202603,사상구,소매업,쇼핑업,66,중간,통과,202603|202604,당월|전월,2
202603,사상구,음식점업,식음료업,39,높음,통과,202603|202604,당월|전월,2
202603,사하구,소매업,쇼핑업,92,중간,통과,202603|202604,당월|전월,2
202603,사하구,음식점업,식음료업,65,높음,통과,202603|202604,당월|전월,2
202603,서구,소매업,쇼핑업,25,중간,통과,202603|202604,당월|전월,2
202603,서구,음식점업,식음료업,23,높음,통과,202603|202604,당월|전월,2
202603,수영구,소매업,쇼핑업,63,중간,통과,202603|202604,당월|전월,2
202603,수영구,음식점업,식음료업,57,높음,통과,202603|202604,당월|전월,2
202603,연제구,소매업,쇼핑업,84,중간,통과,202603|202604,당월|전월,2
202603,연제구,음식점업,식음료업,52,높음,통과,202603|202604,당월|전월,2
202603,영도구,소매업,쇼핑업,26,중간,통과,202603|202604,당월|전월,2
202603,영도구,음식점업,식음료업,22,높음,통과,202603|202604,당월|전월,2
202603,중구,소매업,쇼핑업,35,중간,통과,202603|202604,당월|전월,2
202603,중구,음식점업,식음료업,25,높음,통과,202603|202604,당월|전월,2
202603,해운대구,소매업,쇼핑업,139,중간,통과,202603|202604,당월|전월,2
202603,해운대구,음식점업,식음료업,68,높음,통과,202603|202604,당월|전월,2
202604,강서구,소매업,쇼핑업,36,중간,통과,202604|202605,당월|전월,2
202604,강서구,음식점업,식음료업,28,높음,통과,202604|202605,당월|전월,2
202604,금정구,소매업,쇼핑업,49,중간,통과,202604|202605,당월|전월,2
202604,금정구,음식점업,식음료업,39,높음,통과,202604|202605,당월|전월,2
202604,기장군,소매업,쇼핑업,58,중간,통과,202604|202605,당월|전월,2
202604,기장군,음식점업,식음료업,39,높음,통과,202604|202605,당월|전월,2
202604,남구,소매업,쇼핑업,61,중간,통과,202604|202605,당월|전월,2
202604,남구,음식점업,식음료업,50,높음,통과,202604|202605,당월|전월,2
202604,동구,소매업,쇼핑업,36,중간,통과,202604|202605,당월|전월,2
202604,동구,음식점업,식음료업,20,높음,통과,202604|202605,당월|전월,2
202604,동래구,소매업,쇼핑업,81,중간,통과,202604|202605,당월|전월,2
202604,동래구,음식점업,식음료업,52,높음,통과,202604|202605,당월|전월,2
202604,부산진구,소매업,쇼핑업,122,중간,통과,202604|202605,당월|전월,2
202604,부산진구,음식점업,식음료업,100,높음,통과,202604|202605,당월|전월,2
202604,북구,소매업,쇼핑업,88,중간,통과,202604|202605,당월|전월,2
202604,북구,음식점업,식음료업,38,높음,통과,202604|202605,당월|전월,2
202604,사상구,소매업,쇼핑업,54,중간,통과,202604|202605,당월|전월,2
202604,사상구,음식점업,식음료업,43,높음,통과,202604|202605,당월|전월,2
202604,사하구,소매업,쇼핑업,68,중간,통과,202604|202605,당월|전월,2
202604,사하구,음식점업,식음료업,69,높음,통과,202604|202605,당월|전월,2
202604,서구,소매업,쇼핑업,24,중간,통과,202604|202605,당월|전월,2
202604,서구,음식점업,식음료업,16,높음,통과,202604|202605,당월|전월,2
202604,수영구,소매업,쇼핑업,68,중간,통과,202604|202605,당월|전월,2
202604,수영구,음식점업,식음료업,63,높음,통과,202604|202605,당월|전월,2
202604,연제구,소매업,쇼핑업,58,중간,통과,202604|202605,당월|전월,2
202604,연제구,음식점업,식음료업,41,높음,통과,202604|202605,당월|전월,2
202604,영도구,소매업,쇼핑업,20,중간,통과,202604|202605,당월|전월,2
202604,영도구,음식점업,식음료업,17,높음,통과,202604|202605,당월|전월,2
202604,중구,소매업,쇼핑업,17,중간,통과,202604|202605,당월|전월,2
202604,중구,음식점업,식음료업,15,높음,통과,202604|202605,당월|전월,2
202604,해운대구,소매업,쇼핑업,123,중간,통과,202604|202605,당월|전월,2
202604,해운대구,음식점업,식음료업,57,높음,통과,202604|202605,당월|전월,2
202605,강서구,소매업,쇼핑업,57,중간,통과,202605,당월,1
202605,강서구,음식점업,식음료업,30,높음,통과,202605,당월,1
202605,금정구,소매업,쇼핑업,58,중간,통과,202605,당월,1
202605,금정구,음식점업,식음료업,47,높음,통과,202605,당월,1
202605,기장군,소매업,쇼핑업,62,중간,통과,202605,당월,1
202605,기장군,음식점업,식음료업,38,높음,통과,202605,당월,1
202605,남구,소매업,쇼핑업,81,중간,통과,202605,당월,1
202605,남구,음식점업,식음료업,44,높음,통과,202605,당월,1
202605,동구,소매업,쇼핑업,38,중간,통과,202605,당월,1
202605,동구,음식점업,식음료업,17,높음,통과,202605,당월,1
202605,동래구,소매업,쇼핑업,86,중간,통과,202605,당월,1
202605,동래구,음식점업,식음료업,45,높음,통과,202605,당월,1
202605,부산진구,소매업,쇼핑업,145,중간,통과,202605,당월,1
202605,부산진구,음식점업,식음료업,90,높음,통과,202605,당월,1
202605,북구,소매업,쇼핑업,66,중간,통과,202605,당월,1
202605,북구,음식점업,식음료업,33,높음,통과,202605,당월,1
202605,사상구,소매업,쇼핑업,56,중간,통과,202605,당월,1
202605,사상구,음식점업,식음료업,31,높음,통과,202605,당월,1
202605,사하구,소매업,쇼핑업,80,중간,통과,202605,당월,1
202605,사하구,음식점업,식음료업,42,높음,통과,202605,당월,1
202605,서구,소매업,쇼핑업,27,중간,통과,202605,당월,1
202605,서구,음식점업,식음료업,12,높음,통과,202605,당월,1
202605,수영구,소매업,쇼핑업,71,중간,통과,202605,당월,1
202605,수영구,음식점업,식음료업,51,높음,통과,202605,당월,1
202605,연제구,소매업,쇼핑업,68,중간,통과,202605,당월,1
202605,연제구,음식점업,식음료업,44,높음,통과,202605,당월,1
202605,영도구,소매업,쇼핑업,25,중간,통과,202605,당월,1
202605,영도구,음식점업,식음료업,19,높음,통과,202605,당월,1
202605,중구,소매업,쇼핑업,31,중간,통과,202605,당월,1
202605,중구,음식점업,식음료업,26,높음,통과,202605,당월,1
202605,해운대구,소매업,쇼핑업,126,중간,통과,202605,당월,1
202605,해운대구,음식점업,식음료업,46,높음,통과,202605,당월,1
