기준연월,시도명,내국인_전체_소비금액(만원),내국인_숙박_소비금액(만원),내국인_여행_소비금액(만원),내국인_운송_소비금액(만원),내국인_쇼핑_소비금액(만원),내국인_여가서비스_소비금액(만원),내국인_의료웰니스_소비금액(만원),내국인_식음료_소비금액(만원),외지인_전체_소비금액(만원),외지인_숙박_소비금액(만원),외지인_여행_소비금액(만원),외지인_운송_소비금액(만원),외지인_쇼핑_소비금액(만원),외지인_여가서비스_소비금액(만원),외지인_의료웰니스_소비금액(만원),외지인_식음료_소비금액(만원),현지인_전체_소비금액(만원),현지인_숙박_소비금액(만원),현지인_여행_소비금액(만원),현지인_운송_소비금액(만원),현지인_쇼핑_소비금액(만원),현지인_여가서비스_소비금액(만원),현지인_의료웰니스_소비금액(만원),현지인_식음료_소비금액(만원)
202301,부산광역시,82700000,2230000,99586.7,11800000,43700000,1680000,1360000,21800000,76200000,1940000,92536.6,11800000,37600000,1560000,1330000,21800000,6520000,286980.1,7050.1,4922.1,6070000,119393.9,32552.4,
202302,부산광역시,74500000,2290000,147438.4,11300000,37100000,1620000,1280000,20700000,68500000,2020000,141785.3,11300000,31600000,1530000,1250000,20700000,5920000,274635.3,5653.1,12810.4,5500000,89289.6,31436.2,
202303,부산광역시,80400000,1880000,108005.4,12200000,41600000,1750000,1520000,21400000,74400000,1650000,100582.3,12200000,35900000,1640000,1500000,21400000,6070000,233981.6,7423.1,6067.8,5690000,104987.5,28165.8,
202304,부산광역시,79800000,2040000,95562.8,11500000,41100000,1800000,1360000,21900000,73700000,1840000,90443.3,11500000,35400000,1690000,1330000,21900000,6050000,200828,5119.5,6678.5,5690000,109862.6,29790.8,
202305,부산광역시,82600000,2320000,120352.6,11500000,41900000,1960000,1460000,23300000,76500000,2110000,113674.1,11500000,36200000,1820000,1420000,23300000,6090000,211458.2,6678.5,4924.2,5700000,134645,35094.9,
202306,부산광역시,78100000,2140000,129980.1,11000000,39300000,1990000,1540000,22000000,72500000,1900000,112836.8,11000000,34200000,1840000,1500000,22000000,5560000,234107.6,17143.2,7781.7,5110000,150894.6,38321.7,
202307,부산광역시,82000000,2700000,137815.7,11400000,40800000,1950000,1500000,23500000,76400000,2440000,133959.2,11400000,35700000,1800000,1470000,23500000,5580000,263644.4,3856.5,10891.1,5120000,147423,29274.8,
202308,부산광역시,84100000,2990000,104199.6,12700000,40400000,2010000,1440000,24500000,79400000,2740000,96121.4,12700000,36100000,1870000,1420000,24500000,4760000,246504.7,8078.2,12469.1,4320000,144836.6,25765.6,
202309,부산광역시,84100000,2160000,111571.5,12800000,43400000,1910000,1480000,22200000,78800000,1950000,106754.2,12800000,38500000,1810000,1460000,22200000,5350000,210435.8,4817.2,11568.9,5000000,104982.2,24867.6,
202310,부산광역시,84700000,2170000,150121,12700000,43600000,1990000,1470000,22700000,78600000,1960000,137140,12600000,37800000,1890000,1430000,22700000,6160000,217566.4,12981,9696.9,5780000,103652.2,31674.9,
202311,부산광역시,78800000,1950000,151967.1,12300000,41100000,1650000,1390000,20300000,72800000,1750000,136462.2,12300000,35400000,1560000,1350000,20300000,5990000,197838.1,15504.9,7056.2,5650000,91445.1,34286.6,
202312,부산광역시,90300000,2860000,131183.9,12500000,46000000,1900000,1670000,25200000,83500000,2560000,120063.1,12500000,39800000,1760000,1600000,25200000,6790000,305520.8,11120.8,10524.4,6250000,143755.7,65785.6,
202401,부산광역시,79700000,2190000,190236.4,11700000,41300000,1550000,1400000,21200000,73600000,1880000,180522.4,11700000,35800000,1440000,1340000,21200000,6070000,305734.2,9714.1,11819.7,5580000,105144.2,53647.8,
202402,부산광역시,78700000,2280000,125801.1,11200000,40700000,1690000,1410000,21200000,73100000,1990000,118195.1,11200000,35600000,1570000,1380000,21200000,5530000,293400.9,7606,8750.1,5070000,120185.1,32528.6,
202403,부산광역시,84800000,2060000,166442.3,12500000,43800000,1900000,1610000,22800000,78900000,1830000,159385.4,12500000,38400000,1760000,1580000,22800000,5890000,230987.7,7056.9,9278.3,5460000,140537.5,35133.4,
202404,부산광역시,78700000,1940000,143506.5,12000000,40200000,1750000,1380000,21300000,72900000,1770000,136648.2,12000000,34700000,1640000,1350000,21300000,5850000,169431.3,6858.3,10263,5520000,113949.5,30346.9,
202405,부산광역시,86400000,2250000,148643.1,13100000,43000000,2060000,1580000,24300000,80600000,2060000,138580,13100000,37600000,1930000,1540000,24300000,5840000,198391.2,10063,16511.1,5440000,131659.8,40452,
202406,부산광역시,81500000,2090000,102633.2,12300000,40600000,1940000,1570000,23000000,75600000,1890000,95804.4,12300000,35000000,1810000,1540000,23000000,5910000,203962.9,6828.8,12878,5520000,130149.2,35409.2,
202407,부산광역시,80800000,2290000,205344.1,13100000,38800000,1820000,1550000,23000000,75500000,2080000,198655.1,13100000,33900000,1690000,1520000,23000000,5310000,212481.1,6689.1,10823.2,4910000,131811.9,30853,
202408,부산광역시,85800000,2710000,163231,13500000,40400000,2050000,1560000,25400000,80800000,2480000,151390.8,13500000,35800000,1920000,1540000,25400000,4970000,227081.6,11840.2,10329.9,4560000,130561.2,25853.3,
202409,부산광역시,84100000,1980000,199669.3,12600000,43700000,1950000,1500000,22200000,78800000,1770000,188080.9,12500000,38800000,1830000,1470000,22200000,5270000,212759.3,11588.4,14533.2,4880000,119709.5,26450.1,
202410,부산광역시,83400000,2010000,185120.9,12900000,42500000,1900000,1500000,22300000,77700000,1790000,174438.9,12900000,37200000,1790000,1470000,22300000,5740000,220536.1,10682,16911,5350000,109242.3,29631,
202411,부산광역시,81800000,2040000,177121.1,12700000,41900000,1680000,1490000,21800000,76200000,1810000,167994.1,12700000,36700000,1590000,1460000,21800000,5660000,229355.5,9127,14211.2,5270000,95177.3,38392.6,
202412,부산광역시,88100000,2400000,173216.6,13300000,44600000,1740000,1680000,24200000,81500000,2120000,161492.1,13300000,38500000,1620000,1610000,24200000,6600000,283449.9,11724.4,15061.4,6100000,124387,65280.2,
202501,부산광역시,86200000,2170000,158183.7,11600000,46200000,1600000,1520000,22900000,79800000,1910000,153898.1,11600000,40200000,1510000,1470000,22900000,6390000,263081.3,4285.6,8550.7,5980000,90545.4,43360.3,
202502,부산광역시,73100000,2120000,187679.6,11600000,36600000,1430000,1440000,19700000,67800000,1810000,176100.1,11600000,31800000,1360000,1400000,19700000,5270000,312255.6,11579.4,11443,4830000,67805.7,38338.9,
202503,부산광역시,82100000,1940000,137691.2,12400000,42200000,1650000,1610000,22100000,76400000,1720000,130691.4,12400000,36800000,1570000,1570000,22100000,5730000,216895.9,6999.8,9152.9,5370000,83971.9,37790.4,
202504,부산광역시,75500000,1730000,164233.8,12000000,37700000,1620000,1450000,20800000,70600000,1530000,144148,12000000,33100000,1530000,1420000,20800000,4960000,205301.4,20085.8,9145.7,4600000,92647.7,31373.9,
202505,부산광역시,89000000,2240000,156556.3,12600000,44900000,2000000,1650000,25400000,82800000,2000000,137615,12600000,39200000,1880000,1600000,25400000,6140000,234893.6,18941.3,11156.6,5710000,118099.8,47402.9,
202506,부산광역시,79100000,1760000,127936.8,11600000,40700000,1740000,1520000,21800000,73100000,1550000,112882.4,11500000,35000000,1650000,1490000,21800000,5980000,210956.2,15054.4,8754.4,5620000,93498.8,35636.5,
202507,부산광역시,84100000,2280000,146307.6,12900000,41100000,1770000,1660000,24200000,78800000,2050000,136019.4,12900000,36200000,1670000,1640000,24200000,5310000,228188.8,10288.2,9994.3,4930000,104071.2,27529.7,
202508,부산광역시,87600000,2610000,182306.4,12500000,41900000,1860000,1750000,26700000,82400000,2390000,173701.9,12500000,37000000,1780000,1720000,26700000,5230000,217215,8604.5,8649.9,4880000,81910.9,29930.1,
202509,부산광역시,80400000,1820000,211230.4,12200000,41300000,1590000,1580000,21700000,75000000,1630000,198640,12200000,36200000,1520000,1550000,21700000,5400000,192477.8,12590.3,9258.9,5090000,70961,25594.5,
202510,부산광역시,93200000,2320000,147419.2,12600000,48000000,2070000,1680000,26500000,87500000,2120000,142016.6,12600000,42600000,1980000,1640000,26500000,5720000,201224.8,5402.6,11191.5,5370000,88672.5,38903.3,
202511,부산광역시,89100000,2060000,198442.3,13400000,46800000,1680000,1700000,23400000,82500000,1810000,187375.3,13400000,40500000,1610000,1660000,23400000,6630000,258804.4,11067,10992.9,6240000,70426.2,39999.4,
202512,부산광역시,93400000,2530000,187803.3,14400000,46600000,1620000,2000000,26000000,86700000,2170000,176941.4,14400000,40500000,1540000,1940000,26000000,6620000,354412.2,10861.9,10684.2,6110000,79820.9,60180.3,
202601,부산광역시,91500000,2220000,168967.6,13700000,47300000,1460000,1660000,24900000,84700000,1890000,159161.1,13700000,40900000,1400000,1610000,24900000,6840000,330691.1,9806.6,9324.8,6390000,59402.1,42076.5,
202602,부산광역시,89000000,2200000,151800.9,12400000,47000000,1640000,1600000,24000000,82200000,1910000,127781.6,12400000,40700000,1570000,1550000,24000000,6750000,287553.6,24019.3,10244.5,6310000,74380.5,45929,
202603,부산광역시,88900000,1950000,242226.2,15800000,44100000,1710000,1770000,23300000,83400000,1700000,225052.6,15800000,39000000,1630000,1730000,23300000,5480000,242386.6,17173.6,19664.3,5070000,87249,36438.3,
202604,부산광역시,85700000,1860000,175497.5,15200000,42100000,1740000,1620000,23000000,80300000,1650000,156445.6,15200000,37100000,1660000,1590000,23000000,5400000,207992.3,19051.9,10478.8,5040000,81219.4,33743.8,
202605,부산광역시,99200000,2450000,169575.1,15500000,49100000,2110000,1890000,28000000,92200000,2200000,145843.6,15500000,42500000,2030000,1840000,28000000,7040000,246078.5,23731.5,12181.4,6610000,87677.7,53002,
202606,부산광역시,86200000,1930000,142249.1,15600000,41600000,1770000,1740000,23400000,80300000,1700000,126207.7,15600000,36100000,1690000,1700000,23400000,5940000,229623.7,16041.4,14994,5560000,75625.2,41843,
