행정구,연월,총 인구수
중구,202301,39333
서구,202301,104509
동구,202301,85794
영도구,202301,107401
부산진구,202301,354486
동래구,202301,272173
남구,202301,255033
북구,202301,277735
해운대구,202301,384188
사하구,202301,300855
금정구,202301,219696
강서구,202301,142731
연제구,202301,202375
수영구,202301,173829
사상구,202301,202937
기장군,202301,178657
중구,202302,39421
서구,202302,104425
동구,202302,85443
영도구,202302,107232
부산진구,202302,355481
동래구,202302,272355
남구,202302,255215
북구,202302,277219
해운대구,202302,383439
사하구,202302,301047
금정구,202302,219358
강서구,202302,142563
연제구,202302,202223
수영구,202302,174100
사상구,202302,202823
기장군,202302,178901
중구,202303,39301
서구,202303,104274
동구,202303,85293
영도구,202303,107081
부산진구,202303,355773
동래구,202303,272196
남구,202303,255182
북구,202303,276915
해운대구,202303,382797
사하구,202303,300902
금정구,202303,219079
강서구,202303,142610
연제구,202303,202296
수영구,202303,174322
사상구,202303,202599
기장군,202303,178711
중구,202304,39192
서구,202304,104212
동구,202304,85090
영도구,202304,106907
부산진구,202304,355772
동래구,202304,272040
남구,202304,255118
북구,202304,276553
해운대구,202304,382264
사하구,202304,300684
금정구,202304,218629
강서구,202304,142653
연제구,202304,202274
수영구,202304,174356
사상구,202304,202580
기장군,202304,178942
중구,202305,39126
서구,202305,104051
동구,202305,84979
영도구,202305,106672
부산진구,202305,355941
동래구,202305,271799
남구,202305,254996
북구,202305,276161
해운대구,202305,381981
사하구,202305,300370
금정구,202305,218334
강서구,202305,142706
연제구,202305,202226
수영구,202305,174410
사상구,202305,202471
기장군,202305,179003
중구,202306,39026
서구,202306,103930
동구,202306,86266
영도구,202306,106473
부산진구,202306,355641
동래구,202306,271603
남구,202306,254647
북구,202306,275870
해운대구,202306,381309
사하구,202306,299901
금정구,202306,217869
강서구,202306,142739
연제구,202306,202123
수영구,202306,174458
사상구,202306,202181
기장군,202306,178948
중구,202307,38866
서구,202307,103781
동구,202307,87177
영도구,202307,106610
부산진구,202307,355443
동래구,202307,271378
남구,202307,254246
북구,202307,275504
해운대구,202307,380997
사하구,202307,299412
금정구,202307,217465
강서구,202307,142651
연제구,202307,202227
수영구,202307,174363
사상구,202307,202044
기장군,202307,178840
중구,202308,38776
서구,202308,103788
동구,202308,87484
영도구,202308,106571
부산진구,202308,355358
동래구,202308,271177
남구,202308,253958
북구,202308,274868
해운대구,202308,380389
사하구,202308,298826
금정구,202308,217003
강서구,202308,142574
연제구,202308,202124
수영구,202308,174412
사상구,202308,202697
기장군,202308,178748
중구,202309,38683
서구,202309,103737
동구,202309,87531
영도구,202309,106480
부산진구,202309,356490
동래구,202309,270888
남구,202309,253463
북구,202309,274160
해운대구,202309,380066
사하구,202309,298403
금정구,202309,216589
강서구,202309,142567
연제구,202309,202079
수영구,202309,174110
사상구,202309,202910
기장군,202309,178732
중구,202310,38549
서구,202310,103766
동구,202310,87495
영도구,202310,106295
부산진구,202310,357516
동래구,202310,270703
남구,202310,253366
북구,202310,273675
해운대구,202310,379440
사하구,202310,297825
금정구,202310,215993
강서구,202310,142459
연제구,202310,202228
수영구,202310,173968
사상구,202310,202598
기장군,202310,178641
중구,202311,38416
서구,202311,103690
동구,202311,87364
영도구,202311,106172
부산진구,202311,357844
동래구,202311,270535
남구,202311,253369
북구,202311,273233
해운대구,202311,378909
사하구,202311,297290
금정구,202311,215485
강서구,202311,142365
연제구,202311,202327
수영구,202311,173642
사상구,202311,202336
기장군,202311,178514
중구,202312,38313
서구,202312,103583
동구,202312,87251
영도구,202312,106033
부산진구,202312,357637
동래구,202312,269857
남구,202312,253049
북구,202312,272768
해운대구,202312,378308
사하구,202312,296785
금정구,202312,214781
강서구,202312,142069
연제구,202312,205081
수영구,202312,173419
사상구,202312,202136
기장군,202312,178287
중구,202401,38172
서구,202401,103384
동구,202401,87078
영도구,202401,105816
부산진구,202401,358193
동래구,202401,268823
남구,202401,253236
북구,202401,272103
해운대구,202401,377584
사하구,202401,295899
금정구,202401,213839
강서구,202401,141793
연제구,202401,208644
수영구,202401,172994
사상구,202401,201594
기장군,202401,177908
중구,202402,38184
서구,202402,103192
동구,202402,86912
영도구,202402,105715
부산진구,202402,359042
동래구,202402,268390
남구,202402,254005
북구,202402,271486
해운대구,202402,376646
사하구,202402,295206
금정구,202402,213371
강서구,202402,141471
연제구,202402,210298
수영구,202402,172876
사상구,202402,201286
기장군,202402,177472
중구,202403,38161
서구,202403,103020
동구,202403,86725
영도구,202403,105593
부산진구,202403,359441
동래구,202403,268072
남구,202403,254376
북구,202403,271105
해운대구,202403,375952
사하구,202403,294723
금정구,202403,213189
강서구,202403,141459
연제구,202403,210733
수영구,202403,172672
사상구,202403,201080
기장군,202403,177177
중구,202404,38084
서구,202404,102778
동구,202404,86626
영도구,202404,105350
부산진구,202404,359501
동래구,202404,267920
남구,202404,254547
북구,202404,270702
해운대구,202404,375583
사하구,202404,294183
금정구,202404,212816
강서구,202404,141785
연제구,202404,211153
수영구,202404,172433
사상구,202404,200855
기장군,202404,176898
중구,202405,37944
서구,202405,102631
동구,202405,86427
영도구,202405,105167
부산진구,202405,359677
동래구,202405,267902
남구,202405,254522
북구,202405,270392
해운대구,202405,374982
사하구,202405,293714
금정구,202405,212613
강서구,202405,142021
연제구,202405,211353
수영구,202405,172291
사상구,202405,200657
기장군,202405,176845
중구,202406,37872
서구,202406,102477
동구,202406,86277
영도구,202406,104926
부산진구,202406,360187
동래구,202406,268158
남구,202406,254742
북구,202406,270005
해운대구,202406,374699
사하구,202406,293240
금정구,202406,212106
강서구,202406,141978
연제구,202406,211392
수영구,202406,172118
사상구,202406,200289
기장군,202406,176685
중구,202407,37785
서구,202407,102348
동구,202407,86178
영도구,202407,104632
부산진구,202407,360034
동래구,202407,268106
남구,202407,254699
북구,202407,269510
해운대구,202407,375050
사하구,202407,292769
금정구,202407,211565
강서구,202407,142292
연제구,202407,211492
수영구,202407,171904
사상구,202407,199882
기장군,202407,176461
중구,202408,37676
서구,202408,102409
동구,202408,85953
영도구,202408,104414
부산진구,202408,359883
동래구,202408,268037
남구,202408,254418
북구,202408,269018
해운대구,202408,375171
사하구,202408,292178
금정구,202408,211235
강서구,202408,142691
연제구,202408,211527
수영구,202408,171768
사상구,202408,199471
기장군,202408,176217
중구,202409,37604
서구,202409,102683
동구,202409,85757
영도구,202409,104172
부산진구,202409,359652
동래구,202409,268146
남구,202409,254327
북구,202409,268636
해운대구,202409,375112
사하구,202409,291716
금정구,202409,211007
강서구,202409,142722
연제구,202409,211729
수영구,202409,171616
사상구,202409,199146
기장군,202409,175949
중구,202410,37447
서구,202410,102827
동구,202410,85607
영도구,202410,103794
부산진구,202410,358965
동래구,202410,270698
남구,202410,254037
북구,202410,267850
해운대구,202410,374549
사하구,202410,291713
금정구,202410,210132
강서구,202410,142591
연제구,202410,211719
수영구,202410,171297
사상구,202410,198677
기장군,202410,175729
중구,202411,37322
서구,202411,102724
동구,202411,85538
영도구,202411,103470
부산진구,202411,357966
동래구,202411,272684
남구,202411,253707
북구,202411,267136
해운대구,202411,374257
사하구,202411,291728
금정구,202411,209563
강서구,202411,142451
연제구,202411,211777
수영구,202411,170942
사상구,202411,198316
기장군,202411,175367
중구,202412,37241
서구,202412,102673
동구,202412,85374
영도구,202412,103241
부산진구,202412,357406
동래구,202412,273403
남구,202412,253428
북구,202412,266853
해운대구,202412,374241
사하구,202412,291433
금정구,202412,209129
강서구,202412,142460
연제구,202412,211893
수영구,202412,170842
사상구,202412,197887
기장군,202412,175163
중구,202501,37170
서구,202501,102556
동구,202501,85326
영도구,202501,103005
부산진구,202501,357298
동래구,202501,273877
남구,202501,252909
북구,202501,266457
해운대구,202501,374080
사하구,202501,291066
금정구,202501,208521
강서구,202501,142540
연제구,202501,211864
수영구,202501,170807
사상구,202501,197521
기장군,202501,175068
중구,202502,37081
서구,202502,102489
동구,202502,85233
영도구,202502,102770
부산진구,202502,359352
동래구,202502,273950
남구,202502,252949
북구,202502,265761
해운대구,202502,373555
사하구,202502,290642
금정구,202502,208717
강서구,202502,142488
연제구,202502,211314
수영구,202502,170403
사상구,202502,197270
기장군,202502,174613
중구,202503,36999
서구,202503,102389
동구,202503,85040
영도구,202503,102541
부산진구,202503,360679
동래구,202503,273829
남구,202503,252556
북구,202503,265206
해운대구,202503,373108
사하구,202503,290213
금정구,202503,208293
강서구,202503,142392
연제구,202503,210836
수영구,202503,170070
사상구,202503,196894
기장군,202503,174482
중구,202504,36902
서구,202504,102258
동구,202504,84703
영도구,202504,102332
부산진구,202504,361900
동래구,202504,273706
남구,202504,252217
북구,202504,264783
해운대구,202504,372606
사하구,202504,289721
금정구,202504,207974
강서구,202504,142313
연제구,202504,210682
수영구,202504,169602
사상구,202504,196516
기장군,202504,174538
중구,202505,36794
서구,202505,102176
동구,202505,84384
영도구,202505,102225
부산진구,202505,362692
동래구,202505,273718
남구,202505,251784
북구,202505,264444
해운대구,202505,372225
사하구,202505,289052
금정구,202505,207684
강서구,202505,143521
연제구,202505,210181
수영구,202505,169381
사상구,202505,196142
기장군,202505,174471
중구,202506,36709
서구,202506,102075
동구,202506,84144
영도구,202506,102024
부산진구,202506,362867
동래구,202506,273527
남구,202506,251349
북구,202506,264090
해운대구,202506,371994
사하구,202506,288403
금정구,202506,207432
강서구,202506,144904
연제구,202506,210442
수영구,202506,169188
사상구,202506,195740
기장군,202506,174421
중구,202507,36648
서구,202507,102025
동구,202507,83931
영도구,202507,101890
부산진구,202507,363174
동래구,202507,273416
남구,202507,250920
북구,202507,263760
해운대구,202507,371807
사하구,202507,287801
금정구,202507,207172
강서구,202507,146541
연제구,202507,210390
수영구,202507,169101
사상구,202507,195263
기장군,202507,174400
중구,202508,36545
서구,202508,101988
동구,202508,83829
영도구,202508,101735
부산진구,202508,363293
동래구,202508,273311
남구,202508,250739
북구,202508,263370
해운대구,202508,371475
사하구,202508,287296
금정구,202508,206864
강서구,202508,147519
연제구,202508,210575
수영구,202508,168855
사상구,202508,194897
기장군,202508,174420
중구,202509,36451
서구,202509,101820
동구,202509,83662
영도구,202509,101602
부산진구,202509,363640
동래구,202509,273146
남구,202509,250485
북구,202509,263057
해운대구,202509,371226
사하구,202509,286767
금정구,202509,206663
강서구,202509,148070
연제구,202509,210938
수영구,202509,168736
사상구,202509,194473
기장군,202509,174413
중구,202510,36366
서구,202510,101692
동구,202510,83505
영도구,202510,101501
부산진구,202510,363798
동래구,202510,272922
남구,202510,250205
북구,202510,262804
해운대구,202510,370907
사하구,202510,286316
금정구,202510,206424
강서구,202510,148631
연제구,202510,211011
수영구,202510,168454
사상구,202510,194155
기장군,202510,174497
중구,202511,36276
서구,202511,101604
동구,202511,83391
영도구,202511,101286
부산진구,202511,363556
동래구,202511,272714
남구,202511,249903
북구,202511,262396
해운대구,202511,370674
사하구,202511,285761
금정구,202511,206112
강서구,202511,149322
연제구,202511,210928
수영구,202511,168249
사상구,202511,193832
기장군,202511,174284
중구,202512,36223
서구,202512,101406
동구,202512,83352
영도구,202512,101104
부산진구,202512,363555
동래구,202512,272339
남구,202512,249640
북구,202512,262076
해운대구,202512,370561
사하구,202512,285207
금정구,202512,205802
강서구,202512,150008
연제구,202512,211062
수영구,202512,168062
사상구,202512,193412
기장군,202512,174429
중구,202601,36156
서구,202601,101157
동구,202601,83268
영도구,202601,100778
부산진구,202601,363573
동래구,202601,272245
남구,202601,250106
북구,202601,261720
해운대구,202601,370358
사하구,202601,284531
금정구,202601,205254
강서구,202601,150557
연제구,202601,211005
수영구,202601,167946
사상구,202601,193051
기장군,202601,174825
중구,202602,36109
서구,202602,101092
동구,202602,83060
영도구,202602,100471
부산진구,202602,363593
동래구,202602,271821
남구,202602,251746
북구,202602,261213
해운대구,202602,370139
사하구,202602,283656
금정구,202602,205154
강서구,202602,151594
연제구,202602,210841
수영구,202602,167775
사상구,202602,192776
기장군,202602,174805
중구,202603,36108
서구,202603,100975
동구,202603,83036
영도구,202603,100267
부산진구,202603,363502
동래구,202603,271239
남구,202603,252761
북구,202603,260766
해운대구,202603,369440
사하구,202603,282958
금정구,202603,205256
강서구,202603,152125
연제구,202603,210764
수영구,202603,167618
사상구,202603,192493
기장군,202603,174820
중구,202604,36118
서구,202604,100838
동구,202604,82981
영도구,202604,100176
부산진구,202604,363371
동래구,202604,270900
남구,202604,252913
북구,202604,260534
해운대구,202604,369127
사하구,202604,282273
금정구,202604,205096
강서구,202604,152538
연제구,202604,210832
수영구,202604,167617
사상구,202604,192220
기장군,202604,174802
중구,202605,36099
서구,202605,100843
동구,202605,82940
영도구,202605,100285
부산진구,202605,363320
동래구,202605,270530
남구,202605,253175
북구,202605,260225
해운대구,202605,368909
사하구,202605,281651
금정구,202605,205185
강서구,202605,152882
연제구,202605,210854
수영구,202605,167549
사상구,202605,192042
기장군,202605,174809
중구,202606,36030
서구,202606,100743
동구,202606,82869
영도구,202606,100111
부산진구,202606,363144
동래구,202606,270200
남구,202606,253413
북구,202606,259973
해운대구,202606,368730
사하구,202606,281189
금정구,202606,204894
강서구,202606,153262
연제구,202606,210806
수영구,202606,167476
사상구,202606,191791
기장군,202606,174793
