연월,행정구,평균이용금액,평균이용건수,건당평균이용금액,30일기준이용금액
202301,강서구,29443.55375,5353,5,179
202301,금정구,11411.598125,3276,3,112
202301,기장군,45315.506,9101,5,162
202301,남구,11622.229411764705,3295,3,114
202301,동구,8248.735,2422,3,102
202301,동래구,20087.997692307694,4996,3,115
202301,부산진구,22741.8715,5597,3,111
202301,북구,20685.135384615387,5311,3,101
202301,사상구,17407.439166666667,4425,3,112
202301,사하구,13226.80875,3839,3,102
202301,서구,7816.953846153846,1745,3,119
202301,수영구,20003.727,4899,3,112
202301,연제구,17185.696666666667,4109,4,120
202301,영도구,5460.915454545455,1735,3,90
202301,중구,13038.22,3003,3,113
202301,해운대구,24411.51388888889,5387,3,112
202302,강서구,32416.727499999997,5722,5,178
202302,금정구,12054.261875,3469,3,111
202302,기장군,46301.392,9702,4,148
202302,남구,11639.479411764705,3476,3,108
202302,동구,8630.629166666668,2626,3,96
202302,동래구,20246.153846153848,5258,3,111
202302,부산진구,23236.738,5910,3,107
202302,북구,19261.09153846154,5436,3,95
202302,사상구,16833.553333333333,4610,3,103
202302,사하구,13685.29125,4055,3,99
202302,서구,8207.456153846153,1889,3,115
202302,수영구,20793.6,5221,3,108
202302,연제구,16216.595000000001,4282,3,110
202302,영도구,5503.556363636364,1844,2,84
202302,중구,12883.147777777778,3155,3,107
202302,해운대구,25512.623333333333,5742,3,109
202303,강서구,30630.2025,5827,5,164
202303,금정구,11978.493124999999,3769,3,107
202303,기장군,45081.148,9656,4,146
202303,남구,11923.440588235293,3788,3,102
202303,동구,8411.329166666666,2568,3,92
202303,동래구,20305.01846153846,5375,3,108
202303,부산진구,22499.5635,5964,3,103
202303,북구,19874.23769230769,5631,3,92
202303,사상구,17018.751666666667,4941,3,98
202303,사하구,13401.821875,4218,3,95
202303,서구,8089.015384615384,1973,3,109
202303,수영구,19923.076999999997,5162,3,105
202303,연제구,15911.667500000001,4380,3,107
202303,영도구,5477.780909090909,1924,2,80
202303,중구,12398.335555555555,3058,3,107
202303,해운대구,24014.68388888889,5561,3,107
202304,강서구,32679.35375,5893,5,168
202304,금정구,11815.858124999999,3765,3,108
202304,기장군,46841.0,10044,4,147
202304,남구,11899.697647058823,3821,3,101
202304,동구,8693.3125,2641,3,92
202304,동래구,20185.087692307694,5469,3,105
202304,부산진구,22277.5575,6020,3,101
202304,북구,19788.783846153845,5659,3,91
202304,사상구,16985.0275,5004,3,96
202304,사하구,13404.710000000001,4294,3,93
202304,서구,8094.0230769230775,1971,3,109
202304,수영구,18982.260000000002,5256,3,100
202304,연제구,15977.129166666666,4446,3,104
202304,영도구,5561.204545454545,1974,2,79
202304,중구,12781.923333333332,3133,3,106
202304,해운대구,24551.60111111111,5703,3,105
202305,강서구,31739.60125,5872,5,165
202305,금정구,12033.785625,3770,3,107
202305,기장군,46035.928,10018,4,146
202305,남구,11791.109411764704,3790,3,101
202305,동구,8822.323333333334,2692,3,91
202305,동래구,20340.636153846157,5460,3,105
202305,부산진구,22526.7365,6101,3,101
202305,북구,19448.79230769231,5608,3,92
202305,사상구,16919.16,4934,3,97
202305,사하구,13573.355625,4290,3,94
202305,서구,8182.783076923077,1993,3,108
202305,수영구,18799.443,5269,3,101
202305,연제구,16096.829166666668,4426,3,105
202305,영도구,5622.738181818182,1987,2,79
202305,중구,12981.798888888889,3183,3,107
202305,해운대구,25128.784444444445,5735,3,107
202306,강서구,31293.5125,6084,5,160
202306,금정구,11946.815625,3802,3,105
202306,기장군,44337.276,10205,4,137
202306,남구,11933.180588235295,3864,3,100
202306,동구,8980.325833333334,2785,3,90
202306,동래구,21072.64153846154,5633,3,106
202306,부산진구,22916.248499999998,6242,3,101
202306,북구,19838.514615384614,5795,3,90
202306,사상구,17017.51,5051,3,95
202306,사하구,13570.968125,4402,3,91
202306,서구,8467.428461538462,2065,3,109
202306,수영구,18995.663,5532,3,98
202306,연제구,16679.166666666668,4540,3,107
202306,영도구,5660.528181818182,2062,2,77
202306,중구,13001.325555555557,3300,3,102
202306,해운대구,25528.96388888889,5993,3,104
202307,강서구,29290.252500000002,5893,5,156
202307,금정구,11467.83375,3528,3,105
202307,기장군,42569.072,9953,4,135
202307,남구,11160.534705882354,3574,3,100
202307,동구,8705.2675,2733,3,90
202307,동래구,20273.136153846157,5406,3,106
202307,부산진구,21993.072500000002,6068,3,101
202307,북구,19393.376153846155,5655,2,89
202307,사상구,16601.555,4800,3,98
202307,사하구,13050.1775,4201,3,91
202307,서구,7676.068461538462,1932,3,107
202307,수영구,18225.702,5435,3,96
202307,연제구,17437.235,4468,3,110
202307,영도구,5332.830909090909,1928,2,76
202307,중구,11964.231111111112,3162,3,99
202307,해운대구,24839.626666666663,5950,3,103
202308,강서구,29534.39,5975,5,156
202308,금정구,11983.602499999999,3593,3,103
202308,기장군,43846.60799999999,10315,4,132
202308,남구,11634.608235294118,3735,3,101
202308,동구,8780.456666666667,2895,2,87
202308,동래구,20421.91076923077,5616,3,103
202308,부산진구,21739.272,6199,3,98
202308,북구,19670.776153846153,5824,2,88
202308,사상구,16810.176666666666,4949,3,96
202308,사하구,13300.738125,4324,3,90
202308,서구,8107.303076923077,2061,3,105
202308,수영구,18790.321,5715,3,95
202308,연제구,16100.0775,4582,3,101
202308,영도구,5655.085454545454,2037,2,78
202308,중구,12172.472222222223,3349,3,96
202308,해운대구,25892.323333333334,6208,3,103
202309,강서구,31307.72625,5938,5,166
202309,금정구,13403.208125,3910,3,111
202309,기장군,48698.39,10149,5,154
202309,남구,12992.628235294118,3969,3,108
202309,동구,9351.887499999999,2812,3,94
202309,동래구,22497.153846153848,5637,3,113
202309,부산진구,24296.2665,6384,3,105
202309,북구,22406.064615384614,5945,3,97
202309,사상구,19370.455833333333,5266,3,104
202309,사하구,14533.20375,4492,3,96
202309,서구,8634.094615384616,2076,3,112
202309,수영구,19953.494,5571,3,103
202309,연제구,19194.435,4687,3,117
202309,영도구,6231.626363636364,2120,2,84
202309,중구,13723.785555555556,3361,3,104
202309,해운대구,26936.548333333332,5906,3,111
202310,강서구,30543.095,5927,5,162
202310,금정구,12242.57625,3885,3,105
202310,기장군,48314.85,10260,4,145
202310,남구,11787.164117647058,3910,3,99
202310,동구,8776.179999999998,2839,2,86
202310,동래구,20813.689230769232,5575,3,106
202310,부산진구,22408.961499999998,6298,3,97
202310,북구,19869.426923076924,5784,3,90
202310,사상구,17240.125,5135,3,95
202310,사하구,13500.946875,4428,3,90
202310,서구,8126.551538461538,2085,3,105
202310,수영구,18394.515,5498,3,97
202310,연제구,17152.725000000002,4560,3,108
202310,영도구,5706.336363636364,2072,2,79
202310,중구,13405.826666666668,3428,3,101
202310,해운대구,25269.315555555557,5806,3,106
202311,강서구,31594.59875,5793,5,173
202311,금정구,13088.113125,3841,3,115
202311,기장군,46228.335999999996,9383,5,153
202311,남구,12212.674705882353,3892,3,104
202311,동구,9064.078333333333,2814,3,90
202311,동래구,21656.81,5423,3,113
202311,부산진구,23533.2595,6280,3,102
202311,북구,19761.09230769231,5626,3,92
202311,사상구,17698.255833333333,5093,3,99
202311,사하구,13686.206875,4299,3,94
202311,서구,8551.053076923077,2043,3,112
202311,수영구,18762.492000000002,5335,3,101
202311,연제구,16719.29333333333,4528,3,108
202311,영도구,5649.820000000001,1994,2,82
202311,중구,13525.876666666667,3325,3,105
202311,해운대구,26355.582222222223,5686,3,111
202312,강서구,30782.142499999998,5667,5,176
202312,금정구,12640.446875,3668,3,119
202312,기장군,49721.594,9625,5,162
202312,남구,12232.716470588235,3742,3,107
202312,동구,9070.464166666667,2771,3,93
202312,동래구,22710.84923076923,5385,3,119
202312,부산진구,24715.188000000002,6307,3,108
202312,북구,20483.967692307695,5627,3,95
202312,사상구,17975.1025,4969,3,103
202312,사하구,13933.7475,4216,3,97
202312,서구,8514.544615384615,1947,3,116
202312,수영구,20331.907,5319,3,108
202312,연제구,17585.406666666666,4471,3,113
202312,영도구,5870.6618181818185,1953,2,85
202312,중구,15128.557777777776,3679,3,107
202312,해운대구,27715.981111111112,5763,3,114
202401,강서구,30030.05125,5546,5,171
202401,금정구,11999.215624999999,3436,3,112
202401,기장군,43253.166000000005,9049,4,149
202401,남구,11648.639411764705,3541,3,108
202401,동구,8675.281666666668,2705,3,90
202401,동래구,22148.782307692305,5339,3,117
202401,부산진구,23737.218,6106,3,108
202401,북구,19851.493076923078,5506,3,94
202401,사상구,16837.265833333335,4726,3,101
202401,사하구,13242.875625,4075,3,95
202401,서구,8580.49,1935,3,116
202401,수영구,20670.477,5247,3,109
202401,연제구,17985.344999999998,4460,3,115
202401,영도구,5564.327272727272,1876,2,84
202401,중구,12890.857777777777,3254,3,104
202401,해운대구,25175.995,5490,3,112
202402,강서구,29310.5925,5546,5,166
202402,금정구,12771.62375,3410,3,114
202402,기장군,46697.134000000005,9480,5,154
202402,남구,11788.708235294118,3548,3,108
202402,동구,8508.155833333332,2721,2,89
202402,동래구,22582.62769230769,5357,3,119
202402,부산진구,23705.8775,6154,3,106
202402,북구,20529.435384615386,5601,3,94
202402,사상구,17681.19583333333,4761,3,105
202402,사하구,13675.399374999999,4149,3,96
202402,서구,8431.669230769232,1923,3,117
202402,수영구,21549.93,5325,3,110
202402,연제구,17569.454166666666,4511,3,113
202402,영도구,5776.492727272727,1923,2,84
202402,중구,13145.944444444445,3291,3,104
202402,해운대구,25797.125555555554,5520,3,113
202403,강서구,29296.87875,5799,5,160
202403,금정구,12555.306875,3754,3,109
202403,기장군,45968.032,9732,4,145
202403,남구,11934.14705882353,3880,3,101
202403,동구,8507.2575,2765,2,84
202403,동래구,21834.11846153846,5589,3,110
202403,부산진구,22806.7905,6323,3,100
202403,북구,19986.728461538463,5776,2,89
202403,사상구,17126.588333333333,5041,3,95
202403,사하구,13439.11375,4366,3,90
202403,서구,7560.006153846154,1980,3,106
202403,수영구,20716.681,5388,3,104
202403,연제구,17058.636666666665,4656,3,105
202403,영도구,5698.358181818182,2023,2,79
202403,중구,12895.42,3323,3,104
202403,해운대구,24402.95666666667,5559,3,106
202404,강서구,29152.5025,5973,5,157
202404,금정구,12433.698124999999,3927,3,105
202404,기장군,44911.006,9841,4,143
202404,남구,11923.32705882353,4023,3,98
202404,동구,8726.620833333332,2863,2,82
202404,동래구,21906.472307692307,5779,3,107
202404,부산진구,22868.601499999997,6525,3,97
202404,북구,19662.18846153846,5901,2,87
202404,사상구,17067.878333333334,5191,3,92
202404,사하구,13623.518125,4572,2,88
202404,서구,7895.400000000001,2096,3,103
202404,수영구,20807.395,5644,3,101
202404,연제구,16790.744166666667,4831,3,100
202404,영도구,5738.618181818182,2095,2,77
202404,중구,12729.71,3333,3,101
202404,해운대구,24464.059444444443,5688,3,104
202405,강서구,28639.26125,5998,5,153
202405,금정구,12940.973125,3966,3,107
202405,기장군,46736.454000000005,10351,4,142
202405,남구,12084.174117647059,4017,3,99
202405,동구,8812.861666666666,2920,2,81
202405,동래구,22071.438461538462,5867,3,107
202405,부산진구,23140.36,6646,3,97
202405,북구,19984.89307692308,5978,2,87
202405,사상구,17191.287500000002,5195,3,93
202405,사하구,14106.97875,4637,2,89
202405,서구,7921.6030769230765,2102,3,103
202405,수영구,20624.94,5810,3,100
202405,연제구,17423.8775,4866,3,104
202405,영도구,5976.219090909091,2154,2,77
202405,중구,13313.272222222222,3503,3,100
202405,해운대구,25232.76722222222,5827,3,104
202406,강서구,28327.94,6029,5,151
202406,금정구,12250.6425,3869,3,104
202406,기장군,44261.840000000004,10098,4,136
202406,남구,11984.38411764706,4060,3,98
202406,동구,8796.419166666667,2964,2,82
202406,동래구,21829.843846153843,5915,3,104
202406,부산진구,22188.0515,6527,3,95
202406,북구,19750.865384615383,5995,2,86
202406,사상구,17023.37,5197,3,92
202406,사하구,13801.313125,4624,2,87
202406,서구,7751.4353846153845,2093,3,100
202406,수영구,18783.349,5650,3,96
202406,연제구,17114.0775,4898,3,102
202406,영도구,5891.069090909091,2168,2,76
202406,중구,12761.705555555556,3473,3,96
202406,해운대구,24926.167222222222,5958,3,101
202407,강서구,28678.96125,6066,5,151
202407,금정구,11815.6075,3685,3,102
202407,기장군,43133.824,9985,4,133
202407,남구,11947.380588235294,3907,3,100
202407,동구,8633.474166666665,2959,2,81
202407,동래구,21866.681538461537,5862,3,106
202407,부산진구,22662.701,6536,3,97
202407,북구,19954.39846153846,5995,2,86
202407,사상구,17069.083333333332,5131,3,93
202407,사하구,13833.09125,4596,2,88
202407,서구,8258.985384615384,2119,3,104
202407,수영구,19073.298,5828,3,95
202407,연제구,17321.658333333333,4974,3,102
202407,영도구,5848.249090909091,2106,2,77
202407,중구,12561.221111111112,3476,3,95
202407,해운대구,25109.14777777778,6087,3,101
202408,강서구,28577.943750000002,6148,4,148
202408,금정구,12291.94,3693,3,102
202408,기장군,45419.676,10523,4,132
202408,남구,12130.789999999999,3981,3,100
202408,동구,8635.928333333333,3046,2,80
202408,동래구,22355.42076923077,5965,3,105
202408,부산진구,22460.787,6626,3,96
202408,북구,20426.415384615382,6092,2,86
202408,사상구,17333.14416666667,5191,3,94
202408,사하구,14074.31,4642,2,88
202408,서구,8273.987692307692,2172,3,101
202408,수영구,19112.451,5922,3,95
202408,연제구,17355.130833333333,5027,3,99
202408,영도구,6042.881818181818,2186,2,77
202408,중구,12713.47,3634,3,93
202408,해운대구,26275.434444444443,6469,3,99
202409,강서구,36359.47375,5911,5,169
202409,금정구,12823.1075,3822,3,107
202409,기장군,49173.214,10375,5,150
202409,남구,12400.228235294118,4056,3,100
202409,동구,9526.4475,3036,2,85
202409,동래구,22590.17538461538,5840,3,109
202409,부산진구,23008.017499999998,6462,3,99
202409,북구,21477.956153846153,5955,3,92
202409,사상구,18053.0025,5220,3,99
202409,사하구,14106.54375,4559,3,91
202409,서구,8236.714615384615,2130,3,105
202409,수영구,18477.603,5465,3,99
202409,연제구,18641.071666666667,4862,3,117
202409,영도구,6156.830000000001,2150,2,80
202409,중구,13424.043333333333,3446,3,102
202409,해운대구,26354.924444444445,5912,3,106
202410,강서구,36326.4,5929,5,166
202410,금정구,11894.85125,3826,3,104
202410,기장군,47070.544,9989,4,146
202410,남구,11871.665294117647,4046,3,97
202410,동구,9199.4925,2980,2,83
202410,동래구,21529.867692307693,5616,3,108
202410,부산진구,21966.3215,6388,3,95
202410,북구,20231.596923076922,5921,2,87
202410,사상구,16976.0375,5164,3,92
202410,사하구,13427.716875,4501,2,88
202410,서구,8213.314615384616,2122,3,105
202410,수영구,17552.760000000002,5371,3,97
202410,연제구,16967.288333333334,4815,3,104
202410,영도구,5693.419090909091,2089,2,77
202410,중구,13101.964444444444,3431,3,101
202410,해운대구,24748.510555555556,5804,3,102
202411,강서구,46999.14125,6133,6,186
202411,금정구,13216.180624999999,4115,3,108
202411,기장군,50194.496,10344,5,151
202411,남구,12924.30411764706,4342,3,98
202411,동구,9674.554166666667,3139,2,84
202411,동래구,23039.86076923077,5982,3,108
202411,부산진구,24539.007,6845,3,98
202411,북구,20798.066923076924,6087,2,89
202411,사상구,18040.210833333334,5445,3,93
202411,사하구,14499.219375,4782,2,89
202411,서구,8581.489230769232,2208,3,105
202411,수영구,18691.349,5726,3,97
202411,연제구,17870.850833333334,5043,3,105
202411,영도구,6049.629999999999,2193,2,79
202411,중구,14287.376666666667,3674,3,104
202411,해운대구,26713.594444444447,6136,3,103
202412,강서구,39188.012500000004,5975,6,183
202412,금정구,13136.8075,3899,3,116
202412,기장군,52340.534,10073,5,163
202412,남구,13277.276470588235,4201,3,105
202412,동구,9887.999166666666,3009,2,89
202412,동래구,24245.43,5885,3,116
202412,부산진구,25620.716999999997,6728,3,104
202412,북구,21557.705384615383,5952,3,94
202412,사상구,18633.974166666667,5255,3,100
202412,사하구,14780.48,4596,3,95
202412,서구,8843.158461538462,2131,3,114
202412,수영구,19599.43,5645,3,104
202412,연제구,18622.484166666665,4900,3,112
202412,영도구,6413.196363636364,2158,2,86
202412,중구,15496.46111111111,3856,3,106
202412,해운대구,28523.393888888888,6049,3,111
202501,강서구,28980.59125,5759,5,162
202501,금정구,12492.3175,3601,3,110
202501,기장군,50608.026,10031,5,161
202501,남구,12553.027647058823,3853,3,108
202501,동구,9204.833333333332,2893,2,89
202501,동래구,24405.63076923077,5847,3,117
202501,부산진구,25098.161,6603,3,105
202501,북구,22619.915384615386,6005,3,96
202501,사상구,17954.368333333336,4997,3,102
202501,사하구,14444.54625,4409,3,97
202501,서구,8430.049230769231,2015,3,112
202501,수영구,19407.568,5723,3,102
202501,연제구,18161.7475,4801,3,110
202501,영도구,6334.377272727273,2083,2,86
202501,중구,14517.247777777777,3632,3,107
202501,해운대구,28004.05222222222,5880,3,115
202502,강서구,26466.0175,5376,5,167
202502,금정구,12346.951875,3613,3,108
202502,기장군,44802.062,9583,4,144
202502,남구,12349.1,3919,3,104
202502,동구,9519.809166666668,3014,2,89
202502,동래구,23448.720769230767,5822,3,113
202502,부산진구,24504.126500000002,6641,3,102
202502,북구,20688.726153846153,5898,3,90
202502,사상구,16891.828333333335,4943,3,96
202502,사하구,14035.239375000001,4384,3,94
202502,서구,8573.013846153846,2056,3,112
202502,수영구,18473.228,5683,3,98
202502,연제구,17589.258333333335,4857,3,107
202502,영도구,5849.7190909090905,2029,2,82
202502,중구,13157.194444444445,3533,3,101
202502,해운대구,27819.179444444442,5893,3,114
202503,강서구,26054.03875,5496,5,156
202503,금정구,12581.495,4040,3,104
202503,기장군,46607.36,9981,4,145
202503,남구,12427.949411764706,4303,3,96
202503,동구,9052.279166666665,2987,2,81
202503,동래구,22280.46076923077,6051,3,105
202503,부산진구,23294.853,6792,3,96
202503,북구,20772.615384615383,6147,2,86
202503,사상구,17226.908333333333,5370,3,90
202503,사하구,14110.116875,4672,2,89
202503,서구,8274.917692307692,2172,3,105
202503,수영구,17887.533000000003,5744,3,94
202503,연제구,17038.066666666666,4994,3,99
202503,영도구,5887.916363636364,2146,2,79
202503,중구,13162.024444444445,3556,3,100
202503,해운대구,26317.885555555556,5846,3,113
202504,강서구,26659.105,5771,5,152
202504,금정구,12865.153124999999,4266,3,102
202504,기장군,45786.89,10218,4,140
202504,남구,12671.32705882353,4501,3,95
202504,동구,9456.133333333333,3115,2,82
202504,동래구,23345.646923076925,6373,3,104
202504,부산진구,23706.209,7029,3,94
202504,북구,21006.107692307694,6344,2,86
202504,사상구,17770.090833333332,5588,3,90
202504,사하구,14453.886875,4880,2,88
202504,서구,8979.604615384615,2348,3,106
202504,수영구,18422.042999999998,5921,3,93
202504,연제구,17579.149999999998,5203,3,100
202504,영도구,5951.730909090909,2227,2,75
202504,중구,13293.521111111111,3650,3,96
202504,해운대구,26717.250555555554,6059,3,111
202505,강서구,25967.56625,5751,4,148
202505,금정구,12737.459375,4191,3,100
202505,기장군,49874.752,10836,4,144
202505,남구,12606.748235294117,4374,3,95
202505,동구,9562.323333333334,3174,2,81
202505,동래구,23491.404615384618,6402,3,104
202505,부산진구,24068.0685,7183,3,94
202505,북구,21178.17923076923,6371,2,85
202505,사상구,17428.4275,5476,3,90
202505,사하구,14352.158125,4844,2,87
202505,서구,8514.07923076923,2263,3,103
202505,수영구,19162.713,6211,3,93
202505,연제구,17145.135833333334,5127,3,97
202505,영도구,6241.070000000001,2268,2,77
202505,중구,14196.887777777778,3893,3,98
202505,해운대구,26927.827222222222,6265,3,107
202506,강서구,25294.751249999998,5824,4,142
202506,금정구,12281.7575,4148,3,97
202506,기장군,45997.476,10624,4,135
202506,남구,12472.248235294117,4438,3,93
202506,동구,9269.661666666667,3164,2,80
202506,동래구,23155.417692307692,6450,3,102
202506,부산진구,23588.0085,7133,3,93
202506,북구,21269.75153846154,6438,2,84
202506,사상구,17200.523333333334,5485,2,89
202506,사하구,14075.203125,4838,2,86
202506,서구,8639.53,2287,3,104
202506,수영구,18335.876,6101,3,90
202506,연제구,17179.759166666667,5196,3,96
202506,영도구,6042.725454545454,2269,2,75
202506,중구,13356.67888888889,3794,3,93
202506,해운대구,26008.08111111111,6280,3,103
202507,강서구,26076.2075,6010,4,144
202507,금정구,12232.321875,3966,3,99
202507,기장군,46009.678,10707,4,134
202507,남구,12491.223529411765,4296,3,95
202507,동구,9537.908333333333,3313,2,79
202507,동래구,23528.763076923075,6540,3,103
202507,부산진구,24463.468,7392,3,94
202507,북구,21687.606153846154,6527,2,85
202507,사상구,17412.318333333333,5477,3,90
202507,사하구,14446.155625,4892,2,87
202507,서구,9155.503076923078,2354,3,105
202507,수영구,19140.316,6392,3,90
202507,연제구,17692.5925,5335,3,97
202507,영도구,6157.110909090909,2303,2,75
202507,중구,13483.18,3960,3,92
202507,해운대구,26585.492222222223,6651,3,101
202508,강서구,24837.445,5938,4,137
202508,금정구,11685.683125,3838,3,96
202508,기장군,46786.35,11117,4,133
202508,남구,11854.369411764706,4206,3,91
202508,동구,9102.271666666666,3315,2,76
202508,동래구,22232.386923076927,6455,3,98
202508,부산진구,23117.5925,7340,3,90
202508,북구,20681.92538461538,6379,2,82
202508,사상구,16406.149166666666,5335,2,87
202508,사하구,13844.20875,4743,2,85
202508,서구,8434.405384615386,2279,3,100
202508,수영구,18964.905,6487,2,89
202508,연제구,16400.62,5152,3,92
202508,영도구,5903.76,2264,2,73
202508,중구,13108.28888888889,4031,2,88
202508,해운대구,26062.555,6688,3,99
202509,강서구,28208.8125,6035,5,151
202509,금정구,13213.591875,4298,3,102
202509,기장군,48149.234000000004,10509,4,147
202509,남구,13503.908823529413,4579,3,97
202509,동구,9973.977499999999,3266,2,82
202509,동래구,24397.779230769233,6515,3,107
202509,부산진구,25770.0345,7476,3,97
202509,북구,22971.816923076924,6557,2,89
202509,사상구,18761.826666666664,5674,3,94
202509,사하구,15151.0575,4974,3,91
202509,서구,9755.251538461538,2456,3,109
202509,수영구,19745.15,6156,3,96
202509,연제구,18991.283333333333,5354,3,105
202509,영도구,6412.276363636364,2332,2,78
202509,중구,14463.203333333333,3955,3,97
202509,해운대구,27517.826666666668,6448,3,106
202510,강서구,26586.395,5898,4,142
202510,금정구,12219.154375,4079,3,99
202510,기장군,53067.9,11044,5,152
202510,남구,12144.388235294118,4320,3,93
202510,동구,9419.755,3127,2,83
202510,동래구,22768.905384615387,6282,3,103
202510,부산진구,24537.2475,7313,3,95
202510,북구,22250.201538461537,6439,2,87
202510,사상구,17282.319166666668,5389,3,91
202510,사하구,14173.636875,4761,2,88
202510,서구,8772.403076923076,2296,3,104
202510,수영구,18953.534999999996,6166,3,93
202510,연제구,17107.5425,5071,3,98
202510,영도구,6083.202727272727,2254,2,78
202510,중구,14853.769999999999,4161,3,95
202510,해운대구,26492.893333333333,6328,3,103
202511,강서구,28288.997499999998,5988,5,155
202511,금정구,13512.84625,4333,3,104
202511,기장군,52374.25,10772,5,154
202511,남구,13241.950588235295,4558,3,96
202511,동구,10207.9075,3256,2,85
202511,동래구,24433.98153846154,6576,3,107
202511,부산진구,26215.250500000002,7616,3,97
202511,북구,22441.653846153848,6510,2,88
202511,사상구,17990.00333333333,5545,3,92
202511,사하구,14872.985625,4857,3,91
202511,서구,9206.503846153846,2382,3,105
202511,수영구,19723.358,6218,3,95
202511,연제구,18069.433333333334,5334,3,99
202511,영도구,6221.796363636363,2274,2,78
202511,중구,15002.921111111113,4037,3,100
202511,해운대구,28328.412777777776,6472,3,107
202512,강서구,31472.96875,6066,5,168
202512,금정구,13421.493125,4188,3,110
202512,기장군,51356.924,10488,5,156
202512,남구,14042.61117647059,4564,3,100
202512,동구,10731.410833333333,3291,3,93
202512,동래구,26343.47923076923,6568,3,114
202512,부산진구,28066.0605,7657,3,104
202512,북구,22105.533846153845,6231,3,92
202512,사상구,19225.078333333335,5457,3,100
202512,사하구,15380.9375,4777,3,95
202512,서구,10429.414615384616,2344,3,118
202512,수영구,21373.017,6145,3,103
202512,연제구,19266.519166666665,5299,3,106
202512,영도구,6584.295454545455,2268,2,82
202512,중구,16508.161111111112,4237,3,103
202512,해운대구,30489.541666666668,6577,3,111
