연월,행정구,신설법인수
202201,강서구,59
202201,금정구,28
202201,기장군,27
202201,남구,36
202201,동구,20
202201,동래구,30
202201,부산진구,62
202201,북구,27
202201,사상구,16
202201,사하구,17
202201,서구,6
202201,수영구,40
202201,연제구,36
202201,영도구,12
202201,중구,18
202201,해운대구,118
202202,강서구,34
202202,금정구,29
202202,기장군,23
202202,남구,40
202202,동구,19
202202,동래구,28
202202,부산진구,52
202202,북구,26
202202,사상구,32
202202,사하구,19
202202,서구,6
202202,수영구,30
202202,연제구,25
202202,영도구,8
202202,중구,23
202202,해운대구,77
202203,강서구,58
202203,금정구,26
202203,기장군,25
202203,남구,34
202203,동구,21
202203,동래구,43
202203,부산진구,54
202203,북구,35
202203,사상구,40
202203,사하구,21
202203,서구,12
202203,수영구,35
202203,연제구,54
202203,영도구,4
202203,중구,20
202203,해운대구,103
202204,강서구,54
202204,금정구,35
202204,기장군,24
202204,남구,40
202204,동구,22
202204,동래구,50
202204,부산진구,74
202204,북구,44
202204,사상구,19
202204,사하구,26
202204,서구,10
202204,수영구,38
202204,연제구,44
202204,영도구,12
202204,중구,20
202204,해운대구,112
202205,강서구,48
202205,금정구,35
202205,기장군,31
202205,남구,53
202205,동구,21
202205,동래구,34
202205,부산진구,63
202205,북구,30
202205,사상구,41
202205,사하구,25
202205,서구,6
202205,수영구,37
202205,연제구,35
202205,영도구,5
202205,중구,17
202205,해운대구,117
202206,강서구,63
202206,금정구,22
202206,기장군,32
202206,남구,39
202206,동구,22
202206,동래구,38
202206,부산진구,45
202206,북구,19
202206,사상구,21
202206,사하구,22
202206,서구,12
202206,수영구,32
202206,연제구,30
202206,영도구,10
202206,중구,13
202206,해운대구,96
202207,강서구,51
202207,금정구,23
202207,기장군,22
202207,남구,29
202207,동구,19
202207,동래구,27
202207,부산진구,50
202207,북구,11
202207,사상구,27
202207,사하구,15
202207,서구,13
202207,수영구,32
202207,연제구,37
202207,영도구,12
202207,중구,22
202207,해운대구,98
202208,강서구,52
202208,금정구,19
202208,기장군,25
202208,남구,27
202208,동구,33
202208,동래구,22
202208,부산진구,44
202208,북구,11
202208,사상구,21
202208,사하구,24
202208,서구,12
202208,수영구,26
202208,연제구,30
202208,영도구,12
202208,중구,25
202208,해운대구,74
202209,강서구,43
202209,금정구,24
202209,기장군,14
202209,남구,22
202209,동구,29
202209,동래구,16
202209,부산진구,28
202209,북구,9
202209,사상구,28
202209,사하구,15
202209,서구,4
202209,수영구,17
202209,연제구,31
202209,영도구,6
202209,중구,16
202209,해운대구,79
202210,강서구,38
202210,금정구,19
202210,기장군,21
202210,남구,20
202210,동구,13
202210,동래구,16
202210,부산진구,45
202210,북구,14
202210,사상구,16
202210,사하구,20
202210,서구,10
202210,수영구,21
202210,연제구,25
202210,영도구,6
202210,중구,17
202210,해운대구,71
202211,강서구,51
202211,금정구,12
202211,기장군,20
202211,남구,25
202211,동구,15
202211,동래구,19
202211,부산진구,40
202211,북구,9
202211,사상구,16
202211,사하구,17
202211,서구,9
202211,수영구,17
202211,연제구,15
202211,영도구,7
202211,중구,19
202211,해운대구,55
202212,강서구,53
202212,금정구,22
202212,기장군,20
202212,남구,25
202212,동구,17
202212,동래구,24
202212,부산진구,48
202212,북구,12
202212,사상구,34
202212,사하구,10
202212,서구,11
202212,수영구,13
202212,연제구,26
202212,영도구,9
202212,중구,16
202212,해운대구,61
202301,강서구,39
202301,금정구,24
202301,기장군,21
202301,남구,21
202301,동구,28
202301,동래구,26
202301,부산진구,43
202301,북구,9
202301,사상구,34
202301,사하구,20
202301,서구,8
202301,수영구,20
202301,연제구,26
202301,영도구,11
202301,중구,18
202301,해운대구,52
202302,강서구,48
202302,금정구,14
202302,기장군,24
202302,남구,41
202302,동구,23
202302,동래구,22
202302,부산진구,43
202302,북구,15
202302,사상구,20
202302,사하구,18
202302,서구,12
202302,수영구,23
202302,연제구,33
202302,영도구,6
202302,중구,12
202302,해운대구,61
202303,강서구,41
202303,금정구,22
202303,기장군,27
202303,남구,18
202303,동구,21
202303,동래구,22
202303,부산진구,49
202303,북구,19
202303,사상구,24
202303,사하구,11
202303,서구,7
202303,수영구,23
202303,연제구,33
202303,영도구,8
202303,중구,18
202303,해운대구,70
202304,강서구,48
202304,금정구,24
202304,기장군,22
202304,남구,26
202304,동구,17
202304,동래구,19
202304,부산진구,37
202304,북구,13
202304,사상구,13
202304,사하구,28
202304,서구,10
202304,수영구,13
202304,연제구,24
202304,영도구,7
202304,중구,13
202304,해운대구,63
202305,강서구,42
202305,금정구,24
202305,기장군,17
202305,남구,29
202305,동구,30
202305,동래구,29
202305,부산진구,28
202305,북구,9
202305,사상구,25
202305,사하구,16
202305,서구,5
202305,수영구,29
202305,연제구,31
202305,영도구,11
202305,중구,9
202305,해운대구,47
202306,강서구,43
202306,금정구,10
202306,기장군,23
202306,남구,22
202306,동구,16
202306,동래구,20
202306,부산진구,39
202306,북구,18
202306,사상구,27
202306,사하구,25
202306,서구,7
202306,수영구,23
202306,연제구,26
202306,영도구,8
202306,중구,14
202306,해운대구,64
202307,강서구,54
202307,금정구,17
202307,기장군,22
202307,남구,24
202307,동구,21
202307,동래구,30
202307,부산진구,42
202307,북구,11
202307,사상구,29
202307,사하구,18
202307,서구,7
202307,수영구,21
202307,연제구,26
202307,영도구,3
202307,중구,13
202307,해운대구,74
202308,강서구,42
202308,금정구,19
202308,기장군,17
202308,남구,18
202308,동구,24
202308,동래구,17
202308,부산진구,36
202308,북구,12
202308,사상구,22
202308,사하구,24
202308,서구,7
202308,수영구,23
202308,연제구,20
202308,영도구,6
202308,중구,13
202308,해운대구,56
202309,강서구,38
202309,금정구,17
202309,기장군,37
202309,남구,18
202309,동구,20
202309,동래구,22
202309,부산진구,33
202309,북구,17
202309,사상구,27
202309,사하구,13
202309,서구,2
202309,수영구,20
202309,연제구,18
202309,영도구,7
202309,중구,16
202309,해운대구,62
202310,강서구,51
202310,금정구,20
202310,기장군,13
202310,남구,22
202310,동구,19
202310,동래구,17
202310,부산진구,31
202310,북구,10
202310,사상구,16
202310,사하구,22
202310,서구,9
202310,수영구,16
202310,연제구,25
202310,영도구,9
202310,중구,12
202310,해운대구,47
202311,강서구,43
202311,금정구,16
202311,기장군,19
202311,남구,21
202311,동구,15
202311,동래구,24
202311,부산진구,29
202311,북구,12
202311,사상구,31
202311,사하구,23
202311,서구,6
202311,수영구,16
202311,연제구,34
202311,영도구,8
202311,중구,13
202311,해운대구,56
202312,강서구,44
202312,금정구,22
202312,기장군,18
202312,남구,22
202312,동구,12
202312,동래구,19
202312,부산진구,31
202312,북구,12
202312,사상구,33
202312,사하구,20
202312,서구,6
202312,수영구,20
202312,연제구,21
202312,영도구,5
202312,중구,16
202312,해운대구,45
202401,강서구,74
202401,금정구,21
202401,기장군,39
202401,남구,33
202401,동구,26
202401,동래구,31
202401,부산진구,42
202401,북구,17
202401,사상구,26
202401,사하구,21
202401,서구,10
202401,수영구,27
202401,연제구,24
202401,영도구,8
202401,중구,16
202401,해운대구,67
202402,강서구,47
202402,금정구,18
202402,기장군,21
202402,남구,22
202402,동구,16
202402,동래구,17
202402,부산진구,31
202402,북구,11
202402,사상구,14
202402,사하구,18
202402,서구,4
202402,수영구,15
202402,연제구,26
202402,영도구,7
202402,중구,9
202402,해운대구,59
202403,강서구,36
202403,금정구,14
202403,기장군,15
202403,남구,28
202403,동구,17
202403,동래구,27
202403,부산진구,39
202403,북구,16
202403,사상구,15
202403,사하구,23
202403,서구,13
202403,수영구,13
202403,연제구,19
202403,영도구,9
202403,중구,10
202403,해운대구,74
202404,강서구,50
202404,금정구,26
202404,기장군,20
202404,남구,24
202404,동구,26
202404,동래구,9
202404,부산진구,52
202404,북구,16
202404,사상구,20
202404,사하구,22
202404,서구,3
202404,수영구,24
202404,연제구,21
202404,영도구,10
202404,중구,16
202404,해운대구,51
202405,강서구,48
202405,금정구,25
202405,기장군,16
202405,남구,21
202405,동구,23
202405,동래구,23
202405,부산진구,36
202405,북구,11
202405,사상구,16
202405,사하구,17
202405,서구,5
202405,수영구,17
202405,연제구,23
202405,영도구,6
202405,중구,10
202405,해운대구,74
202406,강서구,38
202406,금정구,17
202406,기장군,25
202406,남구,31
202406,동구,14
202406,동래구,23
202406,부산진구,29
202406,북구,7
202406,사상구,17
202406,사하구,12
202406,서구,2
202406,수영구,12
202406,연제구,21
202406,영도구,12
202406,중구,13
202406,해운대구,64
202407,강서구,58
202407,금정구,24
202407,기장군,27
202407,남구,21
202407,동구,20
202407,동래구,35
202407,부산진구,36
202407,북구,13
202407,사상구,12
202407,사하구,23
202407,서구,3
202407,수영구,27
202407,연제구,21
202407,영도구,6
202407,중구,14
202407,해운대구,71
202408,강서구,32
202408,금정구,20
202408,기장군,17
202408,남구,22
202408,동구,16
202408,동래구,18
202408,부산진구,33
202408,북구,11
202408,사상구,14
202408,사하구,19
202408,서구,6
202408,수영구,14
202408,연제구,16
202408,영도구,7
202408,중구,13
202408,해운대구,58
202409,강서구,32
202409,금정구,8
202409,기장군,17
202409,남구,30
202409,동구,7
202409,동래구,23
202409,부산진구,16
202409,북구,11
202409,사상구,21
202409,사하구,23
202409,서구,5
202409,수영구,17
202409,연제구,16
202409,영도구,11
202409,중구,5
202409,해운대구,51
202410,강서구,40
202410,금정구,14
202410,기장군,33
202410,남구,32
202410,동구,16
202410,동래구,27
202410,부산진구,34
202410,북구,11
202410,사상구,18
202410,사하구,17
202410,서구,11
202410,수영구,25
202410,연제구,26
202410,영도구,7
202410,중구,11
202410,해운대구,53
202411,강서구,40
202411,금정구,14
202411,기장군,18
202411,남구,26
202411,동구,30
202411,동래구,21
202411,부산진구,39
202411,북구,8
202411,사상구,30
202411,사하구,32
202411,서구,3
202411,수영구,16
202411,연제구,26
202411,영도구,9
202411,중구,17
202411,해운대구,57
202412,강서구,57
202412,금정구,20
202412,기장군,22
202412,남구,31
202412,동구,9
202412,동래구,26
202412,부산진구,35
202412,북구,11
202412,사상구,27
202412,사하구,25
202412,서구,8
202412,수영구,13
202412,연제구,14
202412,영도구,8
202412,중구,14
202412,해운대구,52
202501,강서구,51
202501,금정구,15
202501,기장군,30
202501,남구,25
202501,동구,16
202501,동래구,21
202501,부산진구,30
202501,북구,14
202501,사상구,20
202501,사하구,11
202501,서구,4
202501,수영구,55
202501,연제구,12
202501,영도구,7
202501,중구,11
202501,해운대구,50
202502,강서구,48
202502,금정구,21
202502,기장군,27
202502,남구,20
202502,동구,16
202502,동래구,21
202502,부산진구,30
202502,북구,19
202502,사상구,19
202502,사하구,23
202502,서구,9
202502,수영구,39
202502,연제구,17
202502,영도구,3
202502,중구,11
202502,해운대구,59
202503,강서구,37
202503,금정구,19
202503,기장군,17
202503,남구,27
202503,동구,16
202503,동래구,18
202503,부산진구,34
202503,북구,13
202503,사상구,23
202503,사하구,19
202503,서구,6
202503,수영구,74
202503,연제구,17
202503,영도구,6
202503,중구,9
202503,해운대구,47
202504,강서구,37
202504,금정구,21
202504,기장군,15
202504,남구,26
202504,동구,19
202504,동래구,27
202504,부산진구,30
202504,북구,7
202504,사상구,16
202504,사하구,24
202504,서구,10
202504,수영구,18
202504,연제구,17
202504,영도구,6
202504,중구,16
202504,해운대구,63
202505,강서구,48
202505,금정구,22
202505,기장군,15
202505,남구,40
202505,동구,12
202505,동래구,31
202505,부산진구,45
202505,북구,7
202505,사상구,19
202505,사하구,17
202505,서구,6
202505,수영구,28
202505,연제구,20
202505,영도구,5
202505,중구,11
202505,해운대구,47
202506,강서구,45
202506,금정구,16
202506,기장군,19
202506,남구,23
202506,동구,19
202506,동래구,23
202506,부산진구,29
202506,북구,20
202506,사상구,16
202506,사하구,8
202506,서구,10
202506,수영구,47
202506,연제구,34
202506,영도구,5
202506,중구,18
202506,해운대구,48
202507,강서구,47
202507,금정구,32
202507,기장군,23
202507,남구,22
202507,동구,15
202507,동래구,21
202507,부산진구,36
202507,북구,53
202507,사상구,24
202507,사하구,23
202507,서구,9
202507,수영구,33
202507,연제구,23
202507,영도구,8
202507,중구,15
202507,해운대구,73
202508,강서구,44
202508,금정구,17
202508,기장군,21
202508,남구,19
202508,동구,9
202508,동래구,31
202508,부산진구,26
202508,북구,37
202508,사상구,21
202508,사하구,17
202508,서구,8
202508,수영구,28
202508,연제구,23
202508,영도구,6
202508,중구,15
202508,해운대구,50
202509,강서구,64
202509,금정구,22
202509,기장군,13
202509,남구,23
202509,동구,18
202509,동래구,23
202509,부산진구,40
202509,북구,19
202509,사상구,22
202509,사하구,25
202509,서구,3
202509,수영구,28
202509,연제구,19
202509,영도구,8
202509,중구,16
202509,해운대구,59
202510,강서구,62
202510,금정구,13
202510,기장군,17
202510,남구,22
202510,동구,13
202510,동래구,12
202510,부산진구,35
202510,북구,16
202510,사상구,20
202510,사하구,19
202510,서구,8
202510,수영구,16
202510,연제구,17
202510,영도구,6
202510,중구,11
202510,해운대구,35
202511,강서구,35
202511,금정구,22
202511,기장군,27
202511,남구,21
202511,동구,14
202511,동래구,20
202511,부산진구,32
202511,북구,20
202511,사상구,19
202511,사하구,26
202511,서구,3
202511,수영구,29
202511,연제구,21
202511,영도구,4
202511,중구,12
202511,해운대구,46
202512,강서구,51
202512,금정구,13
202512,기장군,26
202512,남구,19
202512,동구,17
202512,동래구,18
202512,부산진구,50
202512,북구,11
202512,사상구,28
202512,사하구,22
202512,서구,5
202512,수영구,36
202512,연제구,11
202512,영도구,8
202512,중구,13
202512,해운대구,74
202601,강서구,52
202601,금정구,21
202601,기장군,20
202601,남구,26
202601,동구,16
202601,동래구,18
202601,부산진구,76
202601,북구,16
202601,사상구,23
202601,사하구,27
202601,서구,6
202601,수영구,35
202601,연제구,21
202601,영도구,11
202601,중구,26
202601,해운대구,65
202602,강서구,26
202602,금정구,20
202602,기장군,16
202602,남구,18
202602,동구,12
202602,동래구,18
202602,부산진구,67
202602,북구,13
202602,사상구,13
202602,사하구,21
202602,서구,2
202602,수영구,22
202602,연제구,11
202602,영도구,7
202602,중구,14
202602,해운대구,44
202603,강서구,52
202603,금정구,17
202603,기장군,21
202603,남구,23
202603,동구,17
202603,동래구,24
202603,부산진구,83
202603,북구,25
202603,사상구,26
202603,사하구,27
202603,서구,5
202603,수영구,22
202603,연제구,20
202603,영도구,7
202603,중구,18
202603,해운대구,69
202604,강서구,41
202604,금정구,11
202604,기장군,17
202604,남구,24
202604,동구,30
202604,동래구,23
202604,부산진구,91
202604,북구,17
202604,사상구,15
202604,사하구,15
202604,서구,6
202604,수영구,9
202604,연제구,19
202604,영도구,6
202604,중구,28
202604,해운대구,77
202605,강서구,41
202605,금정구,18
202605,기장군,24
202605,남구,19
202605,동구,19
202605,동래구,6
202605,부산진구,39
202605,북구,12
202605,사상구,30
202605,사하구,15
202605,서구,9
202605,수영구,24
202605,연제구,16
202605,영도구,8
202605,중구,10
202605,해운대구,50
202606,강서구,52
202606,금정구,11
202606,기장군,25
202606,남구,19
202606,동구,13
202606,동래구,20
202606,부산진구,31
202606,북구,16
202606,사상구,17
202606,사하구,15
202606,서구,10
202606,수영구,22
202606,연제구,22
202606,영도구,7
202606,중구,17
202606,해운대구,60
202607,강서구,45
202607,금정구,23
202607,기장군,19
202607,남구,18
202607,동구,18
202607,동래구,24
202607,부산진구,44
202607,북구,8
202607,사상구,20
202607,사하구,22
202607,서구,7
202607,수영구,18
202607,연제구,15
202607,영도구,9
202607,중구,15
202607,해운대구,60
