연월,행정구,외국인 방문자 수,외지인 방문자 수,현지인 방문자 수,전체 수
202301,강서구,116492,3381336,2415172,5913000
202301,금정구,11984,2425745,3791823,6229552
202301,기장군,44563,3759980,2862748,6667291
202301,남구,46794,2470836,4333217,6850847
202301,동구,37029,2645570,1401824,4084423
202301,동래구,7455,3174882,4236452,7418789
202301,부산진구,50664,6058770,6440102,12549536
202301,북구,5926,2144142,4574059,6724127
202301,사상구,11949,2321249,2919472,5252670
202301,사하구,36967,2026636,4400998,6464601
202301,서구,33408,1644464,1630086,3307958
202301,수영구,17392,3214071,2965823,6197286
202301,연제구,12887,2504044,2852098,5369029
202301,영도구,56970,1572354,1859932,3489256
202301,중구,50397,3278177,1179832,4508406
202301,해운대구,53176,5661530,7299950,13014656
202302,강서구,132639,3097090,2259870,5489599
202302,금정구,11477,2179468,3462266,5653211
202302,기장군,50147,3151040,2646168,5847355
202302,남구,54040,2225542,3995814,6275396
202302,동구,35401,2521082,1309416,3865899
202302,동래구,6128,2723371,3867070,6596569
202302,부산진구,49318,5580239,5950742,11580299
202302,북구,5734,1752152,4177590,5935476
202302,사상구,12544,2080824,2693064,4786432
202302,사하구,37558,1741194,4084244,5862996
202302,서구,37866,1528555,1495246,3061667
202302,수영구,17276,2914562,2700131,5631969
202302,연제구,10594,2190808,2602733,4804135
202302,영도구,50214,1414186,1705872,3170272
202302,중구,50709,3029810,1088878,4169397
202302,해운대구,55482,5216491,6631300,11903273
202303,강서구,135031,3563840,2591652,6290523
202303,금정구,14381,3009496,3912174,6936051
202303,기장군,48588,3456495,3021106,6526189
202303,남구,60409,2980411,4502900,7543720
202303,동구,59195,2688066,1495708,4242969
202303,동래구,7757,3161700,4380008,7549465
202303,부산진구,67312,6294806,6666142,13028260
202303,북구,6647,2061300,4693073,6761020
202303,사상구,17493,2669107,3010270,5696870
202303,사하구,42942,2157662,4705348,6905952
202303,서구,43374,1836712,1721738,3601824
202303,수영구,27386,3131446,3043369,6202201
202303,연제구,11027,2560562,2939948,5511537
202303,영도구,63213,1678982,1925651,3667846
202303,중구,77821,3369100,1235941,4682862
202303,해운대구,83672,5414857,7480700,12979229
202304,강서구,243693,3443132,2497232,6184057
202304,금정구,32318,2328448,3665739,6026505
202304,기장군,108049,3528004,2874554,6510607
202304,남구,123558,2306836,4264354,6694748
202304,동구,145739,2636410,1398880,4181029
202304,동래구,14731,2947248,4141658,7103637
202304,부산진구,143108,5626348,6289108,12058564
202304,북구,14542,1958310,4450012,6422864
202304,사상구,37593,2211646,2844572,5093811
202304,사하구,101149,1807456,4335188,6243793
202304,서구,99493,1609363,1591300,3300156
202304,수영구,66032,3010872,2873552,5950456
202304,연제구,22416,2347572,2766722,5136710
202304,영도구,127912,1487213,1810361,3425486
202304,중구,177129,3179404,1161279,4517812
202304,해운대구,199285,5293841,7082600,12575726
202305,강서구,241891,3519089,2729020,6490000
202305,금정구,29645,2552042,4173900,6755587
202305,기장군,104323,3718340,3083745,6906408
202305,남구,103561,2503490,4745132,7352183
202305,동구,125782,2833418,1525867,4485067
202305,동래구,17069,3136402,4447922,7601393
202305,부산진구,140007,6097956,6827163,13065126
202305,북구,13417,2087561,4727751,6828729
202305,사상구,34492,2340782,3131037,5506311
202305,사하구,96103,1920348,4578318,6594769
202305,서구,95125,1735052,1749030,3579207
202305,수영구,59591,3195052,3058450,6313093
202305,연제구,23595,2487758,2947766,5459119
202305,영도구,128120,1666416,2017004,3811540
202305,중구,160783,3404516,1259458,4824757
202305,해운대구,181921,5748760,7575799,13506480
202306,강서구,242018,3367434,2499091,6108543
202306,금정구,23244,2333202,3630904,5987350
202306,기장군,100942,3456026,2999986,6556954
202306,남구,89154,2397528,4137777,6624459
202306,동구,115954,2746538,1387407,4249899
202306,동래구,15641,3018844,3952627,6987112
202306,부산진구,136524,5758868,6374302,12269694
202306,북구,14267,1919232,4481050,6414549
202306,사상구,26599,2196124,2510932,4733655
202306,사하구,92553,1800082,4084322,5976957
202306,서구,99061,1698694,1587509,3385264
202306,수영구,56902,3155936,2778699,5991537
202306,연제구,22469,2357509,1475736,3855714
202306,영도구,112657,1609230,1909618,3631505
202306,중구,149970,3261139,1211147,4622256
202306,해운대구,197304,5529534,7128331,12855169
202307,강서구,242755,3359402,2536726,6138883
202307,금정구,23972,2325404,3518806,5868182
202307,기장군,100863,3576360,3018460,6695683
202307,남구,87686,2414755,4069152,6571593
202307,동구,111755,2844975,1414644,4371374
202307,동래구,17031,3096513,4007899,7121443
202307,부산진구,131426,6025460,6431344,12588230
202307,북구,17919,1978630,4622415,6618964
202307,사상구,26602,2243437,2525362,4795401
202307,사하구,83235,1883049,4140294,6106578
202307,서구,89516,1692285,1569197,3350998
202307,수영구,51106,3371214,2841258,6263578
202307,연제구,26877,2448593,1486020,3961490
202307,영도구,119671,1607130,1887074,3613875
202307,중구,142931,3225271,1222252,4590454
202307,해운대구,186103,6127496,7275110,13588709
202308,강서구,259951,3404012,2510476,6174439
202308,금정구,30722,2361569,3452004,5844295
202308,기장군,117773,3709024,2985514,6812311
202308,남구,102546,2459936,4024038,6586520
202308,동구,127809,2906617,1400476,4434902
202308,동래구,18657,3124544,3940083,7083284
202308,부산진구,146520,5966730,6404440,12517690
202308,북구,19773,1973590,4537544,6530907
202308,사상구,33547,2240637,2556648,4830832
202308,사하구,88841,1940816,4127232,6156889
202308,서구,97266,1746314,1560370,3403950
202308,수영구,54871,3462904,2825025,6342800
202308,연제구,30784,2584736,1658664,4274184
202308,영도구,148060,1669325,1880172,3697557
202308,중구,166161,3354827,1208546,4729534
202308,해운대구,188711,6150130,7236106,13574947
202309,강서구,279564,3337716,2475910,6093190
202309,금정구,36534,2952299,3458602,6447435
202309,기장군,121791,3456929,2918510,6497230
202309,남구,117526,2868628,3986052,6972206
202309,동구,138163,2741504,1334554,4214221
202309,동래구,15146,3214960,3907792,7137898
202309,부산진구,167131,6192795,6241364,12601290
202309,북구,16702,2165768,4584094,6766564
202309,사상구,40670,2612032,2537374,5190076
202309,사하구,98604,2245562,4109287,6453453
202309,서구,115238,1824599,1525380,3465217
202309,수영구,65425,3174888,2757184,5997497
202309,연제구,27910,2752810,1814312,4595032
202309,영도구,146936,1738328,1848780,3734044
202309,중구,187681,3402172,1166274,4756127
202309,해운대구,221263,5610644,7057589,12889496
202310,강서구,308542,3380002,2685074,6373618
202310,금정구,44259,2529418,3889060,6462737
202310,기장군,147329,3580612,3088386,6816327
202310,남구,166076,2546960,4361158,7074194
202310,동구,182999,2954466,1473650,4611115
202310,동래구,21002,3148271,4303260,7472533
202310,부산진구,183008,6016882,6546897,12746787
202310,북구,16047,2003484,4902132,6921663
202310,사상구,41635,2331704,2992378,5365717
202310,사하구,117741,2011716,4517268,6646725
202310,서구,132068,1774986,1645322,3552376
202310,수영구,85788,3154774,2958112,6198674
202310,연제구,30753,2633785,2236381,4900919
202310,영도구,179541,1651209,1936557,3767307
202310,중구,216902,3549234,1214384,4980520
202310,해운대구,280030,5709165,7493748,13482943
202311,강서구,265238,3048248,2603212,5916698
202311,금정구,38242,2347972,3967355,6353569
202311,기장군,113540,2953111,2997330,6063981
202311,남구,125690,2439188,4357878,6922756
202311,동구,150498,2733493,1421094,4305085
202311,동래구,19060,2921628,4140322,7081010
202311,부산진구,158846,5701028,6484639,12344513
202311,북구,15475,1845750,4786271,6647496
202311,사상구,35331,2214398,2946146,5195875
202311,사하구,98613,1824182,4495974,6418769
202311,서구,110665,1596794,1640230,3347689
202311,수영구,66350,2876500,2842438,5785288
202311,연제구,29096,2480006,2165292,4674394
202311,영도구,130366,1413062,1970787,3514215
202311,중구,187783,3227424,1209848,4625055
202311,해운대구,203472,5269306,7334750,12807528
202312,강서구,236585,3070032,2450938,5757555
202312,금정구,24751,2334283,3794368,6153402
202312,기장군,98421,3245305,2906382,6250108
202312,남구,92804,2452314,4137476,6682594
202312,동구,117603,2792982,1346905,4257490
202312,동래구,12114,3117726,4004840,7134680
202312,부산진구,124542,6037899,6314588,12477029
202312,북구,13990,1964680,4686339,6665009
202312,사상구,27289,2255270,2803367,5085926
202312,사하구,86438,1881530,4204137,6172105
202312,서구,92705,1617763,1576180,3286648
202312,수영구,45566,3092446,2680478,5818490
202312,연제구,21137,2697128,2080796,4799061
202312,영도구,96372,1582710,1902425,3581507
202312,중구,151456,3696038,1173400,5020894
202312,해운대구,154263,5871428,7162222,13187913
202401,강서구,226453,3231204,2534770,5992427
202401,금정구,19690,2248830,3674706,5943226
202401,기장군,85268,3123456,2928944,6137668
202401,남구,80265,2385982,4088147,6554394
202401,동구,86228,2820692,1363180,4270100
202401,동래구,12546,3027154,4034961,7074661
202401,부산진구,112648,6021694,6333792,12468134
202401,북구,12862,1898540,4715428,6626830
202401,사상구,25271,2212220,2803416,5040907
202401,사하구,68800,1875650,4113862,6058312
202401,서구,80415,1638749,1605348,3324512
202401,수영구,37564,3046344,2607850,5691758
202401,연제구,24669,2660452,1605110,4290231
202401,영도구,92840,1508941,1888628,3490409
202401,중구,113243,3293752,1206814,4613809
202401,해운대구,126553,5493033,7337827,12957413
202402,강서구,256754,3181034,2230392,5668180
202402,금정구,20307,2456643,3353798,5830748
202402,기장군,75844,3259389,2709738,6044971
202402,남구,86198,2457150,3756529,6299877
202402,동구,101421,2888137,1227380,4216938
202402,동래구,14966,3072500,3679498,6766964
202402,부산진구,126317,5859500,5757983,11743800
202402,북구,13684,2029150,4379193,6422027
202402,사상구,29943,2270170,2532474,4832587
202402,사하구,74385,1998276,3813257,5885918
202402,서구,87774,1647926,1465128,3200828
202402,수영구,44102,3004194,2436903,5485199
202402,연제구,23492,2580168,1489992,4093652
202402,영도구,112848,1486600,1728430,3327878
202402,중구,131961,3161788,1082207,4375956
202402,해운대구,163440,5430932,6727136,12321508
202403,강서구,338612,3596607,2523850,6459069
202403,금정구,36418,2959302,3717298,6713018
202403,기장군,102731,3401419,2982567,6486717
202403,남구,132228,3043884,4166026,7342138
202403,동구,172728,2990544,1398464,4561736
202403,동래구,16379,3406186,4015718,7438283
202403,부산진구,187815,6336004,6295800,12819619
202403,북구,16479,2091614,4793156,6901249
202403,사상구,52997,2679768,2845941,5578706
202403,사하구,114407,2191945,4171153,6477505
202403,서구,129426,1794303,1593630,3517359
202403,수영구,76471,3107489,2661617,5845577
202403,연제구,30579,2825879,1698823,4555281
202403,영도구,160801,1657222,1899468,3717491
202403,중구,217015,3421628,1184978,4823621
202403,해운대구,228220,5483394,7332269,13043883
202404,강서구,360517,3386050,2439826,6186393
202404,금정구,35653,2266922,3541930,5844505
202404,기장군,126289,3141824,2859388,6127501
202404,남구,145150,2311456,3990234,6446840
202404,동구,210478,2773894,1340622,4324994
202404,동래구,17856,3035994,3906861,6960711
202404,부산진구,208190,5562456,6055844,11826490
202404,북구,16197,1886773,4683102,6586072
202404,사상구,50067,2264136,2811396,5125599
202404,사하구,132692,1780054,4065142,5977888
202404,서구,147528,1597810,1588258,3333596
202404,수영구,106726,2900558,2597878,5605162
202404,연제구,29782,2475228,1728310,4233320
202404,영도구,187650,1379329,1861576,3428555
202404,중구,241691,3156454,1165336,4563481
202404,해운대구,296971,4970469,7103478,12370918
202405,강서구,349481,3509334,2545564,6404379
202405,금정구,31791,2689718,3924574,6646083
202405,기장군,110974,3667800,3008299,6787073
202405,남구,124441,2609680,4359422,7093543
202405,동구,178297,3172676,1447537,4798510
202405,동래구,15848,3416168,4062348,7494364
202405,부산진구,189625,6223924,6417859,12831408
202405,북구,12066,2117423,4806896,6936385
202405,사상구,43020,2512052,2991065,5546137
202405,사하구,127130,2057328,4302634,6487092
202405,서구,147064,1801198,1667890,3616152
202405,수영구,98391,3319620,2729615,6147626
202405,연제구,29933,2680422,1834952,4545307
202405,영도구,170505,1645119,2006648,3822272
202405,중구,209118,3549906,1235392,4994416
202405,해운대구,272057,5801642,7427217,13500916
202406,강서구,333332,3288313,2452236,6073881
202406,금정구,23143,2342382,3724189,6089714
202406,기장군,113102,3252837,2880311,6246250
202406,남구,132405,2433428,4188496,6754329
202406,동구,171022,3026674,1364486,4562182
202406,동래구,14342,3211061,3940422,7165825
202406,부산진구,179927,5663690,6164410,12008027
202406,북구,13425,1965310,4650796,6629531
202406,사상구,34001,2296581,2848300,5178882
202406,사하구,114402,1895586,4075218,6085206
202406,서구,130796,1693206,1577583,3401585
202406,수영구,86592,3015194,2629809,5731595
202406,연제구,28519,2500344,1743094,4271957
202406,영도구,164736,1523630,1894914,3583280
202406,중구,197355,3227480,1170722,4595557
202406,해운대구,260748,5650904,7207501,13119153
202407,강서구,346011,3428873,2619774,6394658
202407,금정구,24581,2292185,3647080,5963846
202407,기장군,113766,3299412,2947130,6360308
202407,남구,119978,2480474,4189112,6789564
202407,동구,149390,3119910,1428102,4697402
202407,동래구,16533,3294778,4141154,7452465
202407,부산진구,173120,5907300,6294544,12374964
202407,북구,15895,1984500,4737999,6738394
202407,사상구,39278,2300312,2865950,5205540
202407,사하구,111532,1994576,4139863,6245971
202407,서구,131557,1746801,1620101,3498459
202407,수영구,83419,3319228,2690894,6093541
202407,연제구,28400,2583063,1739626,4351089
202407,영도구,163816,1504895,1904158,3572869
202407,중구,186278,3238924,1224528,4649730
202407,해운대구,271871,6023087,7400141,13695099
202408,강서구,381877,3494757,2459300,6335934
202408,금정구,32621,2328770,3462162,5823553
202408,기장군,119300,3646562,2861033,6626895
202408,남구,154822,2499070,4050868,6704760
202408,동구,176037,3255462,1363890,4795389
202408,동래구,17006,3321234,4049644,7387884
202408,부산진구,208619,5917118,6080666,12206403
202408,북구,17635,2010802,4591083,6619520
202408,사상구,41327,2305474,2732212,5079013
202408,사하구,114577,1976020,4022487,6113084
202408,서구,136226,1785728,1558694,3480648
202408,수영구,95457,3594070,2629900,6319427
202408,연제구,32942,2601445,1679363,4313750
202408,영도구,182615,1622652,1843359,3648626
202408,중구,214292,3336588,1169018,4719898
202408,해운대구,293357,6469078,7221414,13983849
202409,강서구,342623,3513534,2482494,6338651
202409,금정구,42534,2850897,3459376,6352807
202409,기장군,112738,3641946,2836330,6591014
202409,남구,150683,2860641,3995285,7006609
202409,동구,155890,3084837,1358102,4598829
202409,동래구,15389,3442922,3933657,7391968
202409,부산진구,197753,5984940,5957063,12139756
202409,북구,14191,2154663,4515900,6684754
202409,사상구,44960,2569648,2708240,5322848
202409,사하구,102928,2177378,3877734,6158040
202409,서구,135800,1813014,1537004,3485818
202409,수영구,102487,3206304,2573844,5882635
202409,연제구,27880,2625231,1644209,4297320
202409,영도구,163730,1634157,1825198,3623085
202409,중구,196219,3270026,1133800,4600045
202409,해운대구,272576,5775126,7114594,13162296
202410,강서구,404488,3641670,2694706,6740864
202410,금정구,51717,2479054,3616750,6147521
202410,기장군,138245,3470320,3019636,6628201
202410,남구,158497,2527980,4186567,6873044
202410,동구,218813,3146388,1495546,4860747
202410,동래구,19601,3165186,4105661,7290448
202410,부산진구,240902,5841364,6337492,12419758
202410,북구,14691,2038918,4725746,6779355
202410,사상구,56935,2444603,2828102,5329640
202410,사하구,141390,2049579,4228620,6419589
202410,서구,174706,1739283,1596522,3510511
202410,수영구,136114,3148694,2886387,6171195
202410,연제구,33816,2487090,1927258,4448164
202410,영도구,182236,1506134,1903436,3591806
202410,중구,260001,3381696,1217234,4858931
202410,해운대구,372731,5685292,7382858,13440881
202411,강서구,352111,3428288,2593710,6374109
202411,금정구,44886,2483422,3671104,6199412
202411,기장군,112902,3285905,2943689,6342496
202411,남구,128803,2504750,4213506,6847059
202411,동구,161824,3090255,1434934,4687013
202411,동래구,17774,3147190,4017755,7182719
202411,부산진구,201187,5855224,6216738,12273149
202411,북구,15097,1980286,4580390,6575773
202411,사상구,43482,2279291,2750248,5073021
202411,사하구,112257,1974668,4407246,6494171
202411,서구,132319,1642095,1573194,3347608
202411,수영구,105061,3269830,2830908,6205799
202411,연제구,29055,2536961,2112652,4678668
202411,영도구,149842,1437874,1896573,3484289
202411,중구,207089,3240800,1158734,4606623
202411,해운대구,273051,5624714,7277742,13175507
202412,강서구,337784,3367718,2752908,6458410
202412,금정구,23450,2413190,3817292,6253932
202412,기장군,99397,3394769,3091858,6586024
202412,남구,111424,2597634,4374685,7083743
202412,동구,138357,3067561,1512494,4718412
202412,동래구,14666,3349220,4296652,7660538
202412,부산진구,167936,6312614,6583448,13063998
202412,북구,14731,1999210,4782645,6796586
202412,사상구,33789,2316304,2891245,5241338
202412,사하구,99761,2001573,4559642,6660976
202412,서구,121536,1692068,1646484,3460088
202412,수영구,78863,3290861,3009206,6378930
202412,연제구,23946,2720172,2324654,5068772
202412,영도구,145031,1543406,1945968,3634405
202412,중구,176698,3532680,1202628,4912006
202412,해운대구,228251,5872240,7588637,13689128
202501,강서구,303854,3570074,2556183,6430111
202501,금정구,18890,2487446,3445589,5951925
202501,기장군,81272,3685672,2971630,6738574
202501,남구,93876,2584502,3995842,6674220
202501,동구,99478,3119403,1432662,4651543
202501,동래구,14396,3497193,4172966,7684555
202501,부산진구,136653,6238068,6136599,12511320
202501,북구,13987,2180150,4571644,6765781
202501,사상구,31283,2386170,2640442,5057895
202501,사하구,73192,2133596,4266171,6472959
202501,서구,91123,1717916,1531736,3340775
202501,수영구,60562,3373601,2848506,6282669
202501,연제구,21982,2738799,2166308,4927089
202501,영도구,124961,1584202,1813203,3522366
202501,중구,129209,3351257,1159666,4640132
202501,해운대구,176341,5993704,7193613,13363658
202502,강서구,269013,3255700,2463926,5988639
202502,금정구,18609,2175638,3177570,5371817
202502,기장군,74900,2933371,2767163,5775434
202502,남구,85800,2321812,3715768,6123380
202502,동구,89606,3023310,1346328,4459244
202502,동래구,11564,3080623,3888164,6980351
202502,부산진구,121527,5613251,5681662,11416440
202502,북구,12185,1788871,4206206,6007262
202502,사상구,31590,2121343,2460969,4613902
202502,사하구,68047,1789890,3973886,5831823
202502,서구,84941,1504898,1444142,3033981
202502,수영구,51984,2884980,2659825,5596789
202502,연제구,18862,2389555,1970322,4378739
202502,영도구,105778,1311930,1700608,3118316
202502,중구,116272,2985311,1119314,4220897
202502,해운대구,155604,5217009,6697726,12070339
202503,강서구,354596,3592029,2587893,6534518
202503,금정구,34645,2967391,3453454,6455490
202503,기장군,127372,3392484,3024525,6544381
202503,남구,164044,3033184,4056696,7253924
202503,동구,171731,3089975,1439634,4701340
202503,동래구,18276,3642174,4254660,7915110
202503,부산진구,221631,6375526,6194888,12792045
202503,북구,14820,2141139,4632618,6788577
202503,사상구,62249,2612914,2627258,5302421
202503,사하구,115575,2246699,4337025,6699299
202503,서구,144467,1811635,1576729,3532831
202503,수영구,102737,3148170,2847974,6098881
202503,연제구,27637,2764080,2130919,4922636
202503,영도구,171374,1579728,1831193,3582295
202503,중구,212225,3258675,1143502,4614402
202503,해운대구,287671,5662184,7282432,13232287
202504,강서구,425297,3538857,2696183,6660337
202504,금정구,41904,2352210,3439170,5833284
202504,기장군,172250,3149531,2964644,6286425
202504,남구,192704,2408168,4010884,6611756
202504,동구,237008,2931894,1454218,4623120
202504,동래구,20867,3266515,4186203,7473585
202504,부산진구,249669,5541886,6128602,11920157
202504,북구,17035,1923649,4511710,6452394
202504,사상구,74406,2298160,2735680,5108246
202504,사하구,153897,1862130,4361976,6378003
202504,서구,188944,1634213,1558571,3381728
202504,수영구,147959,2907454,2795240,5850653
202504,연제구,30911,2512268,2176888,4720067
202504,영도구,213176,1349204,1805237,3367617
202504,중구,271826,3064705,1150149,4486680
202504,해운대구,401046,5141202,7190550,12732798
202505,강서구,453018,3815567,2733034,7001619
202505,금정구,39724,2783784,3840648,6664156
202505,기장군,157336,3903616,3103639,7164591
202505,남구,167756,2794306,4387152,7349214
202505,동구,215286,3432566,1521240,5169092
202505,동래구,21400,3871718,4466934,8360052
202505,부산진구,253841,6572948,6586811,13413600
202505,북구,16827,2357383,4766062,7140272
202505,사상구,66503,2543863,2843936,5454302
202505,사하구,152571,2286638,4640048,7079257
202505,서구,185524,1869452,1645886,3700862
202505,수영구,145225,3655295,2934470,6734990
202505,연제구,33108,2837303,2320241,5190652
202505,영도구,199071,1725724,1940334,3865129
202505,중구,256432,3629028,1196874,5082334
202505,해운대구,395151,6387266,7442946,14225363
202506,강서구,444880,3590814,2759922,6795616
202506,금정구,31206,2426602,3733720,6191528
202506,기장군,157611,3414898,3057288,6629797
202506,남구,149994,2603139,4293328,7046461
202506,동구,191499,3235068,1495162,4921729
202506,동래구,21515,3533736,4386144,7941395
202506,부산진구,229729,6122697,6467223,12819649
202506,북구,18516,2071822,4607330,6697668
202506,사상구,52057,2321330,2795950,5169337
202506,사하구,136707,2014456,4602388,6753551
202506,서구,166925,1750707,1639424,3557056
202506,수영구,137953,3305260,2900499,6343712
202506,연제구,32407,2624752,2262264,4919423
202506,영도구,170078,1549688,1903444,3623210
202506,중구,231522,3320429,1188268,4740219
202506,해운대구,404755,5867960,7389652,13662367
202507,강서구,663875,3742770,2861022,7267667
202507,금정구,37978,2504750,3774242,6316970
202507,기장군,183518,3473278,3176540,6833336
202507,남구,176245,2694727,4330879,7201851
202507,동구,224664,3650034,1562358,5437056
202507,동래구,28159,3752262,4577464,8357885
202507,부산진구,280124,6542669,6748770,13571563
202507,북구,25014,2133624,4761855,6920493
202507,사상구,68084,2435342,2875274,5378700
202507,사하구,153479,2160378,4744806,7058663
202507,서구,199505,1852288,1684970,3736763
202507,수영구,158336,3736814,3055300,6950450
202507,연제구,44139,2826268,2310119,5180526
202507,영도구,232213,1543738,1921318,3697269
202507,중구,269965,3446044,1245776,4961785
202507,해운대구,473911,6604462,7756906,14835279
202508,강서구,514492,3807086,2815852,7137430
202508,금정구,38449,2472978,3575747,6087174
202508,기장군,169957,3835965,3159216,7165138
202508,남구,165652,2706316,4258485,7130453
202508,동구,216544,3672070,1487178,5375792
202508,동래구,22790,3693652,4529556,8245998
202508,부산진구,251597,6627425,6612893,13491915
202508,북구,21752,2133747,4705757,6861256
202508,사상구,58641,2418444,2809947,5287032
202508,사하구,133753,2197122,4633342,6964217
202508,서구,197006,1849424,1634108,3680538
202508,수영구,146613,4032794,3041682,7221089
202508,연제구,37531,2802219,2294212,5133962
202508,영도구,209598,1629296,1861696,3700590
202508,중구,244930,3451035,1184200,4880165
202508,해운대구,417808,6999748,7662816,15080372
202509,강서구,501900,3793822,3053631,7349353
202509,금정구,42059,2795674,3669306,6507039
202509,기장군,141874,3307924,3251094,6700892
202509,남구,168152,2945134,4318990,7432276
202509,동구,189925,3157200,1540224,4887349
202509,동래구,18590,3429528,4529620,7977738
202509,부산진구,241120,6457157,6693442,13391719
202509,북구,15452,2061836,4703548,6780836
202509,사상구,59200,2734246,2877476,5670922
202509,사하구,80861,2181532,4715949,6978342
202509,서구,182029,1894921,1681782,3758732
202509,수영구,149852,3434862,3118328,6703042
202509,연제구,30314,2675340,2349694,5055348
202509,영도구,181239,1600109,1906188,3687536
202509,중구,230629,3420935,1256944,4908508
202509,해운대구,405187,5872790,7679112,13957089
202510,강서구,608515,4113410,2878466,7600391
202510,금정구,55821,2792758,3660580,6509159
202510,기장군,178774,4171538,3214785,7565097
202510,남구,193226,2854103,4331201,7378530
202510,동구,243823,3311262,1502364,5057449
202510,동래구,24585,3766606,4565624,8356815
202510,부산진구,282009,6751608,6701922,13735539
202510,북구,18534,2424502,4836825,7279861
202510,사상구,70154,2661830,2859434,5591418
202510,사하구,102584,2429662,4744047,7276293
202510,서구,211648,1960196,1689216,3861060
202510,수영구,167996,3847588,3133196,7148780
202510,연제구,35538,2927116,2321256,5283910
202510,영도구,206740,1819601,1904928,3931269
202510,중구,291327,3709783,1208459,5209569
202510,해운대구,456322,6571520,7659792,14687634
202511,강서구,553102,3925474,3040198,7518774
202511,금정구,51049,2673556,3870713,6595318
202511,기장군,165429,3544958,3223101,6933488
202511,남구,201230,2780404,4449694,7431328
202511,동구,235387,3318290,1527046,5080723
202511,동래구,24290,3479161,4550301,8053752
202511,부산진구,291865,6482172,6776368,13550405
202511,북구,17695,2119299,4698435,6835429
202511,사상구,61940,2545746,2908766,5516452
202511,사하구,95808,2114668,4777017,6987493
202511,서구,202008,1812962,1714937,3729907
202511,수영구,153615,3555604,3084238,6793457
202511,연제구,36026,2766988,2350604,5153618
202511,영도구,210290,1570219,1955838,3736347
202511,중구,289512,3485584,1256714,5031810
202511,해운대구,412736,6100136,7624354,14137226
202512,강서구,478758,3811388,2997407,7287553
202512,금정구,32171,2523045,3814223,6369439
202512,기장군,130825,3411100,3261002,6802927
202512,남구,141082,2838112,4458450,7437644
202512,동구,179750,3263110,1509907,4952767
202512,동래구,19026,3696942,4715781,8431749
202512,부산진구,215968,6890544,6837138,13943650
202512,북구,16716,2112506,4800596,6929818
202512,사상구,46353,2481608,2856623,5384584
202512,사하구,75482,2069196,4773598,6918276
202512,서구,155429,1787986,1723354,3666769
202512,수영구,120465,3566941,3143672,6831078
202512,연제구,29142,2804970,2364772,5198884
202512,영도구,147361,1561122,1945622,3654105
202512,중구,212762,3661060,1243554,5117376
202512,해운대구,327044,6432948,7742077,14502069
202601,강서구,447630,3826466,2938232,7212328
202601,금정구,23547,2367796,3588568,5979911
202601,기장군,108921,3370468,3191748,6671137
202601,남구,127295,2666688,4243214,7037197
202601,동구,140489,3170234,1504055,4814778
202601,동래구,15441,3512554,4569450,8097445
202601,부산진구,188708,6543162,6674686,13406556
202601,북구,13162,2029258,4623874,6666294
202601,사상구,38167,2316629,2732499,5087295
202601,사하구,63784,2001038,4583453,6648275
202601,서구,129163,1707982,1656550,3493695
202601,수영구,94969,3484590,3018575,6598134
202601,연제구,24553,2704958,2305292,5034803
202601,영도구,161792,1507600,1828144,3497536
202601,중구,173092,3316478,1222032,4711602
202601,해운대구,265864,6037584,7599078,13902526
202602,강서구,464277,3608164,2547342,6619783
202602,금정구,26582,2499945,3170419,5696946
202602,기장군,143829,3503468,2879079,6526376
202602,남구,153897,2596058,3699798,6449753
202602,동구,172334,3006196,1335428,4513958
202602,동래구,17148,3405350,4054264,7476762
202602,부산진구,240210,6224575,5958477,12423262
202602,북구,13930,2113699,4199944,6327573
202602,사상구,44765,2312275,2418010,4775050
202602,사하구,74916,2062616,4072512,6210044
202602,서구,164788,1728668,1517730,3411186
202602,수영구,117133,3376362,2685868,6179363
202602,연제구,23779,2585513,2006347,4615639
202602,영도구,199452,1556366,1654324,3410142
202602,중구,212895,3206242,1099242,4518379
202602,해운대구,349588,5876416,6787210,13013214
202603,강서구,544952,3944602,3043974,7533528
202603,금정구,39964,3078918,3689588,6808470
202603,기장군,188665,3419241,3285020,6892926
202603,남구,224524,3241220,4232742,7698486
202603,동구,236843,3201958,1567181,5005982
202603,동래구,25845,3611181,4583159,8220185
202603,부산진구,317003,6622592,6696732,13636327
202603,북구,18410,2161366,4744019,6923795
202603,사상구,82460,2792842,2867980,5743282
202603,사하구,105800,2290390,4641595,7037785
202603,서구,211206,1925924,1712574,3849704
202603,수영구,168859,3459785,3126249,6754893
202603,연제구,30759,2832193,2256216,5119168
202603,영도구,271715,1683815,1910146,3865676
202603,중구,312989,3425422,1224170,4962581
202603,해운대구,444749,5866066,7655266,13966081
202604,강서구,579512,3721028,2907796,7208336
202604,금정구,49026,2337528,3466883,5853437
202604,기장군,227512,3262760,3147739,6638011
202604,남구,249431,2505836,4004108,6759375
202604,동구,282746,2991376,1471295,4745417
202604,동래구,29196,3482220,4380866,7892282
202604,부산진구,343387,5772316,6321578,12437281
202604,북구,24175,2004818,4560563,6589556
202604,사상구,94624,2366206,2711530,5172360
202604,사하구,132466,1882206,4442935,6457607
202604,서구,273872,1690294,1622058,3586224
202604,수영구,227033,3177489,2989186,6393708
202604,연제구,43696,2581285,2223050,4848031
202604,영도구,282045,1401082,1810060,3493187
202604,중구,340789,3176096,1139579,4656464
202604,해운대구,572598,5290296,7274116,13137010
202605,강서구,640400,3825542,3075240,7541182
202605,금정구,59845,2907219,3973907,6940971
202605,기장군,253034,4098104,3322823,7673961
202605,남구,272085,2813044,4441080,7526209
202605,동구,317733,3416490,1559838,5294061
202605,동래구,32639,3821114,4495928,8349681
202605,부산진구,384069,6631888,6786930,13802887
202605,북구,24422,2301537,4837574,7163533
202605,사상구,91507,2541508,2908000,5541015
202605,사하구,168797,2246972,4720446,7136215
202605,서구,290301,1883420,1754700,3928421
202605,수영구,254471,3795246,3223678,7273395
202605,연제구,50203,2782157,2354572,5186932
202605,영도구,324775,1771749,2019720,4116244
202605,중구,379734,3634400,1229074,5243208
202605,해운대구,637919,6515691,7760266,14913876
202606,강서구,712741,3551933,3204012,7468686
202606,금정구,55881,2443049,3886092,6385022
202606,기장군,259246,3254640,3289394,6803280
202606,남구,275168,2603391,4425071,7303630
202606,동구,338247,3153514,1586582,5078343
202606,동래구,71131,3456299,4478618,8006048
202606,부산진구,416951,5829562,6676180,12922693
202606,북구,27195,1978578,4738444,6744217
202606,사상구,73294,2351954,2919850,5345098
202606,사하구,152857,1992210,4715837,6860904
202606,서구,293336,1737001,1754736,3785073
202606,수영구,288084,3358530,3182098,6828712
202606,연제구,133626,2830006,2354390,5318022
202606,영도구,336973,1570653,2009266,3916892
202606,중구,389117,3286448,1249178,4924743
202606,해운대구,726217,5552572,7604034,13882823
