연월,지역명,체류시간(분)
202201,강서구,705
202201,금정구,1161
202201,기장군,636
202201,남구,1292
202201,동구,593
202201,동래구,1244
202201,부산진구,899
202201,북구,1431
202201,사상구,1073
202201,사하구,1671
202201,서구,868
202201,수영구,884
202201,연제구,1084
202201,영도구,780
202201,중구,359
202201,해운대구,1054
202202,강서구,659
202202,금정구,1103
202202,기장군,592
202202,남구,1249
202202,동구,565
202202,동래구,1088
202202,부산진구,836
202202,북구,1208
202202,사상구,979
202202,사하구,1513
202202,서구,900
202202,수영구,842
202202,연제구,940
202202,영도구,751
202202,중구,368
202202,해운대구,1005
202203,강서구,822
202203,금정구,2222
202203,기장군,773
202203,남구,2199
202203,동구,623
202203,동래구,1260
202203,부산진구,1288
202203,북구,1700
202203,사상구,1492
202203,사하구,2208
202203,서구,1180
202203,수영구,1060
202203,연제구,1235
202203,영도구,1514
202203,중구,475
202203,해운대구,1278
202204,강서구,575
202204,금정구,857
202204,기장군,550
202204,남구,1007
202204,동구,471
202204,동래구,908
202204,부산진구,739
202204,북구,1061
202204,사상구,823
202204,사하구,1362
202204,서구,807
202204,수영구,697
202204,연제구,843
202204,영도구,846
202204,중구,388
202204,해운대구,906
202205,강서구,586
202205,금정구,923
202205,기장군,553
202205,남구,1079
202205,동구,437
202205,동래구,935
202205,부산진구,779
202205,북구,1145
202205,사상구,862
202205,사하구,1342
202205,서구,782
202205,수영구,715
202205,연제구,879
202205,영도구,989
202205,중구,327
202205,해운대구,902
202206,강서구,635
202206,금정구,939
202206,기장군,628
202206,남구,1063
202206,동구,449
202206,동래구,897
202206,부산진구,755
202206,북구,1114
202206,사상구,874
202206,사하구,1361
202206,서구,919
202206,수영구,707
202206,연제구,885
202206,영도구,675
202206,중구,335
202206,해운대구,1104
202207,강서구,661
202207,금정구,1009
202207,기장군,633
202207,남구,1188
202207,동구,448
202207,동래구,1014
202207,부산진구,848
202207,북구,1236
202207,사상구,934
202207,사하구,1462
202207,서구,873
202207,수영구,764
202207,연제구,967
202207,영도구,726
202207,중구,381
202207,해운대구,984
202208,강서구,634
202208,금정구,1122
202208,기장군,611
202208,남구,1211
202208,동구,458
202208,동래구,968
202208,부산진구,846
202208,북구,1234
202208,사상구,924
202208,사하구,1512
202208,서구,901
202208,수영구,736
202208,연제구,925
202208,영도구,793
202208,중구,381
202208,해운대구,965
202209,강서구,663
202209,금정구,1535
202209,기장군,656
202209,남구,1528
202209,동구,479
202209,동래구,991
202209,부산진구,930
202209,북구,1279
202209,사상구,1107
202209,사하구,1572
202209,서구,927
202209,수영구,788
202209,연제구,960
202209,영도구,969
202209,중구,359
202209,해운대구,1020
202210,강서구,580
202210,금정구,945
202210,기장군,612
202210,남구,1087
202210,동구,422
202210,동래구,935
202210,부산진구,821
202210,북구,1117
202210,사상구,823
202210,사하구,1367
202210,서구,798
202210,수영구,772
202210,연제구,869
202210,영도구,676
202210,중구,336
202210,해운대구,919
202211,강서구,590
202211,금정구,949
202211,기장군,626
202211,남구,1057
202211,동구,436
202211,동래구,912
202211,부산진구,795
202211,북구,1204
202211,사상구,885
202211,사하구,1417
202211,서구,839
202211,수영구,750
202211,연제구,861
202211,영도구,728
202211,중구,341
202211,해운대구,930
202212,강서구,646
202212,금정구,1085
202212,기장군,708
202212,남구,1217
202212,동구,457
202212,동래구,997
202212,부산진구,836
202212,북구,1301
202212,사상구,1004
202212,사하구,1599
202212,서구,941
202212,수영구,831
202212,연제구,992
202212,영도구,800
202212,중구,359
202212,해운대구,981
202301,해운대구,1068
202301,강서구,720
202301,금정구,1179
202301,기장군,705
202301,남구,1338
202301,동구,513
202301,동래구,1163
202301,부산진구,921
202301,북구,1448
202301,사상구,1022
202301,사하구,1726
202301,서구,970
202301,수영구,904
202301,연제구,1072
202301,영도구,877
202301,중구,406
202302,해운대구,923
202302,강서구,620
202302,금정구,1062
202302,기장군,659
202302,남구,1226
202302,동구,422
202302,동래구,945
202302,부산진구,788
202302,북구,1167
202302,사상구,904
202302,사하구,1411
202302,서구,859
202302,수영구,760
202302,연제구,835
202302,영도구,716
202302,중구,373
202303,해운대구,1170
202303,강서구,661
202303,금정구,1974
202303,기장군,749
202303,남구,1928
202303,동구,509
202303,동래구,1035
202303,부산진구,1116
202303,북구,1447
202303,사상구,1315
202303,사하구,1916
202303,서구,1040
202303,수영구,863
202303,연제구,995
202303,영도구,1665
202303,중구,391
202304,해운대구,905
202304,강서구,538
202304,금정구,856
202304,기장군,608
202304,남구,990
202304,동구,410
202304,동래구,896
202304,부산진구,739
202304,북구,1115
202304,사상구,854
202304,사하구,1329
202304,서구,819
202304,수영구,733
202304,연제구,833
202304,영도구,677
202304,중구,345
202305,해운대구,960
202305,강서구,602
202305,금정구,922
202305,기장군,619
202305,남구,1066
202305,동구,433
202305,동래구,906
202305,부산진구,777
202305,북구,1187
202305,사상구,894
202305,사하구,1401
202305,서구,810
202305,수영구,751
202305,연제구,884
202305,영도구,687
202305,중구,352
202306,해운대구,925
202306,강서구,576
202306,금정구,929
202306,기장군,630
202306,남구,1056
202306,동구,485
202306,동래구,841
202306,부산진구,761
202306,북구,1121
202306,사상구,879
202306,사하구,1391
202306,서구,821
202306,수영구,748
202306,연제구,846
202306,영도구,634
202306,중구,332
202307,해운대구,1046
202307,강서구,679
202307,금정구,1064
202307,기장군,714
202307,남구,1325
202307,동구,514
202307,동래구,970
202307,부산진구,866
202307,북구,1319
202307,사상구,990
202307,사하구,1583
202307,서구,1021
202307,수영구,824
202307,연제구,951
202307,영도구,877
202307,중구,366
202308,해운대구,992
202308,강서구,638
202308,금정구,1133
202308,기장군,661
202308,남구,1260
202308,동구,468
202308,동래구,918
202308,부산진구,865
202308,북구,1242
202308,사상구,1005
202308,사하구,1463
202308,서구,891
202308,수영구,778
202308,연제구,919
202308,영도구,810
202308,중구,354
202309,해운대구,1050
202309,강서구,638
202309,금정구,1513
202309,기장군,652
202309,남구,1496
202309,동구,485
202309,동래구,972
202309,부산진구,938
202309,북구,1282
202309,사상구,1179
202309,사하구,1646
202309,서구,938
202309,수영구,827
202309,연제구,1005
202309,영도구,1225
202309,중구,385
202310,해운대구,884
202310,강서구,575
202310,금정구,853
202310,기장군,589
202310,남구,1020
202310,동구,424
202310,동래구,842
202310,부산진구,760
202310,북구,1058
202310,사상구,881
202310,사하구,1306
202310,서구,799
202310,수영구,743
202310,연제구,863
202310,영도구,632
202310,중구,329
202311,해운대구,911
202311,강서구,610
202311,금정구,928
202311,기장군,657
202311,남구,1061
202311,동구,430
202311,동래구,896
202311,부산진구,761
202311,북구,1124
202311,사상구,886
202311,사하구,1446
202311,서구,841
202311,수영구,761
202311,연제구,866
202311,영도구,736
202311,중구,331
202312,해운대구,996
202312,강서구,626
202312,금정구,1093
202312,기장군,700
202312,남구,1262
202312,동구,460
202312,동래구,1015
202312,부산진구,809
202312,북구,1380
202312,사상구,1009
202312,사하구,1576
202312,서구,921
202312,수영구,854
202312,연제구,1085
202312,영도구,810
202312,중구,337
202401,해운대구,975
202401,강서구,678
202401,금정구,1052
202401,기장군,708
202401,남구,1211
202401,동구,432
202401,동래구,940
202401,부산진구,832
202401,북구,1248
202401,사상구,927
202401,사하구,1450
202401,서구,891
202401,수영구,824
202401,연제구,1019
202401,영도구,798
202401,중구,353
202402,해운대구,1084
202402,강서구,640
202402,금정구,1135
202402,기장군,776
202402,남구,1340
202402,동구,436
202402,동래구,1033
202402,부산진구,878
202402,북구,1328
202402,사상구,1035
202402,사하구,1638
202402,서구,1034
202402,수영구,885
202402,연제구,1056
202402,영도구,923
202402,중구,387
202403,해운대구,999
202403,강서구,625
202403,금정구,1839
202403,기장군,731
202403,남구,1876
202403,동구,448
202403,동래구,949
202403,부산진구,1050
202403,북구,1259
202403,사상구,1233
202403,사하구,1841
202403,서구,964
202403,수영구,874
202403,연제구,1012
202403,영도구,1469
202403,중구,369
202404,해운대구,826
202404,강서구,509
202404,금정구,786
202404,기장군,587
202404,남구,896
202404,동구,376
202404,동래구,762
202404,부산진구,719
202404,북구,997
202404,사상구,717
202404,사하구,1178
202404,서구,724
202404,수영구,689
202404,연제구,775
202404,영도구,726
202404,중구,305
202405,해운대구,845
202405,강서구,547
202405,금정구,826
202405,기장군,604
202405,남구,1049
202405,동구,378
202405,동래구,810
202405,부산진구,729
202405,북구,1070
202405,사상구,856
202405,사하구,1326
202405,서구,795
202405,수영구,714
202405,연제구,860
202405,영도구,703
202405,중구,308
202406,해운대구,828
202406,강서구,530
202406,금정구,843
202406,기장군,641
202406,남구,1011
202406,동구,368
202406,동래구,793
202406,부산진구,752
202406,북구,1053
202406,사상구,833
202406,사하구,1272
202406,서구,757
202406,수영구,704
202406,연제구,824
202406,영도구,660
202406,중구,328
202407,해운대구,910
202407,강서구,612
202407,금정구,944
202407,기장군,664
202407,남구,1087
202407,동구,397
202407,동래구,944
202407,부산진구,791
202407,북구,1107
202407,사상구,829
202407,사하구,1360
202407,서구,804
202407,수영구,733
202407,연제구,884
202407,영도구,705
202407,중구,343
202408,해운대구,902
202408,강서구,581
202408,금정구,1018
202408,기장군,683
202408,남구,1127
202408,동구,387
202408,동래구,861
202408,부산진구,841
202408,북구,1200
202408,사상구,878
202408,사하구,1365
202408,서구,803
202408,수영구,726
202408,연제구,959
202408,영도구,741
202408,중구,360
202409,해운대구,936
202409,강서구,571
202409,금정구,1371
202409,기장군,640
202409,남구,1470
202409,동구,405
202409,동래구,871
202409,부산진구,904
202409,북구,1176
202409,사상구,1069
202409,사하구,1538
202409,서구,889
202409,수영구,737
202409,연제구,927
202409,영도구,1168
202409,중구,333
202410,해운대구,869
202410,강서구,605
202410,금정구,870
202410,기장군,646
202410,남구,1020
202410,동구,398
202410,동래구,940
202410,부산진구,785
202410,북구,1071
202410,사상구,841
202410,사하구,1368
202410,서구,790
202410,수영구,775
202410,연제구,910
202410,영도구,660
202410,중구,322
202411,해운대구,849
202411,강서구,548
202411,금정구,807
202411,기장군,633
202411,남구,941
202411,동구,362
202411,동래구,869
202411,부산진구,725
202411,북구,1044
202411,사상구,808
202411,사하구,1229
202411,서구,756
202411,수영구,709
202411,연제구,849
202411,영도구,721
202411,중구,310
202412,해운대구,888
202412,강서구,607
202412,금정구,936
202412,기장군,647
202412,남구,1077
202412,동구,392
202412,동래구,927
202412,부산진구,749
202412,북구,1181
202412,사상구,873
202412,사하구,1357
202412,서구,869
202412,수영구,767
202412,연제구,907
202412,영도구,716
202412,중구,317
202501,해운대구,959
202501,강서구,621
202501,금정구,981
202501,기장군,686
202501,남구,1157
202501,동구,444
202501,동래구,964
202501,부산진구,828
202501,북구,1253
202501,사상구,914
202501,사하구,1400
202501,서구,866
202501,수영구,803
202501,연제구,975
202501,영도구,789
202501,중구,358
202502,해운대구,890
202502,강서구,602
202502,금정구,959
202502,기장군,683
202502,남구,1090
202502,동구,348
202502,동래구,874
202502,부산진구,772
202502,북구,1050
202502,사상구,842
202502,사하구,1353
202502,서구,803
202502,수영구,754
202502,연제구,838
202502,영도구,783
202502,중구,347
202503,해운대구,1004
202503,강서구,633
202503,금정구,1759
202503,기장군,734
202503,남구,1739
202503,동구,424
202503,동래구,907
202503,부산진구,1064
202503,북구,1299
202503,사상구,1194
202503,사하구,1820
202503,서구,974
202503,수영구,825
202503,연제구,981
202503,영도구,1371
202503,중구,372
202504,해운대구,796
202504,강서구,504
202504,금정구,795
202504,기장군,572
202504,남구,872
202504,동구,366
202504,동래구,707
202504,부산진구,727
202504,북구,924
202504,사상구,712
202504,사하구,1166
202504,서구,744
202504,수영구,660
202504,연제구,752
202504,영도구,643
202504,중구,299
202505,해운대구,1079
202505,강서구,697
202505,금정구,1072
202505,기장군,721
202505,남구,1240
202505,동구,445
202505,동래구,1018
202505,부산진구,943
202505,북구,1461
202505,사상구,1001
202505,사하구,1626
202505,서구,891
202505,수영구,837
202505,연제구,1085
202505,영도구,851
202505,중구,348
202506,해운대구,851
202506,강서구,585
202506,금정구,884
202506,기장군,610
202506,남구,1006
202506,동구,381
202506,동래구,783
202506,부산진구,752
202506,북구,1106
202506,사상구,798
202506,사하구,1242
202506,서구,791
202506,수영구,700
202506,연제구,844
202506,영도구,726
202506,중구,301
202507,해운대구,951
202507,강서구,661
202507,금정구,1067
202507,기장군,707
202507,남구,1085
202507,동구,412
202507,동래구,887
202507,부산진구,812
202507,북구,1191
202507,사상구,902
202507,사하구,1407
202507,서구,849
202507,수영구,733
202507,연제구,905
202507,영도구,747
202507,중구,352
202508,해운대구,914
202508,강서구,608
202508,금정구,991
202508,기장군,629
202508,남구,1114
202508,동구,368
202508,동래구,819
202508,부산진구,801
202508,북구,1116
202508,사상구,888
202508,사하구,1262
202508,서구,856
202508,수영구,665
202508,연제구,893
202508,영도구,783
202508,중구,350
202509,해운대구,890
202509,강서구,578
202509,금정구,1404
202509,기장군,681
202509,남구,1358
202509,동구,423
202509,동래구,803
202509,부산진구,858
202509,북구,1039
202509,사상구,986
202509,사하구,1410
202509,서구,897
202509,수영구,689
202509,연제구,863
202509,영도구,1258
202509,중구,414
202510,해운대구,995
202510,강서구,582
202510,금정구,954
202510,기장군,639
202510,남구,1138
202510,동구,420
202510,동래구,959
202510,부산진구,814
202510,북구,1243
202510,사상구,908
202510,사하구,1334
202510,서구,851
202510,수영구,769
202510,연제구,958
202510,영도구,763
202510,중구,324
202511,해운대구,846
202511,강서구,584
202511,금정구,802
202511,기장군,606
202511,남구,975
202511,동구,382
202511,동래구,741
202511,부산진구,724
202511,북구,965
202511,사상구,799
202511,사하구,1215
202511,서구,745
202511,수영구,641
202511,연제구,837
202511,영도구,712
202511,중구,326
202512,해운대구,871
202512,강서구,588
202512,금정구,949
202512,기장군,653
202512,남구,1165
202512,동구,418
202512,동래구,838
202512,부산진구,763
202512,북구,1126
202512,사상구,881
202512,사하구,1284
202512,서구,822
202512,수영구,719
202512,연제구,852
202512,영도구,706
202512,중구,324
202601,해운대구,961
202601,강서구,657
202601,금정구,991
202601,기장군,724
202601,남구,1186
202601,동구,419
202601,동래구,897
202601,부산진구,782
202601,북구,1229
202601,사상구,905
202601,사하구,1381
202601,서구,826
202601,수영구,767
202601,연제구,935
202601,영도구,731
202601,중구,352
202602,해운대구,906
202602,강서구,585
202602,금정구,969
202602,기장군,625
202602,남구,1133
202602,동구,387
202602,동래구,877
202602,부산진구,751
202602,북구,1128
202602,사상구,830
202602,사하구,1311
202602,서구,824
202602,수영구,746
202602,연제구,912
202602,영도구,702
202602,중구,333
202603,해운대구,1012
202603,강서구,675
202603,금정구,1821
202603,기장군,721
202603,남구,1818
202603,동구,455
202603,동래구,881
202603,부산진구,1016
202603,북구,1271
202603,사상구,1246
202603,사하구,1705
202603,서구,1025
202603,수영구,834
202603,연제구,971
202603,영도구,1637
202603,중구,387
202604,해운대구,797
202604,강서구,512
202604,금정구,767
202604,기장군,579
202604,남구,881
202604,동구,368
202604,동래구,690
202604,부산진구,698
202604,북구,998
202604,사상구,751
202604,사하구,1145
202604,서구,790
202604,수영구,650
202604,연제구,802
202604,영도구,621
202604,중구,295
202605,해운대구,824
202605,강서구,550
202605,금정구,770
202605,기장군,592
202605,남구,1014
202605,동구,375
202605,동래구,731
202605,부산진구,720
202605,북구,986
202605,사상구,832
202605,사하구,1194
202605,서구,765
202605,수영구,662
202605,연제구,830
202605,영도구,608
202605,중구,295
202606,해운대구,834
202606,강서구,569
202606,금정구,845
202606,기장군,592
202606,남구,973
202606,동구,372
202606,동래구,687
202606,부산진구,726
202606,북구,1003
202606,사상구,789
202606,사하구,1150
202606,서구,796
202606,수영구,649
202606,연제구,859
202606,영도구,774
202606,중구,294
