행정구명,사업장명,도로명주소,지번주소,경도,위도
강서구,가덕도 등대,부산광역시 강서구 외양포로 10,,128.8295937,35.00064712
강서구,가덕도 연대봉,부산광역시 강서구 천성동,,128.8216714,35.03175182
기장군,가마솥생복집,부산광역시 기장군 차성로 327-2 가마솥생복집,,129.2134453,35.24702105
기장군,가야포차선지국,부산광역시 기장군 정관읍 정관8로 28,,129.1788934,35.32232585
연제구,가야할매 밀면,부산광역시 연제구 월드컵대로145번길 32,,129.0798725,35.18519494
금정구,가톨릭 특성화 거리,부산광역시 금정구 부곡동,,129.0970389,35.24345539
영도구,감지해변,부산광역시 영도구 감지길 110,,129.0764901,35.06253361
연제구,감천사(부산),부산광역시 연제구 묘봉산로 40,,129.0912632,35.1833037
동구,감포참가자미,부산광역시 동구 범일로102번길 16-20 (범일동),,129.0610588,35.13834984
강서구,강호중마라도물회,부산광역시 강서구 녹산화전로 283 (녹산동),,128.8722537,35.11200765
부산진구,개금밀면,부산광역시 부산진구 가야대로482번길 9-4,,129.0251059,35.15258647
해운대구,갤러리이알디 부산,"부산광역시 해운대구 해운대해변로 302 (중동, 대림맨션)",,129.1639936,35.16106864
해운대구,거대갈비,부산광역시 해운대구 달맞이길 22 (중동),,129.1672794,35.16206859
남구,거창맷돌순두부,부산광역시 남구 유엔로 221 (대연동),,129.1005555,35.13061254
수영구,게임 체험 팝업 전시 ‘Game-Playground’,"부산광역시 수영구 광남로 96 (광안동, 광안 포디움프레스티지 1)",,129.1151037,35.15048837
수영구,경상좌수영성지,부산광역시 수영구 수영성로 43,,129.1117117,35.17431064
동구,고관함박,부산광역시 동구 중앙대로349번길 14 (수정동),,129.0462743,35.12703139
해운대구,고래서이뻐,부산광역시 해운대구 우동1로38번길 15-1 (우동),,129.1583857,35.16573191
기장군,고향연화,부산광역시 기장군 기장읍 연화길 33-8,,129.2245979,35.21723848
기장군,곰내연밭,부산광역시 기장군 철마면 웅천리 254-4,,129.169545,35.29540925
사상구,곰보식당,부산광역시 사상구 낙동대로 1564,,128.9878358,35.19658085
기장군,공극샌드커피,부산광역시 기장군 기장읍 공수해안길 41,,129.2131276,35.18452526
기장군,공수어촌체험마을,부산광역시 기장군 기장읍 공수해안길 13-2,,129.2111944,35.18445857
부산진구,공원집,부산광역시 부산진구 가야공원로 83-12 (가야동),,129.0290836,35.14571787
남구,공원칼국수,부산광역시 남구 유엔평화로 110 (대연동),,129.0954367,35.12626571
중구,관수옥과 초량왜관 터,부산광역시 중구 용두산길 37-55,,129.0327484,35.10053966
사하구,관음사(부산),부산광역시 사하구 제석로79번길 33 (당리동),,128.9758364,35.10883768
남구,광명집,부산광역시 남구 신선로 458 (대연동),,129.1009668,35.12567144
중구,광복 지하도상가,부산광역시 중구 중앙대로 지하17 (중앙동6가),,129.0361453,35.09976203
강서구,광복경양식,부산광역시 강서구 명지국제6로220번길 19 (명지동),,128.9241107,35.09536324
중구,광복로 겨울빛 트리축제,부산광역시 중구 광복로 72-1 (광복동2가),,129.0327401,35.09863987
중구,광복로패션거리,부산광역시 중구 광복로 72-1 (광복동2가),,129.0327401,35.09863987
수영구,광안리 SUP Zone,부산광역시 수영구 남천동,,129.1146733,35.14773867
수영구,광안리해변 테마거리,부산광역시 수영구 민락동,,129.1221363,35.15516575
해운대구,광주요,부산광역시 해운대구 센텀남대로 35,,129.1297464,35.16886713
서구,구덕문화공원,부산광역시 서구 꽃마을로163번길 73 (서대신동3가),,129.0058167,35.12643349
서구,구덕민속예술관,부산광역시 서구 대신공원로 34-91 (서대신동3가),,129.0185101,35.12397566
사상구,구덕민속촌,부산광역시 사상구 학감대로39번안길 15-17,,128.9977755,35.1328604
해운대구,구덕포끝집고기,부산광역시 해운대구 송정구덕포길 178,,129.1968878,35.16800459
강서구,구디너프,부산광역시 강서구 가덕해안로1169번길 28 (대항동),,128.833157,35.01274583
해운대구,구로마쯔,부산광역시 해운대구 송정광어골로 41 (송정동),,129.1971986,35.17747298
금정구,구서오시게시장,부산광역시 금정구 구서로 12,,129.0898033,35.24737427
북구,구포 어린이교통공원,부산광역시 북구 낙동북로 687 (구포동),,128.9999846,35.20105835
북구,구포무장애숲길,부산광역시 북구 낙동북로 722 (구포동),,129.0004319,35.19778095
북구,구포시장,부산광역시 북구 구포시장2길 7 (구포동),,129.0037896,35.20875756
수영구,국이네 낙지볶음,부산광역시 수영구 연수로 410,,129.1138311,35.1680336
중구,국제시장,부산광역시 중구 신창로4가 일원,,129.0285793,35.10164224
중구,국제시장 먹자골목,부산광역시 중구 중구로 36,,129.0280793,35.10113117
금정구,국청사(부산),부산광역시 금정구 북문로 42,,129.0549922,35.25388956
영도구,그라치에,부산광역시 영도구 청학동로 12 (청학동),,129.0615712,35.08905814
해운대구,그랜드 조선 부산,부산광역시 해운대구 해운대해변로 292 그랜드 조선 부산,,129.1631548,35.16010485
해운대구,그랜드애플,부산광역시 해운대구 센텀1로 25,,129.1320129,35.16647856
부산진구,그런고로,부산광역시 부산진구 서전로 40 (전포동),,129.0642469,35.15755886
수영구,그레이193호텔,부산광역시 수영구 광안해변로278번길 42 오션브릿지,,129.1245417,35.15401037
수영구,그린노마드,부산광역시 수영구 좌수영로 161-10 (망미동),,129.1167973,35.17841305
해운대구,그림하우스,부산광역시 해운대구 송정구덕포길 64,,129.1974682,35.1729596
기장군,그릿비 일광,부산광역시 기장군 일광읍 일광로 354,,129.2548493,35.27431598
금정구,글로컬 문화 in(人) 남산 페스티벌,부산광역시 금정구 남산로 27 (남산동),,129.0893639,35.26684152
동래구,금강만두,부산광역시 동래구 사직북로5번길 11,,129.0602739,35.19616279
동래구,금강사(부산),부산광역시 동래구 우장춘로 211 (온천동),,129.0771855,35.22500987
금정구,금강식물원,부산광역시 금정구 장전동 산 43-1,,129.0770633,35.22647637
북구,금곡동 율리 바위그늘유적,부산광역시 북구 금곡동,,129.0204259,35.25053929
수영구,금련산,부산광역시 수영구 광안동,,129.0974161,35.16022306
동래구,금문,부산광역시 동래구 온천장로119번길 57,,129.0817936,35.22188253
해운대구,금수복국 해운대본점,부산광역시 해운대구 중동1로43번길 23,,129.1645186,35.16245739
동구,금수사(부산),부산광역시 동구 망양로 533-1,,129.0296787,35.12042071
연제구,금용암(부산),부산광역시 연제구 성지곡로 111,,129.0496639,35.19160755
금정구,금정문화원,부산광역시 금정구 중앙대로1826번길 10-4 (구서동),,129.0932141,35.24732989
금정구,금정산,부산광역시 금정구 금성동,,129.0518588,35.26844898
금정구,금정산성 동문,부산광역시 금정구 장전동,,129.0642278,35.24534069
금정구,금정산성 창녕집,부산광역시 금정구 산성로 520,,129.0553258,35.2445795
금정구,금정산성마을 먹거리촌,부산광역시 금정구 금성동,,129.053823,35.25138704
부산진구,급행장,부산광역시 부산진구 서면문화로 4,,129.0580307,35.15810313
기장군,기장끝집 죽성본점,부산광역시 기장군 기장읍 기장해안로 895,,129.2435319,35.23485908
기장군,기장문화원,부산광역시 기장군 기장읍 청강로74번길 35-6,,129.2217032,35.23535028
기장군,기장붕장어축제in칠암,부산광역시 기장군 일광읍 칠암리,,129.2599954,35.29831894
기장군,기장향교,부산광역시 기장군 기장읍 차성로417번길 35,,129.2158837,35.2578421
남구,김유순대구뽈찜,부산광역시 남구 진남로 15,,129.0915367,35.13640617
동래구,깃발집 국수전골,부산광역시 동래구 온천장로107번길 10,,129.0838684,35.22047717
영도구,깡깡이 예술마을,부산광역시 영도구 대평북로 36,,129.0342207,35.0932044
기장군,꺼먹동네횟집,부산광역시 기장군 일광읍 문오성길 509,,129.2595732,35.29858835
수영구,꽃피는 4월 밀익는 5월,부산광역시 수영구 망미번영로70번길 16 (수영동),,129.1110174,35.17279968
해운대구,나가하마만게츠,부산광역시 해운대구 우동1로 57 (우동),,129.1574802,35.166729
남구,나막집,"부산광역시 남구 분포로 145 (용호동, 더블유)",,129.112585,35.13424847
사하구,낙동강문화관,부산광역시 사하구 낙동남로1233번길 1,,128.9474417,35.10828722
사하구,낙동강하구 (부산 국가지질공원),부산광역시 사하구 낙동남로 1240,,128.9460086,35.10455151
동구,남도해양열차 에스트레인(S-train),부산광역시 동구 중앙대로 206,,129.0424332,35.11527152
부산진구,남부산교회,부산광역시 부산진구 진남로 300 남부산교회,,129.0732462,35.15237627
금정구,남산시장,부산광역시 금정구 금강로 700,,129.0893221,35.26989951
동구,남선창고터,부산광역시 동구 초량로13번길 53,,129.0395112,35.1167963
부산진구,남성관,부산광역시 부산진구 백양대로136번길 51,,129.0337549,35.16223277
수영구,남천 해변시장,부산광역시 수영구 광안해변로15번길 77,,129.1090851,35.13927284
수영구,남천녹차팥빙수,부산광역시 수영구 수영로394번길 28,,129.1086712,35.14072823
수영구,남천다옴,부산광역시 수영구 수영로464번길 9 (남천동),,129.1109431,35.14737753
남구,남파랑길(부산),부산광역시 남구 용호동,,129.1212573,35.10263828
중구,남포동 지하도상가,부산광역시 중구 구덕로 지하 44,,129.0306458,35.0980149
중구,남포동건어물도매시장,부산광역시 중구 용미길8번길 4-1,,129.0345233,35.09734561
영도구,남항시장,부산광역시 영도구 절영로49번길 73-5,,129.0422784,35.08892169
강서구,낭만송백,부산광역시 강서구 맥도강변길 283,,128.9310646,35.13376463
동구,노떼 라 미아 호텔,부산광역시 동구 대영로 265,,129.0397363,35.11184686
중구,노티스,부산광역시 중구 대교로 135 (중앙동5가),,129.037409,35.10224233
강서구,녹산고향동산,부산광역시 강서구 범방4로 132,,128.8860013,35.15431705
강서구,녹산용가든,부산광역시 강서구 낙동남로682번길 94 (녹산동),,128.8935433,35.11909336
해운대구,누리마루 APEC하우스,부산광역시 해운대구 동백로 116,,129.1513116,35.15239438
수영구,누스테이 부산,부산광역시 수영구 수영로 722-1 (광안동),,129.1183891,35.16822255
금정구,늘푸른숲,부산광역시 금정구 체육공원로 270 (선동),,129.1071457,35.26613082
부산진구,늘해랑,부산광역시 부산진구 중앙대로928번길 12,,129.0716986,35.17230179
사하구,다대씨파크,부산광역시 사하구 다대동로 20 (다대동),,128.9719938,35.05515473
사하구,다대포 꿈의 낙조분수,부산광역시 사하구 몰운대1길 14 (다대동),,128.9680471,35.04639453
해운대구,다솥맛집,부산광역시 해운대구 송정광어골로 29 (송정동),,129.1979263,35.17860342
강서구,다온나루,부산광역시 강서구 범방3로46번길 21 (범방동),,128.8818019,35.14648174
부산진구,다원,부산광역시 부산진구 서면문화로 23-1,,129.0561531,35.15913631
부산진구,단아,부산광역시 부산진구 전포대로132번길 7 (전포동),,129.0666302,35.1488571
해운대구,달맞이동산,부산광역시 해운대구 달맞이길 184 (중동),,129.1821533,35.15713053
중구,대각사(부산),부산광역시 중구 광복중앙로 19 (신창동1가),,129.0307152,35.10108401
사상구,대궐안집,부산광역시 사상구 광장로 68,,128.9840593,35.16172636
중구,대동냉면밀면,부산광역시 중구 흑교로45번길 31,,129.0217354,35.10370021
기장군,대변시장,부산광역시 기장군 기장읍 대변리 444-72,,129.2306472,35.22412671
기장군,대보름,부산광역시 기장군 기장해안로 98,,129.2126498,35.18773878
수영구,대복성,부산광역시 수영구 수미로13번길 11,,129.1123144,35.17465783
남구,대연수목전시원,부산광역시 남구 신선로447번길 24 (대연동),,129.098692,35.12519645
강서구,대저캠핑장,부산광역시 강서구 체육공원로6번길 184,,128.9847746,35.20745458
강서구,대저할매국수,부산광역시 강서구 대저중앙로 337,,128.9837354,35.22135022
해운대구,대천공원,부산광역시 해운대구 장산로 331-18 (좌동),,129.1678566,35.18137755
북구,대천천,부산광역시 북구 화명동,,129.0192012,35.24222909
강서구,대항 어촌체험 휴양마을,부산광역시 강서구 가덕해안로1207번길 9-2,,128.8276908,35.01172084
기장군,더무빙 카라반,부산광역시 기장군 장안읍 해맞이로 290,,129.2701216,35.32269973
기장군,더바베큐051,부산광역시 기장군 기장읍 기장해안로 62,,129.2111306,35.18481686
부산진구,더스타뷔페,"부산광역시 부산진구 중앙대로666번길 50 (부전동, 더샵 센트럴스타)",,129.0619694,35.15213164
수영구,더웨이브,부산광역시 수영구 민락수변로 9,,129.1241834,35.15509913
수영구,더파크 게스트하우스(The Park Guesthouse),부산광역시 수영구 광남로 151,,129.1177812,35.15484348
금정구,더팜471,부산광역시 금정구 하마2길 28-17 (청룡동),,129.0768619,35.27767341
해운대구,더펫텔프리미엄스위트,부산광역시 해운대구 해운대해변로197번길 12,,129.1531419,35.15924087
기장군,덕미,부산광역시 기장군 기장읍 동암해안길 77,,129.2278093,35.19639921
남구,덕산명가 참소국밥,부산광역시 남구 유엔로 187 (대연동),,129.0968253,35.13042083
사상구,덕포시장,부산광역시 사상구 사상로285번길 8-5,,128.9821175,35.1708003
금정구,데팡스가든센터,부산광역시 금정구 중앙대로 2315 (노포동),,129.0975792,35.29081121
동래구,동래문화원,부산광역시 동래구 문화로 80 (명륜동),,129.0905625,35.2121199
동래구,동래밀면,부산광역시 동래구 명륜로 47 (수안동),,129.084169,35.19840743
동래구,동래온천길(온천천 카페거리),부산광역시 동래구 온천천로 451,,129.1024593,35.19162797
동래구,동래읍성 임진왜란 역사관,부산광역시 동래구 충렬대로 지하223 (수안동),,129.0839245,35.20187648
동래구,동래향교,부산광역시 동래구 동래로 103,,129.0841215,35.20772027
해운대구,동백공원,부산광역시 해운대구 동백로 99 (우동),,129.1523226,35.15366092
해운대구,동백섬횟집,부산광역시 해운대구 해운대해변로209번나길 17,,129.1546889,35.16042965
영도구,동삼동패총전시관,부산광역시 영도구 태종로 729,,129.0796423,35.07121603
해운대구,동서대학교 소향씨어터 신한카드홀,부산광역시 해운대구 센텀중앙로 55 (우동),,129.1276354,35.17313606
사하구,동원장수촌,"부산광역시 사하구 동매로 117 (하단동, 건우리안)",,128.970987,35.10185504
서구,두도,부산광역시 서구 암남동,,129.0148985,35.04909231
남구,듀스포레,부산광역시 남구 황령대로319번가길 193 (대연동),,129.0897782,35.15049345
기장군,디원카페,부산광역시 기장군 일광읍 일광로 326,,129.2529273,35.27244949
연제구,디저트시네마,부산광역시 연제구 쌍미천로 32-1 (연산동),,129.0905191,35.17630724
금정구,땅뫼산,부산광역시 금정구 오륜대로 260-1,,129.1174425,35.24727479
해운대구,라꽁띠,부산광역시 해운대구 청사포로 85,,129.1890109,35.16260505
동구,라메르호텔,부산광역시 동구 조방로34번길 9,,129.0623197,35.14052462
해운대구,라비드아틀란호텔2,부산광역시 해운대구 구남로 37,,129.1615188,35.16116859
수영구,러브얼스,부산광역시 수영구 광안로49번길 32-1 (광안동),,129.118606,35.15646832
수영구,레이저태그스포츠 광안점,부산광역시 수영구 광안해변로 269 (민락동),,129.1230696,35.15588235
강서구,렛츠런파크 부산경남,부산광역시 강서구 가락대로 929,,128.8819239,35.15464472
강서구,로다로지,부산광역시 강서구 명지국제12로19번길 20-10 (명지동),,128.923691,35.10628423
기장군,로아누,부산광역시 기장군 일광읍 기장대로 868-34,,129.2322429,35.27352398
강서구,록산,부산광역시 강서구 화전산업대로 272-43 (녹산동),,128.8889634,35.11136636
기장군,롯데프리미엄아울렛 동부산점,부산광역시 기장군 기장읍 기장해안로 147,,129.2127941,35.19222995
부산진구,롯데호텔 부산,부산광역시 부산진구 가야대로 772 (부전동),,129.0559892,35.15733373
부산진구,롯데호텔부산 무궁화,부산광역시 부산진구 가야대로 772,,129.0564309,35.15686435
해운대구,류센소 본점,부산광역시 해운대구 구남로8번길 62,,129.1562304,35.16162677
동래구,르쎄,부산광역시 동래구 온천천로 467-1,,129.1041675,35.19140303
금정구,리디앤폴(LIDI&PAUL),부산광역시 금정구 금샘로 219 (장전동),,129.0836872,35.24378844
기장군,리버사이드,부산광역시 기장군 일광로 582-44,,129.2596622,35.29296954
해운대구,리베로호텔,부산광역시 해운대구 구남로29번길 21,,129.1612661,35.16244899
수영구,리오네,부산광역시 수영구 구락로 36 (수영동),,129.1200611,35.17163331
기장군,마레레스토랑,부산광역시 기장군 일광읍 일광로 350,,129.2545021,35.27393824
기장군,마리솔,부산광역시 기장군 일광읍 일광로 290,,129.2488304,35.27214389
해운대구,마린시티,부산광역시 해운대구 우동,,129.1436567,35.15603272
기장군,마티에 오시리아,부산광역시 기장군 기장읍 동부산관광7로 17,,129.2145135,35.18849706
금정구,마파람해물찜해물탕 구서본점,부산광역시 금정구 금강로 418 (구서동),,129.0886118,35.24479953
기장군,마포면옥,부산광역시 기장군 월내2길 10-36 마포면옥,,129.27984,35.32849926
연제구,마하사(부산),부산광역시 연제구 봉수로 138,,129.0876863,35.1639058
기장군,만달리,부산광역시 기장군 기장읍 반송로 1392,,129.1946773,35.25344498
중구,만물의거리,부산광역시 중구 국제시장2길 20-1,,129.0286987,35.0996508
금정구,만서리 이가네 막국수,부산광역시 금정구 식물원로 27,,129.0850571,35.22445175
중구,만석미역 본점,부산광역시 중구 충장대로5번길 32-1 (중앙동4가),,129.0374533,35.10813056
기장군,만선해물탕,부산광역시 기장군 구연로 18-8,,129.1810766,35.32167041
강서구,만호갈미샤브샤브,부산광역시 강서구 르노삼성대로 602 (명지동),,128.9286019,35.10137099
해운대구,맘보식당,부산광역시 해운대구 송정광어골로 76 (송정동),,129.1960571,35.17485936
해운대구,맛소문오리불고기,부산광역시 해운대구 좌동로 109-17 (좌동),,129.1767894,35.17393688
강서구,망산도·유주암,부산광역시 강서구 송정동,,128.8209252,35.09672509
기장군,메르데쿠르,부산광역시 기장군 기장읍 기장해안로 871-1,,129.2441569,35.23311206
기장군,메밀447,부산광역시 기장군 일광읍 화용길 53-33,,129.2287847,35.28090087
기장군,메이크씨,부산광역시 기장군 일광읍 일광로 754,,129.2593618,35.30838447
금정구,명수정,부산광역시 금정구 구서로 23,,129.0885367,35.2466271
강서구,명지시장,부산광역시 강서구 신포길 13-10 (명지동),,128.9317096,35.11291975
강서구,명지첫집,부산광역시 강서구 명지국제6로232번길 18 (명지동),,128.9244746,35.09585486
동구,모닝듀 게스트 하우스(모닝듀),부산광역시 동구 초량중로21번길 5-2,,129.0364338,35.11414931
금정구,모모스커피 본점,부산광역시 금정구 오시게로 20 (부곡동),,129.086496,35.2192718
영도구,목장원,부산광역시 영도구 절영로 355,,129.0573776,35.07165723
서구,몽실종가돼지국밥,부산광역시 서구 까치고개로197번길 3 (아미동2가),,129.0173664,35.10016164
영도구,몽작,부산광역시 영도구 남항서로 36,,129.0361429,35.08484148
동구,묘심사(부산),부산광역시 동구 망양로 671,,129.0395054,35.12676185
기장군,무진장횟집,부산광역시 기장군 기장읍 연화1길 137,,129.2261339,35.2171163
해운대구,문탠로드,부산광역시 해운대구 달맞이길 120,,129.1756011,35.15749704
해운대구,문토스트,부산광역시 해운대구 송정해변로 16 (송정동),,129.2043979,35.18094772
남구,문화쌈밥,부산광역시 남구 유엔평화로 72,,129.0931951,35.12875706
중구,물꽁식당,부산광역시 중구 흑교로59번길 3,,129.0244018,35.10451684
강서구,물빛색스튜디오,부산광역시 강서구 체육공원로6번길 139-28 (대저1동),,128.9797833,35.20937372
기장군,미동암소정,부산광역시 기장군 철마면 미동길 19,,129.1706423,35.28833506
금정구,미륵사(부산),부산광역시 금정구 북문로 126,,129.0489255,35.27400663
동래구,미미루,부산광역시 동래구 온천장로 91-1 (온천동),,129.0829796,35.21953282
중구,미술의거리,부산광역시 중구 신창동4가,,129.0279266,35.10063956
기장군,미청식당,부산광역시 기장군 일광면 기장해안로 1303,,129.2331904,35.26031159
해운대구,미포정거장,부산광역시 해운대구 달맞이길62번길 13 (중동),,129.1728513,35.15819691
해운대구,미포항,부산광역시 해운대구 중동,,129.1717292,35.15803857
수영구,민락스테이,부산광역시 수영구 민락본동로 28 (민락동),,129.1288384,35.15924875
중구,민주공원,부산광역시 중구 민주공원길 19,,129.0281096,35.10938025
수영구,바로해장,"부산광역시 수영구 광남로94번길 2 (광안동, 광일)",,129.1146788,35.15014673
강서구,박가네순두부,부산광역시 강서구 신호산단1로98번길 91 (신호동),,128.8762264,35.08082788
기장군,박태준기념관,부산광역시 기장군 임랑해안길 1 박태준기념관,,129.2612503,35.3169141
동래구,박해윤통영해물밥상,부산광역시 동래구 연안로 38,,129.1082532,35.19116146
해운대구,반송187,부산광역시 해운대구 신반송로182번길 2-15 (반송동),,129.1608948,35.22913874
해운대구,반송3동골목시장,부산광역시 해운대구 아랫반송로39번길 18-12 신발집,,129.150382,35.22404467
해운대구,반송공원,부산광역시 해운대구 반송순환로 100-53 (반송동),,117.9925663,19.69442748
해운대구,반여도서관,부산광역시 해운대구 재반로282번길 38,,129.1338451,35.20203572
기장군,밤나무집,부산광역시 기장군 철마면 개좌로 763-25,,129.1487003,35.26901738
사하구,방가방가게스트하우스(풍경집),부산광역시 사하구 감내1로224번길 7,,129.0097699,35.09708407
강서구,방코,부산광역시 강서구 새진목길 51 (명지동),,128.9222826,35.11549984
동래구,배종관동래삼계탕,부산광역시 동래구 동래로116번길 39 (복천동),,129.0847771,35.20529833
사상구,백양산 웰빙숲,부산광역시 사상구 모라동,,129.0093259,35.18493811
금정구,범어사 성보박물관,부산광역시 금정구 범어사로 250,,129.0681153,35.28397532
동구,범일 이중섭거리,부산광역시 동구 범일동,,129.0521956,35.14033279
동래구,법륜사(부산),부산광역시 동래구 동래로 160 (칠산동),,129.0879435,35.20362358
부산진구,베를리너 하우스,부산광역시 부산진구 전포대로224번길 26 (전포동),,129.0669383,35.15646458
해운대구,베이몬드호텔,부산광역시 해운대구 해운대해변로209번가길 27,,129.1567804,35.15959923
영도구,베이하운드호텔,부산광역시 영도구 태종로65번길 11 (대교동1가),,129.0384647,35.09318226
강서구,벨렘351,부산광역시 강서구 대저로299번길 6 (대저1동),,128.9845551,35.21150968
동구,보광사(부산),부산광역시 동구 범상로1번길 35,,129.0468822,35.14088263
강서구,보람공원,부산광역시 강서구 녹산산단262로14번길 20,,128.843243,35.0881459
사하구,보리에 브레드 팩토리,부산광역시 사하구 다송로72번길 50 (다대동),,128.9816844,35.06096259
사하구,복성반점,부산광역시 사하구 하신중앙로 289 (하단동),,128.9624794,35.10367691
기장군,본가딸부자전복죽집,부산광역시 기장군 기장읍 연화2길 14-1,,129.226045,35.2175468
금정구,부곡상가시장,부산광역시 금정구 부곡로 107,,129.0914815,35.22552119
강서구,부산 강서문화원,부산광역시 강서구 낙동북로 477 강서구청,,128.9805054,35.21132351
동구,부산 동구도서관,부산광역시 동구 성북로36번길 54,,129.0524429,35.1380886
사상구,부산 르네시떼,부산광역시 사상구 광장로 7,,128.9776598,35.16385378
동래구,부산 복천동 고분군,부산광역시 동래구 복천로 66,,129.0906821,35.20687327
서구,부산 서구 의료관광축제,부산광역시 서구 송도해변로 36 (암남동),,129.0174755,35.07275638
연제구,부산 센트럴호텔,부산광역시 연제구 중앙대로 1122,,129.0815723,35.1877669
서구,부산 송도해상케이블카,부산광역시 서구 송도해변로 171,,129.0234248,35.07668105
서구,부산 송도해수욕장,부산광역시 서구 송도해변로 100,,129.0164588,35.07392567
사상구,부산 엄궁농산물도매시장,부산광역시 사상구 농산물시장로9번길 11 (엄궁동),,128.9643091,35.12871858
해운대구,부산 영화의 거리,"부산광역시 해운대구 마린시티1로 91 (우동, 마린시티두산위브포세이돈)",,129.1444372,35.15494952
해운대구,부산 영화의 전당,부산광역시 해운대구 수영강변대로 120,,129.1270577,35.17079465
중구,부산 자갈치 양곱창 골목,부산광역시 중구 구덕로 73,,129.0277461,35.0973677
중구,부산 자갈치시장,부산광역시 중구 자갈치해안로 52,,129.0306042,35.09665117
동구,부산 자유도매시장,부산광역시 동구 조방로 48,,129.0611337,35.14104398
서구,부산 중앙공원,부산광역시 서구 망양로193번길 187 (동대신동2가),,129.027954,35.11214383
부산진구,부산 중앙시장,부산광역시 부산진구 중앙번영로20번길 34-3,,129.0611197,35.14341038
연제구,부산 카페 라운지,부산광역시 연제구 중앙대로1056번길 13 (연산동),,129.0796893,35.18257301
서구,부산고등어축제,부산광역시 서구 송도해변로 100 (암남동),,129.0180753,35.07685871
해운대구,부산광안대교,부산광역시 해운대구 수영강변대로 203,,129.1270084,35.14499476
기장군,부산광역시 기장도서관,부산광역시 기장군 기장읍 차성동로126번길 13-5,,129.217281,35.2497097
영도구,부산광역시 영도도서관,부산광역시 영도구 함지로79번길 6,,129.0660434,35.07550141
금정구,부산광역시교육청학생인성교육원,부산광역시 금정구 북문로 178,,129.0456984,35.26061085
동래구,부산광역시립 명장도서관,부산광역시 동래구 명안로46번길 35,,129.1065698,35.20087146
부산진구,부산광역시립 시민도서관,부산광역시 부산진구 월드컵대로 462 (초읍동),,129.0503002,35.18288354
연제구,부산광역시립 연산도서관,부산광역시 연제구 고분로191번길 16 부산광역시립연산도서관,,129.1040121,35.18610917
중구,부산광역시립 중앙도서관,부산광역시 중구 망양로193번길 146,,129.0269458,35.10999405
해운대구,부산국제아동도서전,부산광역시 해운대구 APEC로 55 (우동),,129.1355209,35.16874503
중구,부산근현대역사관 별관,부산광역시 중구 대청로 104,,129.0312012,35.10268384
중구,부산근현대역사관 본관,부산광역시 중구 대청로 112 (대청동1가),,129.03219,35.10276162
해운대구,부산글로벌웹툰페스티벌,부산광역시 해운대구 수영강변대로 140 (우동),,129.1256078,35.17275273
북구,부산기후변화체험교육관,부산광역시 북구 학사로 118 (화명동),,129.0081636,35.23295493
영도구,부산대교,부산광역시 영도구 봉래나루로 79 (봉래동1가),,129.0388147,35.09457655
금정구,부산대학교 박물관,부산광역시 금정구 부산대학로63번길 2,,129.0798601,35.23339232
남구,부산동명불원,부산광역시 남구 동명로 57 (용당동),,129.1038167,35.11896946
중구,부산명물횟집,부산광역시 중구 자갈치해안로 55,,129.0311458,35.0971289
남구,부산문화회관,부산광역시 남구 유엔평화로76번길 1 부산문화회관,,129.0937451,35.1285071
사상구,부산새벽시장,부산광역시 사상구 새벽로 141 (감전동),,128.9826013,35.15378
해운대구,부산수제맥주마스터스챌린지,부산광역시 해운대구 APEC로 55 (우동),,129.1355209,35.16874503
해운대구,부산시립미술관,부산광역시 해운대구 APEC로 58,,129.1370458,35.16669807
중구,부산영화체험박물관,부산광역시 중구 대청로126번길 12,,129.0336899,35.10175899
해운대구,부산영화촬영스튜디오,부산광역시 해운대구 해운대해변로 52,,129.1380958,35.162518
해운대구,부산요트투어 3355마린,부산광역시 해운대구 해운대해변로 84,,129.1419845,35.15984059
부산진구,부산전자종합시장,부산광역시 부산진구 부전로 196 (부전동),,129.0624413,35.16376368
사상구,부산점자도서관,부산광역시 사상구 덕상로72번길 9,,128.9898028,35.17813018
기장군,부산조개창고,부산광역시 기장군 정관읍 구연3로 17,,129.181571,35.32144266
부산진구,부산종합민속예술제,부산광역시 부산진구 시민공원로 73 (범전동),,129.0572361,35.16544951
중구,부산중구반려동물축제,부산광역시 중구 용두산길 37-30 (광복동2가),,129.0323595,35.10119513
부산진구,부산진 별빛산책길,부산광역시 부산진구 범전동,,129.0546281,35.16403851
동구,부산진시장,부산광역시 동구 진시장로 24,,129.0587979,35.1361806
중구,부산항힐링야영장,부산광역시 중구 이순신대로 72 (중앙동4가),,129.0440917,35.10578373
수영구,부센동,"부산광역시 수영구 수영로588번길 7 (광안동, 광안 협성엠파이어Ⅱ)",,129.1136786,35.15839023
해운대구,부우사안,부산광역시 해운대구 해운대해변로209번나길 16 동성장,,129.1545195,35.16017412
사상구,부전돼지국밥,부산광역시 사상구 사상로 214,,128.983937,35.16423441
부산진구,부전마켓타운,부산광역시 부산진구 중앙대로755번길 21,,129.0614025,35.16246103
중구,부평깡통시장,부산광역시 중구 부평1길 48,,129.0260517,35.1015922
중구,부평동한복거리,부산광역시 중구 부평2길 44,,129.0265905,35.10145056
북구,북구문화예술회관 공연장,부산광역시 북구 금곡대로46번길 50,,129.0057671,35.21345152
금정구,북맛골,부산광역시 금정구 장전동,,129.0825597,35.23699196
수영구,분홍이네,"부산광역시 수영구 광안로45번길 2 (광안동, 광안비취빌리지)",,129.1173728,35.15542119
부산진구,불끈낙지,부산광역시 부산진구 가야대로410번길 4 하이마트개금점,,129.0176039,35.15167532
부산진구,브라운도트 호텔 서면역점 비즈니스,부산광역시 부산진구 가야대로756번길 16 (부전동),,129.0540422,35.15663933
부산진구,브라운도트호텔 서면범천점,부산광역시 부산진구 황령대로7번길 20-11 (범천동),,129.0606113,35.14851258
해운대구,브라운도트호텔 송정점,부산광역시 해운대구 송정광어골로 30 (송정동),,129.1973403,35.17879783
기장군,브라운도트호텔 정관점,부산광역시 기장군 정관읍 산단1로 98-31,,129.1817795,35.3161516
기장군,브라운피크닉,부산광역시 기장군 철마면 개좌로 763-25,,129.1487059,35.26916458
기장군,브레이크인커피,부산광역시 기장군 병산로 117,,129.1778264,35.34083764
중구,브로시스 호텔,부산광역시 중구 구덕로48번길 4,,129.0309291,35.09864539
강서구,브리타니,부산광역시 강서구 가덕해안로 663 (천성동),,128.812872,35.03758157
해운대구,블루스토리 호텔,부산광역시 해운대구 해운대해변로237번길 11 (우동),,129.1575109,35.15994643
사상구,비상(VSANT),부산광역시 사상구 강변대로 420-7 (엄궁동),,128.9621706,35.12268588
수영구,비스포레,부산광역시 수영구 민락수변로239번길 4 (민락동),,129.1287022,35.16368436
영도구,비치모텔,부산광역시 영도구 하리해안길 10-9 비치모텔,,129.0813283,35.06924406
해운대구,사마정,"부산광역시 해운대구 마린시티3로 46 (우동, 우신골든메르시아)",,129.1453482,35.15514118
부산진구,사미헌,부산광역시 부산진구 서면문화로 19,,129.0566864,35.15899745
해운대구,사비아,부산광역시 해운대구 달맞이길117번라길 100,,129.1827142,35.16230218
사상구,사상강변축제,부산광역시 사상구 삼락동,,128.9735267,35.16893924
사상구,사상근린공원,부산광역시 사상구 가야대로 35,,128.976874,35.15219951
사상구,사상문화원,부산광역시 사상구 가야대로196번길 51,,128.9948587,35.14763091
사상구,사천게장집,부산광역시 사상구 낙동대로1518번길 27 (삼락동),,128.9855944,35.19353115
금정구,산성청송가든,부산광역시 금정구 산성로 516,,129.0552286,35.24484058
사상구,삼락강변체육공원인라인스케이트장,부산광역시 사상구 삼락동,,128.9717798,35.16126229
사상구,삼락수상레포츠타운,부산광역시 사상구 삼락동 29-21,,128.9682187,35.17289704
수영구,삼익비치수변공원,부산광역시 수영구 남천동,,129.1169287,35.14623888
영도구,삼진어묵 체험·역사과학관,부산광역시 영도구 절영로7번길 41-1 (봉래동2가),,129.0427255,35.09281015
해운대구,상국이네,부산광역시 해운대구 구남로41번길 40-1,,129.1629548,35.16200741
중구,색채마을,부산광역시 중구 망양로 327-1 (대청동4가),,129.0294707,35.10703332
수영구,샌드스테이,"부산광역시 수영구 광안해변로279번길 29 (민락동, 유정)",,129.1253527,35.15691284
해운대구,샤브막심 송정본점,부산광역시 해운대구 송정구덕포길 104,,129.1974932,35.17122924
해운대구,샤브야 본점,부산광역시 해운대구 달맞이길 193 부광가든,,129.1823171,35.15818042
서구,서대시장족발,부산광역시 서구 대영로 43-2,,129.016319,35.109705
금정구,서동미로시장,부산광역시 금정구 서동로141번길 16 (서동),,129.1024697,35.21590858
금정구,서울깍두기,부산광역시 금정구 장전온천천로 75,,129.0887066,35.23175377
수영구,서프마린,부산광역시 수영구 광안해변로 125 (남천동),,129.1145761,35.14611662
부산진구,선암사(부산),부산광역시 부산진구 백양산로 138,,129.0275329,35.1768588
강서구,선창갈미조개,부산광역시 강서구 르노삼성대로 602 (명지동),,128.9286019,35.10137099
해운대구,선창횟집,부산광역시 해운대구 달맞이길62번길 67,,129.1738429,35.15689151
남구,성암사(부산),부산광역시 남구 진남로210번길 58-15,,129.0800958,35.14567992
중구,성일집,부산광역시 중구 대교로 103,,129.0375008,35.09942876
강서구,세븐아일랜드,부산광역시 강서구 가덕해안로 560 (천성동),,128.8072473,35.04514173
해운대구,센텀시티 아이스링크,부산광역시 해운대구 센텀남대로 35,,129.129552,35.16885602
해운대구,소공간,부산광역시 해운대구 해운대해변로298번길 47,,129.1674017,35.16172974
기장군,소두방공원,부산광역시 기장군 정관읍 방곡리,,129.1843289,35.32913907
동구,소림사(부산),부산광역시 동구 초량상로65번길 7 (초량동),,129.0373336,35.11773782
동래구,소문난원조조방낙지본점,부산광역시 동래구 명륜로94번길 37 (명륜동),,129.0839355,35.20403457
해운대구,속시원한 대구탕,부산광역시 해운대구 달맞이길 229,,129.1841197,35.16101902
해운대구,속씨원한대구탕미포본점,부산광역시 해운대구 달맞이길62번길 28 (중동),,129.1706181,35.15890512
해운대구,솔내음한정식,부산광역시 해운대구 달맞이길117번길 17-11 (중동),,129.1750177,35.15862468
서구,송도 구름산책로,부산광역시 서구 암남동 129-4,,129.0224999,35.07536451
서구,송도마을,부산광역시 서구 충무대로 47 (암남동),,129.0178503,35.0789057
서구,송도반도 (부산 국가지질공원),부산광역시 서구 암남동,,129.0195116,35.06596551
서구,송도해안볼레길,부산광역시 서구 암남동 산123-18,,129.0189477,35.06722369
수영구,송원일식,부산광역시 수영구 남천동로9번길 41 인재빌딩,,129.1108265,35.14466116
해운대구,송정담다펜션,부산광역시 해운대구 송정중앙로6번길 126 (송정동),,129.1981457,35.17877285
해운대구,송정물총칼국수,부산광역시 해운대구 송정중앙로6번길 184 명신횟집,,129.196657,35.17637587
해운대구,송정서핑학교,부산광역시 해운대구 송정해변로 34-8 (송정동),,129.2024953,35.18102268
기장군,송정전통재래시장,부산광역시 기장군 철마면 두송길 7-31,,129.1116442,35.30479879
해운대구,송정집,부산광역시 해운대구 송정광어골로 59 (송정동),,129.1963682,35.17621199
기장군,송정해녀집,부산광역시 기장군 공수해안길 57-2,,129.2133498,35.18605009
부산진구,솥이랑 서면점,부산광역시 부산진구 중앙대로 672 (부전동),,129.0596335,35.15304539
영도구,수리조선소길,부산광역시 영도구 대평로 42,,129.0334902,35.09237948
해운대구,수민이네,부산광역시 해운대구 청사포로58번길 118,,129.1909969,35.16062753
수영구,수변최고돼지국밥 민락본점,부산광역시 수영구 광안해변로370번길 9-32,,129.134313,35.15678524
연제구,수복돼지국밥,부산광역시 연제구 고분로 41-1 (연산동),,129.0869385,35.18593665
동래구,수안커피컴퍼니 커피하우스,부산광역시 동래구 충렬대로256번길 32 (수안동),,129.0867104,35.19985176
수영구,수영 돼지국밥,부산광역시 수영구 무학로 6 (광안동),,129.1144674,35.16178709
수영구,수영팔도시장,부산광역시 수영구 수영동,,129.1174085,35.17023898
해운대구,수월경화,부산광역시 해운대구 송정중앙로6번길 188,,129.1966015,35.17615089
해운대구,스노잉클라우드,부산광역시 해운대구 달맞이길117번가길 120-30 (중동),,129.1816866,35.15730828
동구,스완양분식,부산광역시 동구 중앙대로236번길 7-5 (초량동),,129.0423832,35.11810731
부산진구,스페이스앤무드,부산광역시 부산진구 새싹로 22-1 (부전동),,129.0577307,35.15991125
금정구,스포원파크,부산광역시 금정구 체육공원로399번길 324,,129.1070701,35.28916157
사하구,승학산,부산광역시 사하구 하단동,,128.9851267,35.13103815
해운대구,시그니엘 부산,부산광역시 해운대구 달맞이길 30,,129.1684044,35.16110205
강서구,시즌 조개구이,부산광역시 강서구 신호산단4로64번길 8 (신호동),,128.879676,35.08509969
동래구,신가네 호떡 김밥 떡볶이,부산광역시 동래구 충렬대로249번길 61 (복천동),,129.0867797,35.20410128
영도구,신기숲,부산광역시 영도구 와치로 65 산새소리유치원,,129.0603019,35.08688892
중구,신동아 수산물시장,부산광역시 중구 자갈치로 42,,129.0290793,35.09685112
북구,신라농원,부산광역시 북구 기찰로 7 (덕천동),,129.0059921,35.21171283
강서구,신라스테이 서부산,부산광역시 강서구 명지국제7로 38,,128.9052901,35.09670441
동구,신발원,부산광역시 동구 대영로243번길 62 (초량동),,129.0387364,35.11484928
해운대구,신세계백화점 센텀시티점,부산광역시 해운대구 센텀남대로 35,,129.1297408,35.16878659
기장군,신세계사이먼 부산 프리미엄 아울렛,부산광역시 기장군 정관로 1133 부산프리미엄아울렛,,129.2349941,35.32385172
수영구,신센,부산광역시 수영구 남천동로108번길 49,,129.1135956,35.14688041
서구,신창국밥 본점,부산광역시 서구 보수대로 53 (토성동1가),,129.0225826,35.10096443
사하구,신평종합시장,부산광역시 사하구 신평동,,128.9753647,35.09194234
동구,싱글싱글,부산광역시 동구 초량중로 18-1,,129.0368393,35.11374659
해운대구,싱싱뽈락회 해운대본점,부산광역시 해운대구 해운대해변로209번나길 64 (우동),,129.1571359,35.15971033
남구,쌍둥이돼지국밥 본점,부산광역시 남구 유엔평화로 35-1 (대연동),,129.092334,35.13180948
해운대구,씨라이프부산아쿠아리움,부산광역시 해운대구 해운대해변로 266,,129.1610328,35.15919658
기장군,아난티 앳 부산 빌라쥬,부산광역시 기장군 기장읍 기장해안로 267-7,,129.2228402,35.19940155
기장군,아난티 앳 부산 코브,부산광역시 기장군 기장읍 기장해안로 268-32,,129.2283259,35.19799348
기장군,아데초이,부산광역시 기장군 일광읍 문오성길 162-1,,129.2582292,35.28649246
해운대구,아델라7,부산광역시 해운대구 좌동로 111,,129.1768644,35.17342305
중구,아리랑거리,부산광역시 중구 광복로35번길 11 (신창동3가),,129.0287932,35.10028128
해운대구,아미산,부산광역시 해운대구 해운대해변로 154,,129.1485451,35.15813535
동구,아스티호텔 부산,부산광역시 동구 중앙대로214번길 7-8 (초량동),,129.0418305,35.11650193
기장군,아시아드 컨트리클럽,부산광역시 기장군 일광면 차양길 26,,129.2401863,35.28722815
부산진구,아시오,부산광역시 부산진구 초읍동,,129.0492419,35.18222804
중구,아이하시 (수제젓가락공예),부산광역시 중구 국제시장2길 33,,129.0283126,35.10240048
기장군,아홉산숲,부산광역시 기장군 철마면 미동길 37-1,,129.1715589,35.28714077
기장군,안데르센 동화마을,부산광역시 기장군 장안읍 장안로 211,,129.2399149,35.36011997
기장군,안적사(부산),부산광역시 기장군 기장읍 내리길 461-16,,129.1698889,35.21427668
서구,암남길 벗과벗,부산광역시 서구 송도해변로 27 (암남동),,129.0172311,35.07164539
강서구,앙로고택,부산광역시 강서구 식만로 122 (식만동),,128.9066204,35.20525061
부산진구,야스마루,부산광역시 부산진구 중앙대로756번길 24 (부전동),,129.0619942,35.15932251
사상구,약수암(부산),부산광역시 사상구 백양대로804번길 42-57 약수암,,128.9965272,35.17822751
해운대구,양산국밥,부산광역시 해운대구 좌동로10번길 75,,129.1727316,35.1678736
해운대구,양산왕돼지국밥,부산광역시 해운대구 재반로 70 (재송동),,129.1263962,35.18500138
부산진구,양정기사식당,부산광역시 부산진구 중앙대로970번길 38,,129.075326,35.17494878
기장군,어느멋진날,부산광역시 기장군 일광읍 기장해안로 1286,,129.2343182,35.25882567
강서구,어라우즈로스터리,부산광역시 강서구 르노삼성대로 630 (명지동),,128.9291851,35.10380961
해운대구,어밤부,부산광역시 해운대구 송정광어골로 87 (송정동),,129.1967043,35.1737595
기장군,어보,부산광역시 기장군 일광읍 일광로 582-22,,129.2600872,35.29370002
해운대구,엄마손대구탕,부산광역시 해운대구 송정중앙로6번길 20 (송정동),,129.2011009,35.18286967
수영구,엄용백 돼지국밥,부산광역시 수영구 수영로680번길 39,,129.1172781,35.16627275
영도구,에테르,부산광역시 영도구 절영로 234,,129.04652,35.07729529
해운대구,엘시티 레지던스,"부산광역시 해운대구 달맞이길 30 (중동, 엘시티)",,129.1683127,35.16194918
수영구,엘올리브,부산광역시 수영구 좌수영로 129-1 (망미동),,129.1180639,35.17574948
기장군,엠아이알오,부산광역시 기장군 일광읍 문오성길 56,,129.2593181,35.28273179
해운대구,엣지993,부산광역시 해운대구 달맞이길62번길 78 (중동),,129.175165,35.15645548
연제구,연동시장,부산광역시 연제구 연동로8번길 22 (연산동),,129.0925519,35.18888087
연제구,연산낙지해물탕,부산광역시 연제구 과정로 121 (연산동),,129.1069341,35.18235965
남구,연어바치,부산광역시 남구 용소로21번길 71,,129.1041384,35.13638974
서구,영남냉면밀면,부산광역시 서구 보수대로201번길 7,,129.0203019,35.11316857
해운대구,영남돼지,부산광역시 해운대구 해운대해변로209번가길 13 (우동),,129.1554444,35.1600436
해운대구,영남식육식당,부산광역시 해운대구 대천로106번길 26-10 (좌동),,129.1750868,35.17358689
영도구,영도 흰여울해안터널,부산광역시 영도구 영선동4가 1044-6,,129.0453201,35.07795908
영도구,영도관광실탄사격장,부산광역시 영도구 절영로 319,,129.0541195,35.07352919
영도구,영도다리축제,부산광역시 영도구 해양로301번길 45 (동삼동),,129.0802726,35.07860132
영도구,영도봉래시장,부산광역시 영도구 태종로113번길 39,,129.0439559,35.09274629
동구,영동밀면&돼지국밥,부산광역시 동구 중앙대로209번길 12 (초량동),,129.0393474,35.11631024
수영구,영주암(부산),부산광역시 수영구 망미배산로76번나길 15,,129.0986683,35.17665458
중구,영주하늘눈전망대,부산광역시 중구 영주동 91-7,,129.0307259,35.11461027
사하구,영진돼지국밥,부산광역시 사하구 하신번영로157번길 39 (신평동),,128.9578911,35.09667205
해운대구,영화의전당 라이브러리 자료실,부산광역시 해운대구 수영강변대로 120 (우동),,129.1270688,35.17100296
해운대구,예이제 한정식,부산광역시 해운대구 해운대해변로298번길 29,,129.1668989,35.16097982
수영구,옐로우라이트하우스,부산광역시 수영구 광안해변로370번길 9-32,,129.134313,35.15678524
영도구,오구카페,부산광역시 영도구 남항서로 52 (남항동3가),,129.0348569,35.08562192
강서구,오리한상 명지본점,부산광역시 강서구 명지국제9로 66 (명지동),,128.9247467,35.0979213
해운대구,오막집,부산광역시 해운대구 해운대해변로209번나길 28,,129.1550667,35.16008248
해운대구,오반장,부산광역시 해운대구 구남로24번길 20 (우동),,129.1592635,35.16148517
사하구,오사카,부산광역시 사하구 낙동대로324번길 2,,128.9820222,35.10041096
연제구,오소리순대,부산광역시 연제구 월드컵대로 162 (연산동),,129.0789087,35.1872308
기장군,오프오,부산광역시 기장군 기장읍 기장해안로 860,,129.2439042,35.23189553
수영구,옥련선원,부산광역시 수영구 광남로257번길 58,,129.1266024,35.16137903
기장군,옥정사,부산광역시 기장군 일광면 달음길 101,,129.2225233,35.31128068
기장군,옥탑방,부산광역시 기장군 기장읍 기장해안로 266 5층,,129.2242568,35.19825171
수영구,옥토버페스타 인 광안리,부산광역시 수영구 민락로6번길 29 (민락동),,129.1239639,35.15686282
동래구,온천천 빛 축제,부산광역시 동래구 중앙대로 1324 (온천동),,129.0785082,35.20565373
해운대구,외식1번가,부산광역시 해운대구 해운대로 425,,129.1416454,35.16639541
강서구,외양포 포진지,부산광역시 강서구 대항동,,128.8251996,35.00563814
수영구,요이쿠마 본점,부산광역시 수영구 광안해변로307번길 20,,129.126622,35.15800996
해운대구,요트탈래,부산광역시 해운대구 동백로 52,,129.1520976,35.1566217
기장군,용궁해물야채쟁반짜장,부산광역시 기장군 기장읍 기장해안로 208,,129.2207489,35.19404378
중구,용두산 자갈치 관광특구,부산광역시 중구 자갈치해안로 52,,129.0306014,35.09666505
기장군,용암할매횟집,부산광역시 기장군 기장읍 기장해안로 615,,129.2309055,35.22380175
남구,용호동일대 바다낚시,부산광역시 남구 용호동,,129.1153208,35.13352916
남구,용호별빛공원,부산광역시 남구 분포로 66-40,,129.1201732,35.13225717
기장군,우남정,부산광역시 기장군 철마면 곰내길 115,,129.1561243,35.28365198
사상구,우디브룩,부산광역시 사상구 학감대로 2 (학장동),,128.9980005,35.13455743
해운대구,우봉,"부산광역시 해운대구 마린시티1로 155 (우동, 해운대현대하이페리온)",,129.1483062,35.15724656
수영구,우성삼계탕,부산광역시 수영구 광서로10번길 68 (광안동),,129.1141256,35.16723092
기장군,우송가든,부산광역시 기장군 철마로 697 우송,,129.1671433,35.26433769
사상구,운수사(부산),부산광역시 사상구 모라로219번길 173,,129.0134339,35.18358278
해운대구,원시학,부산광역시 해운대구 우동1로20번가길 31 (우동),,129.158394,35.16627907
부산진구,원조 범일동 매떡,부산광역시 부산진구 골드테마길 52-2,,129.0602642,35.14408529
서구,원조18번완당,부산광역시 서구 구덕로238번길 6 (부용동1가),,129.0204854,35.10580551
해운대구,원조석대추어탕,부산광역시 해운대구 반송로571번길 5,,129.1251371,35.21940583
동래구,원조소문난산곰장어,부산광역시 동래구 금강공원로26번길 34,,129.0815158,35.220641
강서구,월남면반,부산광역시 강서구 명지국제6로302번길 19-3 (명지동),,128.925741,35.10250136
기장군,월명사(부산),부산광역시 기장군 일광면 참샘길 124,,129.21675,35.26924362
기장군,월화횟집,부산광역시 기장군 일광읍 문오성길 501-3,,129.2594399,35.2982606
기장군,웨스턴챔버,부산광역시 기장군 정관읍 병산로 221-19,,129.1855839,35.34649826
해운대구,윙민박,부산광역시 해운대구 송정중앙로6번길 36,,129.200551,35.18223917
중구,유라리 건맥축제,부산광역시 중구 용미길9번길 6-45 (남포동1가),,129.0359065,35.09649017
기장군,은진사,부산광역시 기장군 장안읍 고무로 271-47,,129.2765262,35.33604835
동구,은하갈비,부산광역시 동구 초량중로 86,,129.0396278,35.11932657
사하구,을숙도문화회관,부산광역시 사하구 낙동남로1233번길 25,,128.9447641,35.10999254
중구,이가네떡볶이,부산광역시 중구 부평1길 48,,129.0260517,35.1015922
해운대구,이레옥,부산광역시 해운대구 마린시티3로 51 (우동),,129.1457343,35.15436072
동구,이바구공작소,부산광역시 동구 망양로486번길 14-13,,129.033845,35.11712671
동구,이바구캠프,부산광역시 동구 망양로525번길 22,,129.0285566,35.11920138
부산진구,이비스 앰배서더 부산 시티센터,부산광역시 부산진구 중앙대로 777,,129.0618719,35.16187222
해운대구,이스턴룸,부산광역시 해운대구 달맞이길117번라길 100 (중동),,129.1827198,35.16229385
서구,이엘 16.52 (EL16.52),부산광역시 서구 암남공원로 177 (암남동),,129.0194644,35.06315471
중구,이재모피자 본점,"부산광역시 중구 광복중앙로 31 (신창동1가, 중앙아파트)",,129.0306068,35.10213944
강서구,이지요 더파크,부산광역시 강서구 신호산단1로72번길 54 (신호동),,128.8719629,35.08179436
사하구,이티135,부산광역시 사하구 다대로 95 (신평동),,128.9782672,35.09414215
강서구,이프리오,부산광역시 강서구 범방4로 32 이프리오,,128.8857738,35.14548748
기장군,이화장횟집,부산광역시 기장군 기장해안로 560-5 이화장여관,,129.2269448,35.22369058
기장군,일광 카페 숲,부산광역시 기장군 일광읍 학리등대로 45,,129.2441089,35.25981185
기장군,일광당,부산광역시 기장군 일광읍 일광로 125-1,,129.2352762,35.2666137
기장군,일광수산횟집,부산광역시 기장군 일광읍 학리등대로 74,,129.2453172,35.25773155
기장군,일광정,부산광역시 기장군 일광읍 일광로 645,,129.2580316,35.2996882
해운대구,일번지자갈치산곰장어,부산광역시 해운대구 구남로41번길 12,,129.1620466,35.16104083
금정구,일송면옥,부산광역시 금정구 부곡로141번길 6,,129.0918342,35.22874584
해운대구,일품한우,부산광역시 해운대구 해운대로570번길 49,,129.1594329,35.16025754
부산진구,읽다부산,부산광역시 부산진구 전포대로209번길 43 (전포동),,129.0628665,35.15532019
기장군,임랑카라반파크,부산광역시 기장군 일광면 일광로 763,,129.2593979,35.30950657
중구,자갈치 크루즈,부산광역시 중구 자갈치해안로 60 (남포동4가),,129.0317125,35.09672618
강서구,자갈치왕짬뽕,부산광역시 강서구 공항로447번길 6 (대저2동),,128.9517375,35.14802452
수영구,자매국밥,부산광역시 수영구 민락본동로27번길 56,,129.1257165,35.15833768
기장군,장군멸치회촌,부산광역시 기장군 기장읍 기장해안로 607,,129.2306389,35.22480441
동구,장기려기념 더 나눔센터,부산광역시 동구 영초윗길 48,,129.0327118,35.11857931
강서구,장룡수산 본점,부산광역시 강서구 낙동남로 749 (녹산동),,128.8965597,35.12148759
사하구,장림골목시장,부산광역시 사하구 장림번영로 22 (장림동),,128.9677684,35.08097121
해운대구,장산 (부산 국가지질공원),부산광역시 해운대구 장산로 331-18,,129.1681899,35.18110537
동구,장성향,부산광역시 동구 대영로243번길 29,,129.0377226,35.11357718
기장군,장씨해녀집,부산광역시 기장군 기장읍 연화1길 169,,129.2274338,35.21801622
기장군,장안사계곡,부산광역시 기장군 장안읍 장안로 482,,129.2328151,35.3744349
기장군,장안캠프,부산광역시 기장군 장안읍 장안로 18,,129.2524032,35.34188058
영도구,재기돼지국밥,부산광역시 영도구 절영로49번길 25,,129.0399036,35.08966601
기장군,전산가든,부산광역시 기장군 일광면 학리길 16,,129.2429341,35.25781761
부산진구,전포 삼거리,부산광역시 부산진구 진남로 320 (전포동),,129.0719407,35.153615
부산진구,전포커피축제,부산광역시 부산진구 전포동,,129.0635525,35.15547019
영도구,절영해안산책로,부산광역시 영도구 해안산책길 52,,129.0411871,35.08124753
기장군,정관박물관,부산광역시 기장군 정관읍 정관중앙로 122,,129.1849372,35.32694489
기장군,정관신도시시장,부산광역시 기장군 정관읍 정관6로 5-20,,129.175391,35.32052321
동래구,정림전통한정식,부산광역시 동래구 충렬대로237번길 31-3,,129.0851938,35.20304026
해운대구,제이비디자인호텔,부산광역시 해운대구 구남로12번길 31 (우동),,129.1580747,35.16172957
기장군,제이스글램핑,부산광역시 기장군 일광읍 이천8길 132-20,,129.2338482,35.2777041
영도구,제주복국,부산광역시 영도구 절영로 481,,129.0688905,35.07104363
기장군,제주항통갈치,부산광역시 기장군 공수2길 3-2,,129.2116666,35.18610284
중구,조명의거리,부산광역시 중구 국제시장2길 5,,129.0283349,35.09965912
부산진구,조방본가낙지,부산광역시 부산진구 골드테마길 2-13,,129.0602976,35.14206607
동구,조방제일한우,부산광역시 동구 조방로42번길 12 (범일동),,129.0620308,35.14080514
해운대구,조현화랑,부산광역시 해운대구 달맞이길65번길 171,,129.1795841,35.15688607
해운대구,좌동재래시장,부산광역시 해운대구 좌동로91번길 20 (좌동),,129.1744979,35.17310916
동구,좌천동 가구거리,부산광역시 동구 중앙대로460번나길 24 (좌천동),,129.0564926,35.13511678
동래구,주문진 막국수,부산광역시 동래구 사직로58번길 8 (사직동),,129.0595629,35.19604057
사하구,주식회사감천아울,"부산광역시 사하구 옥천로75번안길 10 (감천동, 제일아파트)",,129.0087951,35.09343168
수영구,주식회사뷰티홀릭,"부산광역시 수영구 광안로7번길 17 (광안동, 세종 엠스테이3차)",,129.1138175,35.15791807
사하구,주식회사아래모래,부산광역시 사하구 감내2로 100 (감천동),,129.0081228,35.09699794
사하구,주식회사어반힐링,부산광역시 사하구 낙동대로 534 (하단동),,128.9651984,35.1118316
수영구,주식회사피알아이피,부산광역시 수영구 수영로 409 (남천동),,129.1083545,35.14291409
해운대구,죽도공원,부산광역시 해운대구 송정해변로 1-23,,129.2061339,35.1799562
기장군,죽도횟집,부산광역시 기장군 기장읍 연화1길 215,,129.2268671,35.21959937
영도구,중리노을전망대,부산광역시 영도구 동삼동,,129.064327,35.06923819
중구,지엔비호텔(GNB호텔),부산광역시 중구 흑교로 19 (부평동3가),,129.0248379,35.10125888
기장군,지오클럽,부산광역시 기장군 일광면 기장해안로 1272,,129.2353514,35.25784524
기장군,진품물회,부산광역시 기장군 기장읍 연화1길 65,,129.2236759,35.2150026
기장군,채플린,부산광역시 기장군 기장읍 기장해안로 880,,129.2446679,35.23379533
해운대구,책방봄봄,부산광역시 해운대구 좌동로 9 (중동),,129.1684792,35.16736524
수영구,책방오월,부산광역시 수영구 수영로607번길 28 (광안동),,129.1121398,35.16044831
서구,천마산하늘전망대,부산광역시 서구 해돋이로183번길 17-4,,129.0173416,35.09364848
기장군,철마대가한우직판장,부산광역시 기장군 철마면 난들길 8,,129.1626602,35.27098964
기장군,철마원조추어탕,부산광역시 기장군 철마면 개좌로 763,,129.1496614,35.26838413
기장군,철마한우수목원,부산광역시 기장군 철마면 곰내길 308,,129.1693117,35.29435381
강서구,청량사(부산),부산광역시 강서구 제도로 29,,128.9190856,35.11775787
해운대구,청사포 기찻길,부산광역시 해운대구 달맞이길62번길 13 (중동),,129.1728513,35.15819691
부산진구,청킹멘션부산,부산광역시 부산진구 서전로58번길 15-3 (전포동),,129.0663189,35.15724504
영도구,청학수변공원,부산광역시 영도구 청학동 217-43,,129.0611626,35.09772939
영도구,청학시장,부산광역시 영도구 태종로316번길 1 (청학동),,129.0603711,35.09664338
동구,초량1941,부산광역시 동구 망양로 533-5 (초량동),,129.0298925,35.119818
동구,초량845,부산광역시 동구 망양로533번길 8 (초량동),,129.0297259,35.11952081
동구,초량교회,부산광역시 동구 초량상로 53,,129.0369614,35.11714343
동구,초량밀면,부산광역시 동구 중앙대로 225 (초량동),,129.0406944,35.11734626
동구,초량시장,부산광역시 동구 초량로13번길 8,,129.0400611,35.11868499
동구,초량온당,부산광역시 동구 초량중로 135 (수정동),,129.0415748,35.12345948
기장군,초오록,부산광역시 기장군 화용길 103-17,,129.2215575,35.28273942
사상구,초원농원,부산광역시 사상구 낙동대로 1498 주식회사 국제식품,,128.9829474,35.19227569
기장군,초원숲속캠핑장,부산광역시 기장군 정관읍 병산1길 18,,129.188092,35.34498459
부산진구,초함,부산광역시 부산진구 성지로 101 (초읍동),,129.0523751,35.17923676
서구,충무동 새벽시장,부산광역시 서구 해안새벽시장길 68 (남부민동),,129.0250187,35.09328477
동구,친환경 스카이웨이 전망대(이바구길),부산광역시 동구 초량동,,129.0306535,35.12130952
남구,칠성식당 본점,부산광역시 남구 지게골로 7,,129.0683388,35.13582525
기장군,칠암만장,부산광역시 기장군 일광읍 일광로 648,,129.2582316,35.29996317
기장군,칠암사계,부산광역시 기장군 칠암1길 7-10,,129.2589677,35.29992152
기장군,칠암일번지횟집,부산광역시 기장군 일광면 문오성길 547,,129.2592954,35.30025205
수영구,카운트다운 부산,부산광역시 수영구 광안해변로 219 (광안동),,129.1185478,35.15381306
금정구,카파도키아,부산광역시 금정구 금단로 123-9,,129.0922249,35.26011733
영도구,카페 385,부산광역시 영도구 태종로 539,,129.0763172,35.08432561
기장군,카페 도토리 로스터스,부산광역시 기장군 장안읍 상장안1길 29-4,,129.2434504,35.36994116
사하구,카페 만디,부산광역시 사하구 오작로 104-7 (괴정동),,129.0047758,35.10038361
기장군,카페공지,부산광역시 기장군 기장읍 기장해안로 509,,129.2251589,35.21965766
동래구,카페썬번,부산광역시 동래구 명안로17번길 80,,129.100287,35.19904654
중구,카페제노아,부산광역시 중구 중구로29번길 17 (부평동1가),,129.0270044,35.10040346
해운대구,캔버스,부산광역시 해운대구 해운대해변로197번길 13,,129.1526891,35.1592353
해운대구,캔버스 블랙,부산광역시 해운대구 해운대해변로197번길 14,,129.1530057,35.15941029
동구,커넥트현대,부산광역시 동구 범일로 125 (범일동),,129.0586006,35.14134112
기장군,코랄라니,부산광역시 기장군 기장읍 기장해안로 32,,129.2089308,35.18259207
중구,코모도 호텔 부산,부산광역시 중구 중구로 151 (영주동),,129.0353035,35.10881656
동래구,코모도테이블,부산광역시 동래구 온천천로453번길 23-2 (안락동),,129.1030314,35.19253343
해운대구,코오롱 씨클라우드 호텔,부산광역시 해운대구 해운대해변로 287 (중동),,129.1622688,35.16046868
중구,크라운 하버 호텔 부산,부산광역시 중구 중앙대로 114 (중앙동4가),,129.036845,35.10760561
해운대구,크리스마스 빌리지 부산 2025,부산광역시 해운대구 수영강변대로 120 (우동),,129.1270688,35.17100296
해운대구,클라우드32,부산광역시 해운대구 마린시티3로 52,,129.1449566,35.15439126
사상구,클래식캠퍼,부산광역시 사상구 대동로 224 (학장동),,128.9851957,35.14739465
동구,클레이디뷔페 돌잔치,부산광역시 동구 조방로 14 (범일동),,129.0634808,35.1387665
해운대구,키친동백,부산광역시 해운대구 달맞이길117번가길 85 (중동),,129.1787924,35.15782761
해운대구,타이가텐푸라,부산광역시 해운대구 우동1로38번가길 15 (우동),,129.1584218,35.16480423
동래구,타이빈,부산광역시 동래구 금강로73번길 12 (온천동),,129.0773274,35.21629974
수영구,타타에스프레소바,부산광역시 수영구 무학로33번길 57,,129.1179253,35.16406745
기장군,탐복,부산광역시 기장군 일광면 문오성길 31,,129.2577488,35.28290396
동래구,태백관,부산광역시 동래구 충렬대로285번길 31 (칠산동),,129.0908961,35.20183495
영도구,태종대온천찜질방,부산광역시 영도구 태종로 808,,129.0787787,35.06458897
영도구,태종사,부산광역시 영도구 전망로 119,,129.0897752,35.05600958
영도구,토로,부산광역시 영도구 태종로750번길 46 (동삼동),,129.0782008,35.06921345
금정구,토비코,부산광역시 금정구 금정로 45,,129.085793,35.22886793
부산진구,토요코인호텔 부산서면,부산광역시 부산진구 서전로 39 (전포동),,129.0640802,35.15800603
금정구,톤쇼우,부산광역시 금정구 금강로 247-10 (장전동),,129.0842987,35.23048717
북구,툇마루,부산광역시 북구 금곡대로285번길 81 (화명동),,129.0090301,35.23424369
부산진구,트래블라이트,부산광역시 부산진구 서면로68번길 52 (부전동),,129.0582836,35.15468129
동래구,파나카F,부산광역시 동래구 금정마을로 54,,129.0627927,35.21219715
해운대구,파라다이스 호텔 부산,부산광역시 해운대구 해운대해변로 296,,129.1641214,35.15994099
연제구,팔미초밥,부산광역시 연제구 월드컵대로119번길 8,,129.0818168,35.18497
기장군,팜카페,부산광역시 기장군 기장읍 석산1길 41,,129.2106079,35.20334533
해운대구,펠릭스바이STX,부산광역시 해운대구 해운대로 620 해운대 라뮤에뜨,,129.1584802,35.16300166
남구,평화공원,부산광역시 남구 신선로447번길 10,,129.099578,35.12532145
강서구,포레스트3002,부산광역시 강서구 낙동남로682번길 262 (녹산동),,128.8935323,35.1159576
기장군,포에버얌 부산기장점,부산광역시 기장군 일광읍 문오성길 43,,129.2583071,35.28278454
강서구,푸디1354,부산광역시 강서구 가락대로 1354 (봉림동),,128.9029435,35.18561108
금정구,풍년오리박사,부산광역시 금정구 청룡로 40 (청룡동),,129.0882165,35.27567106
기장군,풍원장시골밥상집,부산광역시 기장군 기장읍 기장해안로 250,,129.2232403,35.197449
해운대구,프루터리포레스트,부산광역시 해운대구 달맞이길 491,,129.1928601,35.17963654
영도구,플루니티,부산광역시 영도구 번영길 8,,129.0452947,35.09236858
기장군,피크스퀘어,부산광역시 기장군 기장해안로 864,,129.2439403,35.23255101
해운대구,하가원 해운대점,부산광역시 해운대구 좌동로91번길 28 (좌동),,129.174298,35.17343967
사하구,하기연진주냉면,부산광역시 사하구 괴정로 34 (하단동),,128.9678873,35.10279933
기장군,하녹,부산광역시 기장군 기장읍 내리길 146-5,,129.199689,35.21741855
기장군,하늘아래 첫 집,부산광역시 기장군 정관읍 병산2로 54-23,,129.1938108,35.34923144
기장군,하바나,부산광역시 기장군 일광읍 일광로 792,,129.261081,35.31148971
동구,하운드호텔 부산역점,부산광역시 동구 중앙대로236번길 9 하운드호텔,,129.0427026,35.11775181
해운대구,하진이네,부산광역시 해운대구 청사포로 151 (중동),,129.1940077,35.16204964
기장군,학리항(학리방파제),부산광역시 기장군 일광면 학리 251-13,,129.2477531,35.25997301
동래구,한국기독교선교박물관,부산광역시 동래구 충렬대로202번가길 24 (수안동),,129.082869,35.20125708
강서구,한그루양과점,부산광역시 강서구 명지국제6로1번길 37 (명지동),,128.8997906,35.09539335
중구,한우뭉치,부산광역시 중구 보수대로 106 (보수동3가),,129.0215937,35.1053167
중구,할매가야밀면,부산광역시 중구 광복로 56-14,,129.0312347,35.09895092
해운대구,할매복국,부산광역시 해운대구 달맞이길62번길 1,,129.1715208,35.16092435
해운대구,할매집,부산광역시 해운대구 중동2로10번길 7,,129.1649018,35.16309621
남구,할매팥빙수단팥죽,부산광역시 남구 용호로90번길 24,,129.1111159,35.12431067
영도구,함지골청소년수련관,부산광역시 영도구 절영로 321,,129.0541778,35.07448741
남구,합천국밥집,부산광역시 남구 용호로 235,,129.1112857,35.11128157
기장군,해광사,부산광역시 기장군 기장읍 기장해안로 340,,129.225762,35.20557592
기장군,해녀천지할매집,부산광역시 기장군 기장읍 연화1길 210,,129.2273615,35.21938273
기장군,해녀할매집,부산광역시 기장군 기장읍 연화2길 30-1,,129.2268505,35.21894944
영도구,해돋이전망대,부산광역시 영도구 해돋이3길 410-1 (청학동),,129.0559689,35.08911081
기장군,해동성취사,부산광역시 기장군 장안읍 고무로 207-4,,129.2752374,35.33862582
기장군,해동횟집,부산광역시 기장군 기장읍 기장해안로 603,,129.2302917,35.22504327
해운대구,해목,부산광역시 해운대구 구남로24번길 8 (우동),,129.1596829,35.16186014
사상구,해물왕창칼국수,부산광역시 사상구 사상로 316,,128.9837923,35.17273623
남구,해성아트베이,부산광역시 남구 분포로 101 (용호동),,129.1153459,35.13274869
부산진구,해신킹크랩,부산광역시 부산진구 전포대로275번길 65 (전포동),,129.0638884,35.16307768
사하구,해안누리길 몰운대길,부산광역시 사하구 다대로 734,,128.961431,35.04983847
해운대구,해운대 관광특구,부산광역시 해운대구,,129.1598691,35.1584383
해운대구,해운대 그린레일웨이 (미포~송정 구간),부산광역시 해운대구 청사포로 116 (중동),,129.1914274,35.16128579
해운대구,해운대 동백섬,부산광역시 해운대구 동백로 67,,129.152181,35.15399144
해운대구,해운대 로데오거리,부산광역시 해운대구 좌동순환로 473,,129.1696431,35.16341293
해운대구,해운대 빛축제,부산광역시 해운대구 해운대해변로 280 (중동),,129.1626049,35.15953545
해운대구,해운대 영무파라드호텔,부산광역시 해운대구 해운대해변로298번길 25 (중동),,129.1665101,35.16093815
해운대구,해운대기와집대구탕,부산광역시 해운대구 달맞이길50번길 4 (중동),,129.1700126,35.1611743
해운대구,해운대리버크루즈,부산광역시 해운대구 수영강변대로 85,,129.1273244,35.1679172
해운대구,해운대문화회관,부산광역시 해운대구 양운로 97 해운대문화회관,,129.1740314,35.17118159
해운대구,해운대센텀호텔,부산광역시 해운대구 센텀3로 20 (우동),,129.1328434,35.16785064
해운대구,해운대온천센터,부산광역시 해운대구 중동2로 16,,129.1645769,35.16344061
해운대구,해운대하얀오징어집,부산광역시 해운대구 달맞이길50번길 4,,129.1700126,35.1611743
기장군,해운대해물칼국수,부산광역시 기장군 장안읍 해맞이로 270,,129.2677218,35.32206087
기장군,"해파랑길(부산,울산 구간)",,,0,0
기장군,해풍가마솥,부산광역시 기장군 기장읍 연화1길 67,,129.2236481,35.21520258
남구,행운인생,부산광역시 남구 고동골로 40 (문현동),,129.0712912,35.14054145
기장군,향유정 속초이모네찜,부산광역시 기장군 기장읍 대변로 105,,129.2241254,35.22847888
기장군,헤이든,부산광역시 기장군 일광읍 문오성길 22,,129.2567156,35.28242066
기장군,헬로메이커,부산광역시 기장군 기장읍 동부산관광6로 59,,129.2127299,35.20463689
기장군,형제가든,부산광역시 기장군 철마면 석길길 16-6,,129.1649012,35.28577135
수영구,호두스테이,부산광역시 수영구 수영로594번길 7 (광안동),,129.1138897,35.15903739
금정구,호텔 프렌치코드,부산광역시 금정구 중앙대로1805번길 16 (구서동),,129.0923198,35.24493847
동구,호텔포레 더 스파,부산광역시 동구 중앙대로296번길 6,,129.044644,35.12261519
중구,호텔포레 프리미어 남포,부산광역시 중구 구덕로 54-1,,129.0297348,35.09842317
금정구,홍법사(부산),부산광역시 금정구 두구로33번길 202 (두구동),,129.111011,35.30404053
수영구,홍순덕 전포양곱창,부산광역시 수영구 과정로16번길 23,,129.1099591,35.17351903
북구,화명수목원,부산광역시 북구 산성로 299,,129.0426767,35.25105354
북구,화명오토캠핑장,부산광역시 북구 낙동강자전거길 1425 (덕천동),,128.9995731,35.21641774
영도구,화복반점,부산광역시 영도구 일산봉로39번길 14 (청학동),,129.0647515,35.08603909
기장군,황금새우기장본점,부산광역시 기장군 일광로 328,,129.2532995,35.2722884
남구,황령산,부산광역시 남구 황령산로 391-39,,129.0827286,35.15793416
남구,황령산 전망대,부산광역시 남구 황령산로 391-39,,129.0827286,35.15793416
기장군,황토마루,부산광역시 기장군 정관읍 병산1길 74-18,,129.1928417,35.34295435
해운대구,흑송 우동소바 송정본점,부산광역시 해운대구 송정광어골로 73 (송정동),,129.1965349,35.17505101
부산진구,희와제과,"부산광역시 부산진구 전포대로246번길 6 (전포동, 동양팰리스)",,129.0658106,35.15843101
중구,18번완당집,부산광역시 중구 비프광장로 31,,129.0284682,35.0989842
동구,1950 태성당,부산광역시 동구 중앙대로296번길 3-5,,129.0446773,35.12331511
부산진구,2025 영호남 전통시장 박람회,부산광역시 부산진구 시민공원로 73 (범전동),,129.0567056,35.16527452
수영구,25의용단,부산광역시 수영구 연수로379번길 42,,129.1138921,35.17194983
동래구,303일상,부산광역시 동래구 차밭골로 36-4 (온천동),,129.0777663,35.217008
동래구,303화덕 동래온천장점,부산광역시 동래구 차밭골로 37 (온천동),,129.0774746,35.21714132
사상구,77돌곱창,부산광역시 사상구 괘감로 98,,128.9851204,35.15722133
영도구,AJ하우스(AJ House),부산광역시 영도구 태종로 40,,129.0365232,35.09450707
수영구,JSTAY,부산광역시 수영구 남천바다로 31-1,,129.1140539,35.1488052
서구,La Casa del Sol (라까사델솔 게스트하우스),부산광역시 서구 부용로 14-36,,129.0167912,35.1080052
수영구,The Park Guest House,부산광역시 수영구 광남로 151,,129.1177867,35.15487126
남구,UN조각공원,부산광역시 남구 대연동,,129.097628,35.12973759
수영구,[백년가게]옥미아구찜,부산광역시 수영구 망미번영로55번길 35,,129.108837,35.17373009
해운대구,[부산 갈맷길] 2코스 2구간,부산광역시 해운대구 우동,,129.1325241,35.16182631
해운대구,[해파랑길] 2코스,부산광역시 해운대구 달맞이길62번길 33-1,,129.170682,35.15845517
