행정구명,사업장명,업태구분명,영업상태명,인허가일자,폐업일자,도로명주소,지번주소,경도,위도
수영구,로지하우스,호스텔업,영업,202608,,부산광역시 수영구 민락로6번길 36 (민락동),부산광역시 수영구 민락동 35-12,129.1242758,35.15685948
수영구,풀빌라 오늘의 광안,호스텔업,영업,202607,,"부산광역시 수영구 민락수변로 13-1, 정원비치 (민락동)",부산광역시 수영구 민락동 181-143 정원비치,129.1241683,35.15462201
수영구,파드,호스텔업,영업,202607,,"부산광역시 수영구 민락수변로 109, 화선빌딩 (민락동)",부산광역시 수영구 민락동 110-49 화선빌딩,129.1324364,35.15481205
수영구,낫스탠다드 부산광안리,호스텔업,영업,202607,,"부산광역시 수영구 수영로594번길 10, 2층 (광안동)",부산광역시 수영구 광안동 142-37,129.1139444,35.15862646
수영구,오누아,호스텔업,영업,202607,,"부산광역시 수영구 민락로33번길 20, 2층 (민락동)",부산광역시 수영구 민락동 165-6,129.120717,35.15751147
수영구,진스테이,호스텔업,영업,202606,,"부산광역시 수영구 광안해변로344번길 17-9, 마린리치2 6층 (민락동)",부산광역시 수영구 민락동 110-43 마린리치2,129.1311991,35.15522108
수영구,스테이 비사이드,호스텔업,영업,202606,,"부산광역시 수영구 수영로464번길 20, 2층 (남천동)",부산광역시 수영구 남천동 28-9,129.1112599,35.14694826
수영구,루미나 더 조은,호스텔업,영업,202605,,"부산광역시 수영구 광안해변로344번길 17-22, 나경크리스탈 타워 3층 (민락동)",부산광역시 수영구 민락동 110-28 나경크리스탈 타워,129.1319768,35.15503573
수영구,여기 G,호스텔업,영업,202605,,부산광역시 수영구 수영로451번길 4 (남천동),부산광역시 수영구 남천동 52-13,129.1097782,35.14642506
수영구,바이비하우스,호스텔업,영업,202604,,"부산광역시 수영구 광남로 121, 8층 (광안동)",부산광역시 수영구 광안동 174-9,129.1160058,35.15252763
수영구,까사올리브,호스텔업,영업,202604,,"부산광역시 수영구 민락로6번길 20, 3층 (민락동)",부산광역시 수영구 민락동 176-10,129.1236705,35.15642005
수영구,광안리 한옥 Stay 온달,호스텔업,영업,202604,,"부산광역시 수영구 광남로 36, 2층 (남천동)",부산광역시 수영구 남천동 7-18,129.1114288,35.14590914
수영구,광안리비치 코스모스,호스텔업,영업,202604,,"부산광역시 수영구 수영로554번길 10, 1~3층 (광안동)",부산광역시 수영구 광안동 165-11,129.113037,35.15488594
수영구,웨이브 120,호스텔업,영업,202603,,"부산광역시 수영구 광남로 120, 3층 (광안동)",부산광역시 수영구 광안동 198-2,129.1162142,35.15207328
수영구,정재스테이,호스텔업,영업,202602,,"부산광역시 수영구 민락로13번길 2, 3층 (민락동)",부산광역시 수영구 민락동 173-21,129.1223745,35.1566803
수영구,로프트 부산2,호스텔업,영업,202602,,"부산광역시 수영구 광남로 103-3, 6층 (광안동)",부산광역시 수영구 광안동 183-16,129.1147665,35.1512226
수영구,너의계절,호스텔업,영업,202602,,"부산광역시 수영구 광안해변로 235, 7층 (민락동)",부산광역시 수영구 민락동 179-3,129.1197474,35.15475895
수영구,다해,호스텔업,영업,202601,,"부산광역시 수영구 광안해변로344번길 17-9, 마린리치2 5층 (민락동)",부산광역시 수영구 민락동 110-43 마린리치2,129.1311991,35.15522108
수영구,아지트,호스텔업,영업,202601,,"부산광역시 수영구 민락본동로19번길 59, 4층 (민락동)",부산광역시 수영구 민락동 34-7,129.1258051,35.15754961
수영구,굿스테이,호스텔업,영업,202601,,"부산광역시 수영구 광안해변로295번길 4-11, 5~6층 (민락동, 주건축물제1동)",부산광역시 수영구 민락동 181-52 주건축물제1동,129.1260318,35.15712406
수영구,로프트 부산,호스텔업,영업,202601,,"부산광역시 수영구 광남로 103-3, 7층 (광안동)",부산광역시 수영구 광안동 183-16,129.1147665,35.1512226
수영구,컨셉스테이,호스텔업,영업,202601,,"부산광역시 수영구 광안해변로 235, 4층 (민락동)",부산광역시 수영구 민락동 179-3,129.1197474,35.15475895
수영구,하나 여름,호스텔업,영업,202601,,"부산광역시 수영구 광안해변로277번길 3, 2층 (민락동)",부산광역시 수영구 민락동 176-29,129.1239994,35.1560374
수영구,시안,호스텔업,영업,202512,,"부산광역시 수영구 민락본동로19번길 59, 3층 (민락동)",부산광역시 수영구 민락동 34-7,129.1258051,35.15754961
수영구,루미에르,호스텔업,영업,202512,,"부산광역시 수영구 광안해변로 235, 11층 (민락동)",부산광역시 수영구 민락동 179-3,129.1197474,35.15475895
수영구,벡스코 조조하우스,호스텔업,영업,202512,,"부산광역시 수영구 수영성로 9, 2층 (수영동)",부산광역시 수영구 수영동 95,129.1187079,35.169864
수영구,연온담 광안해변점,호스텔업,영업,202512,,"부산광역시 수영구 민락본동로11번길 78-10, 2층 (민락동)",부산광역시 수영구 민락동 35-23,129.124613,35.15709572
수영구,스테이리안,호스텔업,영업,202511,,"부산광역시 수영구 광안해변로344번길 17-17, 수변PLAZA 6층 (민락동)",부산광역시 수영구 민락동 110-45 수변PLAZA,129.1315403,35.15530006
수영구,루미나 더 리안,호스텔업,영업,202511,,"부산광역시 수영구 광안해변로344번길 17-17, 수변PLAZA 7층 (민락동)",부산광역시 수영구 민락동 110-45 수변PLAZA,129.1315403,35.15530006
수영구,수베니어홈,호스텔업,영업,202511,,부산광역시 수영구 광안로22번길 59 (광안동),부산광역시 수영구 광안동 171-36,129.114437,35.15366159
수영구,아눅광안,호스텔업,영업,202511,,"부산광역시 수영구 광남로258번길 39, 3층 (민락동)",부산광역시 수영구 민락동 22-14,129.1278299,35.1579813
수영구,무드온 광안,호스텔업,영업,202511,,"부산광역시 수영구 광안해변로344번길 17-17, 수변PLAZA 9층 (민락동)",부산광역시 수영구 민락동 110-45 수변PLAZA,129.1315403,35.15530006
수영구,스테이순,호스텔업,영업,202511,,"부산광역시 수영구 수영로554번길 11-1 (광안동, 흑석스카이)",부산광역시 수영구 광안동 164-3 흑석스카이,129.1132731,35.15513249
수영구,써니하우스,호스텔업,영업,202510,,"부산광역시 수영구 민락수변로 5, 성진회센터 6층 (민락동)",부산광역시 수영구 민락동 181-204 성진회센터,129.1238997,35.15531677
수영구,해달별,호스텔업,영업,202509,,"부산광역시 수영구 민락수변로 109, 화선빌딩 3층 (민락동)",부산광역시 수영구 민락동 110-49 화선빌딩,129.1324364,35.15481205
수영구,풀빌라한가,호스텔업,영업,202509,,"부산광역시 수영구 민락수변로 125, 골든뷰 6층 (민락동)",부산광역시 수영구 민락동 110-87 골든뷰,129.1340572,35.15526712
수영구,오션투헤븐호텔,호스텔업,영업,202509,,"부산광역시 수영구 광안해변로278번길 42, 오션브릿지 A동 4층 (민락동)",부산광역시 수영구 민락동 181-154 오션브릿지,129.12452,35.15396447
수영구,시나몬스테이 광안,호스텔업,영업,202509,,"부산광역시 수영구 광안해변로344번길 17-17, 수변PLAZA (민락동)",부산광역시 수영구 민락동 110-45 수변PLAZA,129.1315403,35.15530006
수영구,게스후,관광호텔업,영업,202508,,부산광역시 수영구 광안해변로 181 (광안동),부산광역시 수영구 광안동 200-3,129.1159061,35.15073291
수영구,루미나 더 아너,호스텔업,영업,202508,,"부산광역시 수영구 광안해변로358번길 6, 호원빌딩 3, 5층 (민락동)",부산광역시 수영구 민락동 110-34 호원빌딩,129.1317377,35.15579558
수영구,바나 스테이,호스텔업,영업,202508,,"부산광역시 수영구 광남로 129, 4층 (광안동)",부산광역시 수영구 광안동 173-20,129.1165353,35.15329248
수영구,루미나 더 캠프,호스텔업,영업,202508,,"부산광역시 수영구 광안해변로358번길 6, 호원빌딩 7층 (민락동)",부산광역시 수영구 민락동 110-34 호원빌딩,129.1317377,35.15579558
수영구,잔울림,호스텔업,영업,202508,,"부산광역시 수영구 광안해변로344번길 17-11, 나포리빌딩 4층 (민락동)",부산광역시 수영구 민락동 110-44 나포리빌딩,129.1313699,35.15526077
수영구,명작스테이,호스텔업,영업,202507,,"부산광역시 수영구 민락본동로11번길 66, 2~3층 (민락동)",부산광역시 수영구 민락동 35-4,129.1251065,35.15700129
수영구,숨스테이광안,호스텔업,영업,202507,,"부산광역시 수영구 수영로540번길 36, 2층 (광안동)",부산광역시 수영구 광안동 169-36,129.1140812,35.15345841
수영구,파라스테이,호스텔업,영업,202506,,"부산광역시 수영구 광안해변로 245, 2층 (민락동)",부산광역시 수영구 민락동 178-16,129.1206574,35.15496269
수영구,옹드빌라,호스텔업,영업,202506,,"부산광역시 수영구 광안해변로294번길 36, 3층 (민락동)",부산광역시 수영구 민락동 181-133,129.1261528,35.15482997
수영구,지니스테이,호스텔업,영업,202506,,"부산광역시 수영구 민락수변로 109, 화선빌딩 4층 (민락동)",부산광역시 수영구 민락동 110-49 화선빌딩,129.1324364,35.15481205
수영구,요재,호스텔업,영업,202505,,"부산광역시 수영구 무학로9번길 94, 3층 (광안동)",부산광역시 수영구 광안동 88-2,129.1158516,35.16591029
수영구,모루,호스텔업,영업,202505,,"부산광역시 수영구 광안해변로 239, 광안샤인빌딩 4층 (민락동)",부산광역시 수영구 민락동 179-1 광안샤인빌딩,129.120109,35.15478259
부산진구,더 스테이 챕터,호스텔업,영업,202505,,"부산광역시 부산진구 서전로58번길 16, 3층 (전포동)",부산광역시 부산진구 전포동 207-75,129.0659713,35.15708301
부산진구,스페이스:연,호스텔업,영업,202504,,"부산광역시 부산진구 성지로8번길 10 (연지동, 연지아담재)",부산광역시 부산진구 연지동 42-12 아미스테이,129.0565594,35.17151821
수영구,안리고택3,호스텔업,영업,202503,,"부산광역시 수영구 광안해변로 249, 249타워 7층 (민락동)",부산광역시 수영구 민락동 178-13 249타워,129.1211643,35.15515991
수영구,광안사계스테이,호스텔업,영업,202503,,"부산광역시 수영구 광안해변로344번길 17-17, 수변PLAZA 4층 (민락동)",부산광역시 수영구 민락동 110-45 수변PLAZA,129.1315403,35.15530006
수영구,리온스테이,호스텔업,영업,202503,,"부산광역시 수영구 광안해변로279번길 22, 2~4층 (민락동)",부산광역시 수영구 민락동 181-46,129.1252487,35.15656571
수영구,더오다,호스텔업,영업,202503,,"부산광역시 수영구 광남로 103-3, 8~9층 (광안동)",부산광역시 수영구 광안동 183-16,129.1147665,35.1512226
부산진구,유나리아하우스2,호스텔업,영업,202501,,"부산광역시 부산진구 서전로38번길 9-7, 5층 (전포동)",부산광역시 부산진구 전포동 674-21,129.0642104,35.15732686
부산진구,MomManStay,호스텔업,영업,202501,,"부산광역시 부산진구 서전로58번길 23, 3~5층 (전포동)",부산광역시 부산진구 전포동 305-29,129.0662182,35.15674205
부산진구,207stay korea,호스텔업,영업,202501,,"부산광역시 부산진구 서전로58번길 100, 3,4층 (전포동)",부산광역시 부산진구 전포동 346-64,129.0659996,35.15334173
수영구,더바이브광안,호스텔업,영업,202410,,"부산광역시 수영구 민락수변로 7, OK타운 6층 (민락동)",부산광역시 수영구 민락동 181-86 OK타운,129.1240862,35.15514368
수영구,프레임인,호스텔업,영업,202410,,"부산광역시 수영구 광안해변로255번길 52, 4~5층 (민락동)",부산광역시 수영구 민락동 166-20,129.1208819,35.15730762
수영구,힐조인광안,호스텔업,영업,202410,,"부산광역시 수영구 민락수변로 9-1, 5층 (민락동)",부산광역시 수영구 민락동 181-137,129.124066,35.15492253
수영구,오로라핑크,호스텔업,영업,202410,,"부산광역시 수영구 광안해변로255번길 16, 2층 (민락동)",부산광역시 수영구 민락동 175-13,129.1216759,35.1558129
수영구,샌드스테이,호스텔업,영업,202409,,"부산광역시 수영구 광안해변로279번길 29 (민락동, 유정)",부산광역시 수영구 민락동 181-45 샌드스테이,129.125326,35.15687733
수영구,빌라드브릿지,호스텔업,영업,202409,,"부산광역시 수영구 광안해변로344번길 17-11, 나포리빌딩 6층 (민락동)",부산광역시 수영구 민락동 110-44 나포리빌딩,129.1313699,35.15526077
수영구,고요하우스,호스텔업,영업,202409,,"부산광역시 수영구 광안해변로 235, 10층 (민락동)",부산광역시 수영구 민락동 179-3,129.1197474,35.15475895
수영구,빌라오몬도,호스텔업,영업,202409,,"부산광역시 수영구 광안로 51, 3~5층 (광안동)",부산광역시 수영구 광안동 158-61,129.1179164,35.15518586
수영구,마이애미오렌지,호스텔업,영업,202409,,"부산광역시 수영구 광안해변로284번길 4, 3~4층 (민락동)",부산광역시 수영구 민락동 181-70,129.1247499,35.15572269
수영구,메종 별바다 광안,호스텔업,영업,202407,,"부산광역시 수영구 광안해변로 179, 6층 (광안동)",부산광역시 수영구 광안동 200-4,129.1157665,35.15059728
수영구,부산게스트하우스 노마드인부산,호스텔업,영업,202406,,"부산광역시 수영구 민락본동로11번길 21, 2층 (민락동)",부산광역시 수영구 민락동 140-5,129.1273803,35.15759862
수영구,스테이까사,호스텔업,영업,202406,,"부산광역시 수영구 민락수변로 5, 성진회센터 8층 (민락동)",부산광역시 수영구 민락동 181-204 성진회센터,129.1238997,35.15531677
수영구,알리스테이,호스텔업,영업,202405,,"부산광역시 수영구 민락수변로 127-7, 4,5층 (민락동)",부산광역시 수영구 민락동 110-83,129.1339803,35.15544184
수영구,광안희,호스텔업,영업,202405,,"부산광역시 수영구 민락수변로7번길 26, 3~4층 (민락동)",부산광역시 수영구 민락동 181-87,129.1251454,35.15537853
수영구,THE누리다,호스텔업,영업,202405,,"부산광역시 수영구 광안해변로 292, 마린랜드 10층 (민락동)",부산광역시 수영구 민락동 181-97 마린랜드,129.125615,35.15603961
수영구,브리타니 광안,호스텔업,영업,202405,,"부산광역시 수영구 광안해변로344번길 17-5, 마린리치 5층 (민락동)",부산광역시 수영구 민락동 110-42 마린리치,129.1310297,35.15518199
수영구,스테이 너울,호스텔업,영업,202404,,"부산광역시 수영구 민락수변로17번길 9, 4층 (민락동)",부산광역시 수영구 민락동 181-176,129.1244888,35.15447483
수영구,보다스테이 6호점(캠핑),호스텔업,영업,202403,,"부산광역시 수영구 민락로19번길 21, 4층 (민락동)",부산광역시 수영구 민락동 173-15,129.1215672,35.15633195
수영구,Stay Lazy Morning,호스텔업,영업,202402,,"부산광역시 수영구 광안해변로 235, 6층 (민락동)",부산광역시 수영구 민락동 179-3,129.1197474,35.15475895
수영구,온유지스테이,호스텔업,영업,202402,,"부산광역시 수영구 광안해변로 235, 8~9층 (민락동)",부산광역시 수영구 민락동 179-3,129.1197474,35.15475895
수영구,루미나 더 광안,호스텔업,영업,202401,,"부산광역시 수영구 광남로142번길 9, 2층 (광안동)",부산광역시 수영구 광안동 191-14 서울깍두기,129.1178391,35.15390357
수영구,부산 하루스위트 광안리 풀빌라 펜션,호스텔업,영업,202401,,"부산광역시 수영구 광안해변로344번길 17-22, 나경크리스탈 타워 10층 (민락동)",부산광역시 수영구 민락동 110-28 나경크리스탈 타워,129.1319768,35.15503573
수영구,모이지 게스트하우스,호스텔업,영업,202312,,"부산광역시 수영구 광안해변로294번길 26, 4~5층 (민락동)",부산광역시 수영구 민락동 181-125,129.1260101,35.15523585
수영구,해피앤러브,호스텔업,영업,202310,,"부산광역시 수영구 민락본동로11번길 66, 4~6층 (민락동)",부산광역시 수영구 민락동 35-4,129.1251065,35.15700129
수영구,그레이193호텔,호스텔업,영업,202309,,"부산광역시 수영구 광안해변로278번길 42, 오션브릿지 B동 4층 (민락동)",부산광역시 수영구 민락동 181-154 오션브릿지,129.12452,35.15396447
수영구,이집풀빌라,호스텔업,영업,202309,,"부산광역시 수영구 민락수변로 125, 골든뷰 8층 (민락동)",부산광역시 수영구 민락동 110-87 골든뷰,129.1340572,35.15526712
수영구,까사밀락,호스텔업,영업,202309,,"부산광역시 수영구 민락본동로11번길 5, 3~4층 (민락동)",부산광역시 수영구 민락동 130-2,129.1282589,35.1578672
수영구,감성온도광안,호스텔업,영업,202308,,"부산광역시 수영구 광안해변로344번길 17-5, 마린리치 7층 (민락동)",부산광역시 수영구 민락동 110-42 마린리치,129.1310297,35.15518199
수영구,보다스테이 1호점,호스텔업,영업,202308,,"부산광역시 수영구 민락수변로 125, 골든뷰 10층 (민락동)",부산광역시 수영구 민락동 110-87 골든뷰,129.1340572,35.15526712
수영구,STAY 고우담 광안점,호스텔업,영업,202307,,"부산광역시 수영구 남천바다로 13, 2층 (광안동)",부산광역시 수영구 광안동 188-4,129.1123068,35.14981179
수영구,보다스테이,호스텔업,영업,202306,,"부산광역시 수영구 민락로13번길 21, 금샘빌딩 3,4층 (민락동)",부산광역시 수영구 민락동 175-19 금샘빌딩,129.1215861,35.1561703
수영구,광안어썸,호스텔업,영업,202306,,"부산광역시 수영구 광안해변로 249, 249타워 6층 (민락동)",부산광역시 수영구 민락동 178-13 249타워,129.1211643,35.15515991
수영구,언플랜드88,호스텔업,영업,202306,,"부산광역시 수영구 남천바다로33번길 47, 마린빌딩 7,8층 (광안동)",부산광역시 수영구 광안동 199-6 마린빌딩,129.115311,35.1504937
수영구,스테이웨이인,호스텔업,영업,202306,,"부산광역시 수영구 민락수변로 125, 골든뷰 7층 (민락동)",부산광역시 수영구 민락동 110-87 골든뷰,129.1340572,35.15526712
수영구,안온맨션 광안,호스텔업,영업,202304,,"부산광역시 수영구 광안로 67, 4층 (민락동)",부산광역시 수영구 민락동 179-13,129.1194908,35.15455899
수영구,광안리해담,호스텔업,영업,202304,,"부산광역시 수영구 광안해변로344번길 17-5, 마린리치 9층 (민락동)",부산광역시 수영구 민락동 110-42 마린리치,129.1310297,35.15518199
수영구,"여기, 광안",호스텔업,영업,202304,,"부산광역시 수영구 광안로61번길 12, 2층 (민락동)",부산광역시 수영구 민락동 179-5,129.11947,35.15472572
기장군,메르벨르B,호스텔업,영업,202302,,부산광역시 기장군 일광읍 장곡길 83-12,부산광역시 기장군 일광읍 문중리 180-28,129.2488961,35.30400908
수영구,그레이193호텔,소형호텔업,영업,202302,,"부산광역시 수영구 광안해변로278번길 42, 오션브릿지 B동 5~6층 (민락동)",부산광역시 수영구 민락동 181-154 오션브릿지,129.12452,35.15396447
기장군,씨앤트리,호스텔업,영업,202301,,부산광역시 기장군 일광읍 일광로 808,"부산광역시 기장군 일광읍 문동리 4 ,문동리 7-17",129.2614454,35.31283966
해운대구,THE 카이브,호스텔업,영업,202212,,"부산광역시 해운대구 송정광어골로 55, 하얀집 3~5층 (송정동)",부산광역시 해운대구 송정동 437-3 하얀집,129.1964181,35.1763967
해운대구,송정스카이 펜트하우스,호스텔업,영업,202210,,"부산광역시 해운대구 송정광어골로 19, 씨엔씨빌딩 8층 (송정동)",부산광역시 해운대구 송정동 312-10 씨엔씨빌딩,129.198392,35.17935072
해운대구,퍼스트호텔,관광호텔업,직권말소,202209,202406,"부산광역시 해운대구 달맞이길62번길 38, 삼환미포씨랜드 4층 (중동)",부산광역시 해운대구 중동 957-2 삼환미포씨랜드,129.1711885,35.15849067
해운대구,아라뷰스테이,호스텔업,영업,202208,,"부산광역시 해운대구 송정광어골로 47, 3층 (송정동)",부산광역시 해운대구 송정동 437-1,129.1969086,35.17701206
해운대구,고홍집,호스텔업,영업,202208,,부산광역시 해운대구 송정구덕포길 174 (송정동),부산광역시 해운대구 송정동 855,129.1969377,35.16808077
해운대구,바이브,호스텔업,영업,202204,,"부산광역시 해운대구 송정광어골로 71, 4~6층 (송정동)",부산광역시 해운대구 송정동 443-2,129.1965313,35.17513984
해운대구,월하정인,호스텔업,영업,202204,,부산광역시 해운대구 송정중앙로15번길 6 (송정동),부산광역시 해운대구 송정동 199-12,129.2026892,35.18342225
수영구,플로트하우스,호스텔업,영업,202202,,"부산광역시 수영구 민락수변로 9-1, 6층 (민락동)",부산광역시 수영구 민락동 181-137,129.124066,35.15492253
수영구,누리다,호스텔업,영업,202201,,"부산광역시 수영구 광안해변로 282, 3~5층 (민락동)",부산광역시 수영구 민락동 181-1 3~5층,129.1245901,35.15582274
해운대구,휴가,호스텔업,영업,202110,,부산광역시 해운대구 송정구덕포길 164 (송정동),부산광역시 해운대구 송정동 840,129.1970494,35.1685482
해운대구,쿠무다레스메종,호스텔업,영업,202110,,"부산광역시 해운대구 송정광어골로 41, 5~8층 (송정동)",부산광역시 해운대구 송정동 436-4,129.197184,35.17742916
해운대구,네버엔딩웨이브,호스텔업,영업,202109,,부산광역시 해운대구 송정중앙로6번길 82 (송정동),부산광역시 해운대구 송정동 159-8,129.1993104,35.18045289
해운대구,펜톤나인 송정해수욕장 송정3호점,호스텔업,영업,202109,,"부산광역시 해운대구 송정광어골로 21, 2,3층 (송정동)",부산광역시 해운대구 송정동 312-9,129.1982317,35.17910649
수영구,호텔 오션뷰,관광호텔업,영업,202107,,"부산광역시 수영구 광안해변로278번길 42, 오션브릿지 B동 13~14층 (민락동)",부산광역시 수영구 민락동 181-154 오션브릿지 B동,129.12452,35.15396447
수영구,제이스테이 펜트하우스,호스텔업,영업,202105,,"부산광역시 수영구 광안해변로 179, 5층 (광안동)",부산광역시 수영구 광안동 200-4,129.1157665,35.15059728
수영구,호텔 디옴므,호스텔업,영업,202104,,"부산광역시 수영구 광안해변로278번길 42, 오션브릿지 3층 (민락동)",부산광역시 수영구 민락동 181-154 오션브릿지,129.12452,35.15396447
사상구,ND1226 HOTEL,호스텔업,영업,202102,,부산광역시 사상구 낙동대로 1226 (괘법동),부산광역시 사상구 괘법동 517-1,128.9771602,35.16941436
수영구,레지던스 다온채,호스텔업,폐업,202010,202311,"부산광역시 수영구 광안해변로307번길 15, 다온채 지하1,지상7~11층 (민락동)",부산광역시 수영구 민락동 34-1 다온채,129.1264902,35.15771475
수영구,보다스테이 더펜트,호스텔업,영업,202009,,"부산광역시 수영구 광안해변로 161, 씨 타워 4~12층 (광안동)",부산광역시 수영구 광안동 201-9 씨 타워,129.1148035,35.14921555
수영구,더웨이브온,호스텔업,영업,202009,,"부산광역시 수영구 민락수변로 9, 3~4층 (민락동)",부산광역시 수영구 민락동 181-135,129.1240323,35.15502349
수영구,더웨이브,호스텔업,영업,202008,,"부산광역시 수영구 민락수변로 9, 5~6층 (민락동)",부산광역시 수영구 민락동 181-135,129.1240323,35.15502349
수영구,더클럽호텔(광안리점),호스텔업,영업,202007,,"부산광역시 수영구 광안해변로278번길 42, 오션브릿지 B동 1501호 (민락동)",부산광역시 수영구 민락동 181-154 오션브릿지,129.12452,35.15396447
수영구,어반하우스펜트 1호점,호스텔업,영업,202007,,"부산광역시 수영구 민락수변로 5, 성진회센터 9층 (민락동)",부산광역시 수영구 민락동 181-204 성진회센터,129.1238997,35.15531677
해운대구,(주)호텔롯데 시그니엘 부산,관광호텔업,영업,202006,,"부산광역시 해운대구 달맞이길 30, 랜드마크타워동동 3~19층 (중동, 엘시티)",부산광역시 해운대구 중동 1829 엘시티,129.1687865,35.16055677
수영구,료칸바다다,호스텔업,영업,202003,,"부산광역시 수영구 광안해변로278번길 42, 오션브릿지 A동 13~14층 (민락동)",부산광역시 수영구 민락동 181-154 오션브릿지,129.12452,35.15396447
수영구,옐로우라이트하우스,호스텔업,영업,202003,,"부산광역시 수영구 광안해변로370번길 9-32, 401호 (민락동)",부산광역시 수영구 민락동 110-54 401호,129.1342689,35.15674719
수영구,라움103,호스텔업,영업,201911,,"부산광역시 수영구 민락수변로 103, 6층 (민락동)",부산광역시 수영구 민락동 110-51 밀레니엄프라자,129.1318121,35.15480001
수영구,오션더포인트호텔,관광호텔업,영업,201906,,"부산광역시 수영구 광안해변로278번길 42, 오션브릿지 A동 7~10층 (민락동)",부산광역시 수영구 민락동 181-154 오션브릿지,129.12452,35.15396447
수영구,H7L 호스텔,호스텔업,영업,201905,,"부산광역시 수영구 광안해변로 179, 7층 (광안동)",부산광역시 수영구 광안동 200-4,129.1157665,35.15059728
수영구,오션스테이호텔,호스텔업,영업,201904,,"부산광역시 수영구 광안해변로278번길 42, 오션브릿지 B동 7층 (민락동)",부산광역시 수영구 민락동 181-154 오션브릿지,129.12452,35.15396447
수영구,오션투헤븐,소형호텔업,영업,201904,,"부산광역시 수영구 광안해변로278번길 42, 오션브릿지 A동 5~6층 (민락동)",부산광역시 수영구 민락동 181-154 오션브릿지,129.12452,35.15396447
수영구,바뮤호텔,호스텔업,영업,201904,,부산광역시 수영구 민락수변로 15 (민락동),부산광역시 수영구 민락동 181-145,129.1242024,35.15452233
수영구,H-에비뉴 광안리해변점,관광호텔업,영업,201903,,"부산광역시 수영구 광안해변로278번길 42, 오션브릿지 8~10층 (민락동)",부산광역시 수영구 민락동 181-154 오션브릿지,129.12452,35.15396447
수영구,브라운도트 호텔 수영,호스텔업,영업,201902,,부산광역시 수영구 망미번영로52번길 112 (수영동),부산광역시 수영구 수영동 450-5,129.1141312,35.16860541
수영구,허니슬립,호스텔업,영업,201901,,부산광역시 수영구 광남로 158 (민락동),부산광역시 수영구 민락동 184-36,129.1186029,35.15515956
수영구,베스트루이스해밀턴호텔 광안점,관광호텔업,영업,201901,,부산광역시 수영구 광안해변로 276 (민락동),부산광역시 수영구 민락동 181-205,129.1240052,35.15561301
해운대구,송정 미연,호스텔업,영업,201810,,"부산광역시 해운대구 송정광어골로 58-1, 3~5층 (송정동)",부산광역시 해운대구 송정동 438-11,129.1958229,35.17645258
해운대구,부산 송정 놀다가(GO) 풀빌라 펜션,호스텔업,영업,201810,,부산광역시 해운대구 송정구덕포길 130 (송정동),부산광역시 해운대구 송정동 809,129.197155,35.17006049
해운대구,선트리호텔,관광호텔업,영업,201807,,부산광역시 해운대구 달맞이길 209 (중동),부산광역시 해운대구 중동 1488-7,129.1832107,35.15950379
수영구,호스텔 휴,호스텔업,영업,201804,,"부산광역시 수영구 광남로 132, 6층 (광안동)",부산광역시 수영구 광안동 194-8,129.1170718,35.15318994
중구,넘버25호텔 대청점,관광호텔업,휴업,201801,,부산광역시 중구 대청로 107 (대청동2가),부산광역시 중구 대청동2가 7-1,129.0316853,35.10311908
수영구,마레파티하우스,호스텔업,영업,201712,,"부산광역시 수영구 민락수변로7번길 20, 2층,7층 (민락동)",부산광역시 수영구 민락동 181-150,129.1248064,35.15530288
수영구,레드 하우스,호스텔업,영업,201711,,부산광역시 수영구 민락본동로11번길 79 (민락동),부산광역시 수영구 민락동 182-4,129.1245814,35.15653596
수영구,호텔1,관광호텔업,영업,201710,,부산광역시 수영구 광안해변로 203 (광안동),부산광역시 수영구 광안동 196-3,129.1173761,35.15250082
수영구,광안리가,호스텔업,영업,201709,,"부산광역시 수영구 광안해변로 247-1, 5~8층 (민락동, 행복빌딩)",부산광역시 수영구 민락동 178-15 행복빌딩,129.1209824,35.15509189
수영구,뉴시즈 광안 호텔,관광호텔업,영업,201708,,부산광역시 수영구 민락본동로 12-4 (민락동),부산광역시 수영구 민락동 121-8,129.1287056,35.15764385
수영구,H-AVENUE 광안리점,관광호텔업,영업,201708,,"부산광역시 수영구 민락수변로 29, 민락동 바다마루 11~12층 (민락동)",부산광역시 수영구 민락동 181-223 민락동 바다마루,129.1247215,35.15328369
수영구,No25호스텔,호스텔업,영업,201707,,"부산광역시 수영구 광안해변로284번길 16, 1~2층 (민락동)",부산광역시 수영구 민락동 181-177,129.1248464,35.15520248
수영구,안리하우스 광안,호스텔업,영업,201707,,"부산광역시 수영구 민락수변로 13, 2층 (민락동)",부산광역시 수영구 민락동 181-141,129.1241348,35.15472163
해운대구,신라스테이 해운대호텔,관광호텔업,영업,201704,,부산광역시 해운대구 해운대로570번길 46 (우동),부산광역시 해운대구 우동 629-6,129.1587364,35.1598034
수영구,브라운도트 호텔,소형호텔업,영업,201703,,부산광역시 수영구 남천바다로33번길 31 (광안동),부산광역시 수영구 광안동 202-4,129.1147895,35.14981569
해운대구,엣지 993(edge 993),호스텔업,영업,201703,,"부산광역시 해운대구 달맞이길62번길 78, 1~4층 (중동)",부산광역시 해운대구 중동 993-3,129.1751299,35.1563966
수영구,온더베이 스테이,호스텔업,영업,201703,,"부산광역시 수영구 광안로62번길 1, 3~4층 (광안동)",부산광역시 수영구 광안동 192-1,129.1187136,35.1545545
해운대구,이너피스,호스텔업,영업,201701,,부산광역시 해운대구 송정광어골로82번길 16 (송정동),부산광역시 해운대구 송정동,129.195758,35.17423788
해운대구,올라 카라반 펜션,호스텔업,영업,201611,,부산광역시 해운대구 송정중앙로6번길 180 (송정동),부산광역시 해운대구 송정동 437-7,129.1967732,35.17663469
해운대구,스테이 안,호스텔업,영업,201609,,"부산광역시 해운대구 해운대로 107, 스테이안 3~5층 (재송동)",부산광역시 해운대구 재송동 1071-27 스테이안,129.1212664,35.18764702
해운대구,송정아토 호스텔,호스텔업,영업,201607,,"부산광역시 해운대구 송정강변로 23, 2~4층 (송정동)",부산광역시 해운대구 송정동 195-3,129.2053677,35.1835731
해운대구,스테이 모어 호스텔,호스텔업,폐업,201607,202409,"부산광역시 해운대구 송정광어골로 88, 1~2층 (송정동)",부산광역시 해운대구 송정동 445-5,129.1962949,35.17373407
해운대구,소노문 해운대,관광호텔업,영업,201606,,부산광역시 해운대구 해운대해변로237번길 12 (우동),부산광역시 해운대구 우동,129.1579596,35.15992191
해운대구,토요코인 부산 해운대-Ⅱ,관광호텔업,영업,201601,,"부산광역시 해운대구 해운대해변로237번길 5 (우동, 토요코인부산해운대2호점)",부산광역시 해운대구 우동,129.1573807,35.159539
해운대구,캔버스보산주식회사,호스텔업,영업,201601,,"부산광역시 해운대구 해운대해변로197번길 13 (우동, 아이비모텔)",부산광역시 해운대구 우동,129.152663,35.1591496
해운대구,모네의 여름,호스텔업,영업,201601,,"부산광역시 해운대구 송정광어골로 65 (송정동, 모닝캄)",부산광역시 해운대구 송정동,129.1964599,35.17560676
수영구,광안숲,호스텔업,영업,201509,,"부산광역시 수영구 광남로 106, 3층 (광안동)",부산광역시 수영구 광안동 199-12,129.1155436,35.15122382
수영구,헤븐리 펜트하우스,호스텔업,영업,201508,,부산광역시 수영구 민락수변로 13-1 (민락동),부산광역시 수영구 민락동 181-143,129.1241683,35.15462201
수영구,광안리오션프론트,호스텔업,영업,201508,,"부산광역시 수영구 광안해변로 247, 6층 (민락동)",부산광역시 수영구 민락동 178-19,129.120842,35.1550344
수영구,Playa,호스텔업,영업,201507,,"부산광역시 수영구 광안해변로 191, 4~5층 (광안동)",부산광역시 수영구 광안동 197-16,129.1166653,35.15156849
수영구,벡스코호스텔,호스텔업,영업,201507,,부산광역시 수영구 광안해변로284번길 43 (민락동),부산광역시 수영구 민락동 181-212,129.1256032,35.15403692
부산진구,부산비즈니스호텔,관광호텔업,영업,201506,,부산광역시 부산진구 부전로 67 (부전동),부산광역시 부산진구 부전동 512-4,129.0545283,35.15611224
해운대구,올라호텔,관광호텔업,영업,201412,,부산광역시 해운대구 송정광어골로 49 (송정동),부산광역시 해운대구 송정동 437-9,129.1968208,35.17686567
해운대구,이비스버젯앰배서더 해운대,관광호텔업,폐업,201412,202403,부산광역시 해운대구 해운대해변로209번길 8 (우동),부산광역시 해운대구 우동 651-1,129.1544888,35.15907844
해운대구,베니키아해운대호텔마리안느(주),관광호텔업,영업,201411,,"부산광역시 해운대구 해운대해변로 310 (중동, 마리안느호텔)",부산광역시 해운대구 중동 1400-57 마리안느호텔,129.1646479,35.16142348
해운대구,브라운도트 해운대점,관광호텔업,영업,201407,,"부산광역시 해운대구 구남로24번길 16 (우동, 인더스트리 호텔)",부산광역시 해운대구 우동 542-28,129.1593336,35.16160813
해운대구,제이비디자인호텔(JB Design HOTEL),관광호텔업,영업,201401,,부산광역시 해운대구 구남로12번길 31 (우동),부산광역시 해운대구 우동 637-1,129.1580993,35.16172893
해운대구,팝콘호스텔,호스텔업,영업,201308,,"부산광역시 해운대구 해운대해변로 321, 해운대구중동마린타워 11층 (중동)",부산광역시 해운대구 중동 1398-7 해운대구중동마린타워,129.1652704,35.16249273
해운대구,파크하얏트부산,관광호텔업,영업,201212,,부산광역시 해운대구 마린시티1로 51 (우동),부산광역시 해운대구 우동 1409-3,129.1417836,35.15648141
부산진구,센트럴 세븐호텔 바이권 부산 서면,관광호텔업,영업,201110,,"부산광역시 부산진구 중앙대로 777 (부전동, 서면호텔 복합시설)",부산광역시 부산진구 부전동 573-7,129.0618882,35.16183511
부산진구,토요코인 부산서면,관광호텔업,영업,201003,,"부산광역시 부산진구 서전로 39 (전포동, 토요코인부산지점)",부산광역시 부산진구 전포동 666-8,129.064053,35.15796792
해운대구,리베로 호텔,관광호텔업,영업,200906,,"부산광역시 해운대구 구남로29번길 21, 세이브존 8~16층 (중동)",부산광역시 해운대구 중동 1380-14 세이브존,,
해운대구,Plaire(플레르) 관광호텔,관광호텔업,영업,200812,,부산광역시 해운대구 송정광어골로 70 (송정동),부산광역시 해운대구 송정동 441-6,129.1958465,35.17538187
해운대구,대우월드마크콘도미니엄,휴양콘도미니엄업,영업,200807,,부산광역시 해운대구 마린시티1로 137 (우동),부산광역시 해운대구 우동 1435-2,129.1468671,35.15597393
해운대구,팔레드시즈,휴양콘도미니엄업,영업,200802,,"부산광역시 해운대구 해운대해변로298번길 24, 팔레드시즈 (중동)",부산광역시 해운대구 중동 1124-2 팔레드시즈,129.1665761,35.16012863
서구,부산비치관광호텔,,휴업,200702,,부산광역시 서구 등대로 113 (남부민동),부산광역시 서구 남부민동 523-44,129.0262281,35.08497307
서구,부산비치관광호텔,관광호텔업,영업,200702,,부산광역시 서구 등대로 113 (남부민동),부산광역시 서구 남부민동 523-44,129.0262281,35.08497307
서구,부산비치관광호텔,,영업,200612,,부산광역시 서구 등대로 113 (남부민동),부산광역시 서구 남부민동 523-44,129.0262281,35.08497307
수영구,호텔 호메르스,관광호텔업,영업,200411,,부산광역시 수영구 광안해변로 217 (광안동),부산광역시 수영구 광안동 193-1,129.1179769,35.15342426
수영구,호텔AG405,관광호텔업,영업,200407,,부산광역시 수영구 민락수변로 141 (민락동),부산광역시 수영구 민락동 110-60,129.1345013,35.1564893
해운대구,한화호텔앤드리조트주식회사,휴양콘도미니엄업,영업,200212,,부산광역시 해운대구 마린시티3로 52 (우동),부산광역시 해운대구 우동 1410-3,129.145134,35.15438499
해운대구,신세계조선호텔 부산,관광호텔업,영업,200212,,부산광역시 해운대구 동백로 67 (우동),부산광역시 해운대구 우동 737,129.1539678,35.15599299
해운대구,동남해상관광호텔주식회사,,휴업,200209,,"부산광역시 해운대구 마린시티1로 138  (우동,지선)",부산광역시 해운대구 우동 1443 지선,129.1470637,35.15465357
해운대구,(주)호텔일루아,관광호텔업,영업,200209,,부산광역시 해운대구 달맞이길 97 (중동),부산광역시 해운대구 중동 1509-2,129.1741512,35.15925709
해운대구,동남해상관광호텔(주),,휴업,200207,,"부산광역시 해운대구 마린시티1로 138  (우동,지선 해상)",부산광역시 해운대구 우동 1443 지선 해상,129.1470637,35.15465357
해운대구,동남해상관광호텔(주),,휴업,200207,,부산광역시 해운대구 마린시티1로 138  (우동),부산광역시 해운대구 우동 1443,129.1470637,35.15465357
부산진구,(주)부산롯데호텔,관광호텔업,영업,199803,,부산광역시 부산진구 가야대로 772 (부전동),부산광역시 부산진구 부전동 503-15,129.0560023,35.15664239
서구,송도비치관광호텔,관광호텔업,휴업,199107,,부산광역시 서구 암남공원로 9 (암남동),부산광역시 서구 암남동 541-6,129.0156228,35.07481874
중구,호텔노아,관광호텔업,영업,198901,,부산광역시 중구 자갈치로47번길 3-1 (남포동5가),부산광역시 중구 남포동5가 80-1,,
동구,라메르관광호텔부산해수랜드(주),관광호텔업,영업,198611,,부산광역시 동구 조방로34번길 9 (범일동),부산광역시 동구 범일동 830-171,129.0623232,35.14060364
해운대구,(주)이랜드파크 켄싱턴리조트 해운대,휴양콘도미니엄업,휴업,198408,,부산광역시 해운대구 해운대해변로 243 (우동),부산광역시 해운대구 우동 628-5,129.1579452,35.15939387
서구,유엔송도호텔,관광호텔업,휴업,198203,,부산광역시 서구 충무대로 16 (암남동),부산광역시 서구 암남동 335-5,129.0162763,35.07720389
해운대구,(주)조선호텔앤리조트 부산,관광호텔업,영업,197804,,부산광역시 해운대구 동백로 67 (우동),부산광역시 해운대구 우동 737,129.1539678,35.15599299
중구,(주)부산관광호텔,관광호텔업,영업,197409,,부산광역시 중구 광복로97번길 23 (동광동2가),부산광역시 중구 동광동2가 12-1,129.0345916,35.10045961
중구,(주)코모도호텔,관광호텔업,영업,197406,,부산광역시 중구 중구로 151 (영주동),부산광역시 중구 영주동 742-13,129.035113,35.10902648
해운대구,(주)파라다이스호텔,관광호텔업,영업,197201,,"부산광역시 해운대구 해운대해변로 296 (중동, 파라다이스 호텔)",부산광역시 해운대구 중동 1408-5,129.165225,35.16016138
동래구,호텔농심,관광호텔업,영업,196304,,부산광역시 동래구 금강공원로20번길 23 (온천동),부산광역시 동래구 온천동 137-7,129.0821428,35.21993003
