기준연월,시·도 코드,시·도 명,시군구코드,시군구명,소비강도_지표코드,소비특성,소비특성_강도지수,,,"※ 소비특성 강도지수는 실제 소비금액 또는 비율(%)이 아닌 
관광 소비 특성의 상대적 강도를 나타내는 지표값으로, 
값이 높을수록 해당 소비 특성이 상대적으로 
강하게 나타남을 의미함.",,,,,
202501,26,부산광역시,26110,중구,2201,외지인 소비액,70.34,,,,,,,,
202501,26,부산광역시,26110,중구,2202,전체 대비 외지인소비액 비중,80.19,,,,,,,,
202501,26,부산광역시,26110,중구,2203,방문량대비방문 소비액,74.07,,,,,,,,
202501,26,부산광역시,26140,서구,2201,외지인 소비액,64.69,,,,,,,,
202501,26,부산광역시,26140,서구,2202,전체 대비 외지인소비액 비중,82.2,,,,,,,,
202501,26,부산광역시,26140,서구,2203,방문량대비방문 소비액,58.29,,,,,,,,
202501,26,부산광역시,26170,동구,2201,외지인 소비액,68.89,,,,,,,,
202501,26,부산광역시,26170,동구,2202,전체 대비 외지인소비액 비중,80.93,,,,,,,,
202501,26,부산광역시,26170,동구,2203,방문량대비방문 소비액,68.84,,,,,,,,
202501,26,부산광역시,26200,영도구,2201,외지인 소비액,63.97,,,,,,,,
202501,26,부산광역시,26200,영도구,2202,전체 대비 외지인소비액 비중,79.92,,,,,,,,
202501,26,부산광역시,26200,영도구,2203,방문량대비방문 소비액,54.54,,,,,,,,
202501,26,부산광역시,26230,부산진구,2201,외지인 소비액,80.46,,,,,,,,
202501,26,부산광역시,26230,부산진구,2202,전체 대비 외지인소비액 비중,61.63,,,,,,,,
202501,26,부산광역시,26230,부산진구,2203,방문량대비방문 소비액,69.7,,,,,,,,
202501,26,부산광역시,26260,동래구,2201,외지인 소비액,71.77,,,,,,,,
202501,26,부산광역시,26260,동래구,2202,전체 대비 외지인소비액 비중,70.41,,,,,,,,
202501,26,부산광역시,26260,동래구,2203,방문량대비방문 소비액,65.69,,,,,,,,
202501,26,부산광역시,26290,남구,2201,외지인 소비액,69.48,,,,,,,,
202501,26,부산광역시,26290,남구,2202,전체 대비 외지인소비액 비중,82.32,,,,,,,,
202501,26,부산광역시,26290,남구,2203,방문량대비방문 소비액,62.98,,,,,,,,
202501,26,부산광역시,26320,북구,2201,외지인 소비액,84.06,,,,,,,,
202501,26,부산광역시,26320,북구,2202,전체 대비 외지인소비액 비중,83.72,,,,,,,,
202501,26,부산광역시,26320,북구,2203,방문량대비방문 소비액,95.41,,,,,,,,
202501,26,부산광역시,26350,해운대구,2201,외지인 소비액,99.6,,,,,,,,
202501,26,부산광역시,26350,해운대구,2202,전체 대비 외지인소비액 비중,-7.45,,,,,,,,
202501,26,부산광역시,26350,해운대구,2203,방문량대비방문 소비액,102.68,,,,,,,,
202501,26,부산광역시,26380,사하구,2201,외지인 소비액,67.06,,,,,,,,
202501,26,부산광역시,26380,사하구,2202,전체 대비 외지인소비액 비중,80.33,,,,,,,,
202501,26,부산광역시,26380,사하구,2203,방문량대비방문 소비액,57.75,,,,,,,,
202501,26,부산광역시,26410,금정구,2201,외지인 소비액,67.55,,,,,,,,
202501,26,부산광역시,26410,금정구,2202,전체 대비 외지인소비액 비중,68.46,,,,,,,,
202501,26,부산광역시,26410,금정구,2203,방문량대비방문 소비액,60.44,,,,,,,,
202501,26,부산광역시,26440,강서구,2201,외지인 소비액,77.59,,,,,,,,
202501,26,부산광역시,26440,강서구,2202,전체 대비 외지인소비액 비중,82.44,,,,,,,,
202501,26,부산광역시,26440,강서구,2203,방문량대비방문 소비액,84.53,,,,,,,,
202501,26,부산광역시,26470,연제구,2201,외지인 소비액,71.62,,,,,,,,
202501,26,부산광역시,26470,연제구,2202,전체 대비 외지인소비액 비중,83.64,,,,,,,,
202501,26,부산광역시,26470,연제구,2203,방문량대비방문 소비액,75.5,,,,,,,,
202501,26,부산광역시,26500,수영구,2201,외지인 소비액,70.78,,,,,,,,
202501,26,부산광역시,26500,수영구,2202,전체 대비 외지인소비액 비중,83.35,,,,,,,,
202501,26,부산광역시,26500,수영구,2203,방문량대비방문 소비액,67.13,,,,,,,,
202501,26,부산광역시,26530,사상구,2201,외지인 소비액,70.85,,,,,,,,
202501,26,부산광역시,26530,사상구,2202,전체 대비 외지인소비액 비중,83.78,,,,,,,,
202501,26,부산광역시,26530,사상구,2203,방문량대비방문 소비액,72.45,,,,,,,,
202501,26,부산광역시,26710,기장군,2201,외지인 소비액,81.81,,,,,,,,
202501,26,부산광역시,26710,기장군,2202,전체 대비 외지인소비액 비중,82.85,,,,,,,,
202501,26,부산광역시,26710,기장군,2203,방문량대비방문 소비액,91.08,,,,,,,,
202502,26,부산광역시,26110,중구,2201,외지인 소비액,68.87,,,,,,,,
202502,26,부산광역시,26110,중구,2202,전체 대비 외지인소비액 비중,81.25,,,,,,,,
202502,26,부산광역시,26110,중구,2203,방문량대비방문 소비액,71.31,,,,,,,,
202502,26,부산광역시,26140,서구,2201,외지인 소비액,64.33,,,,,,,,
202502,26,부산광역시,26140,서구,2202,전체 대비 외지인소비액 비중,82.46,,,,,,,,
202502,26,부산광역시,26140,서구,2203,방문량대비방문 소비액,57.73,,,,,,,,
202502,26,부산광역시,26170,동구,2201,외지인 소비액,68.59,,,,,,,,
202502,26,부산광역시,26170,동구,2202,전체 대비 외지인소비액 비중,81.45,,,,,,,,
202502,26,부산광역시,26170,동구,2203,방문량대비방문 소비액,68.72,,,,,,,,
202502,26,부산광역시,26200,영도구,2201,외지인 소비액,63.53,,,,,,,,
202502,26,부산광역시,26200,영도구,2202,전체 대비 외지인소비액 비중,80.03,,,,,,,,
202502,26,부산광역시,26200,영도구,2203,방문량대비방문 소비액,53.43,,,,,,,,
202502,26,부산광역시,26230,부산진구,2201,외지인 소비액,78.25,,,,,,,,
202502,26,부산광역시,26230,부산진구,2202,전체 대비 외지인소비액 비중,61.87,,,,,,,,
202502,26,부산광역시,26230,부산진구,2203,방문량대비방문 소비액,68.84,,,,,,,,
202502,26,부산광역시,26260,동래구,2201,외지인 소비액,69.69,,,,,,,,
202502,26,부산광역시,26260,동래구,2202,전체 대비 외지인소비액 비중,68.5,,,,,,,,
202502,26,부산광역시,26260,동래구,2203,방문량대비방문 소비액,63.1,,,,,,,,
202502,26,부산광역시,26290,남구,2201,외지인 소비액,68.73,,,,,,,,
202502,26,부산광역시,26290,남구,2202,전체 대비 외지인소비액 비중,82.6,,,,,,,,
202502,26,부산광역시,26290,남구,2203,방문량대비방문 소비액,62.63,,,,,,,,
202502,26,부산광역시,26320,북구,2201,외지인 소비액,80.1,,,,,,,,
202502,26,부산광역시,26320,북구,2202,전체 대비 외지인소비액 비중,83.57,,,,,,,,
202502,26,부산광역시,26320,북구,2203,방문량대비방문 소비액,91.67,,,,,,,,
202502,26,부산광역시,26350,해운대구,2201,외지인 소비액,94.14,,,,,,,,
202502,26,부산광역시,26350,해운대구,2202,전체 대비 외지인소비액 비중,-4.82,,,,,,,,
202502,26,부산광역시,26350,해운대구,2203,방문량대비방문 소비액,99.12,,,,,,,,
202502,26,부산광역시,26380,사하구,2201,외지인 소비액,66.55,,,,,,,,
202502,26,부산광역시,26380,사하구,2202,전체 대비 외지인소비액 비중,81.13,,,,,,,,
202502,26,부산광역시,26380,사하구,2203,방문량대비방문 소비액,57.69,,,,,,,,
202502,26,부산광역시,26410,금정구,2201,외지인 소비액,66.7,,,,,,,,
202502,26,부산광역시,26410,금정구,2202,전체 대비 외지인소비액 비중,66.98,,,,,,,,
202502,26,부산광역시,26410,금정구,2203,방문량대비방문 소비액,59.58,,,,,,,,
202502,26,부산광역시,26440,강서구,2201,외지인 소비액,77.02,,,,,,,,
202502,26,부산광역시,26440,강서구,2202,전체 대비 외지인소비액 비중,82.74,,,,,,,,
202502,26,부산광역시,26440,강서구,2203,방문량대비방문 소비액,85.74,,,,,,,,
202502,26,부산광역시,26470,연제구,2201,외지인 소비액,69.89,,,,,,,,
202502,26,부산광역시,26470,연제구,2202,전체 대비 외지인소비액 비중,83.04,,,,,,,,
202502,26,부산광역시,26470,연제구,2203,방문량대비방문 소비액,73.25,,,,,,,,
202502,26,부산광역시,26500,수영구,2201,외지인 소비액,69.59,,,,,,,,
202502,26,부산광역시,26500,수영구,2202,전체 대비 외지인소비액 비중,83.49,,,,,,,,
202502,26,부산광역시,26500,수영구,2203,방문량대비방문 소비액,66.48,,,,,,,,
202502,26,부산광역시,26530,사상구,2201,외지인 소비액,69.39,,,,,,,,
202502,26,부산광역시,26530,사상구,2202,전체 대비 외지인소비액 비중,83.21,,,,,,,,
202502,26,부산광역시,26530,사상구,2203,방문량대비방문 소비액,70.21,,,,,,,,
202502,26,부산광역시,26710,기장군,2201,외지인 소비액,77.2,,,,,,,,
202502,26,부산광역시,26710,기장군,2202,전체 대비 외지인소비액 비중,82.4,,,,,,,,
202502,26,부산광역시,26710,기장군,2203,방문량대비방문 소비액,86.4,,,,,,,,
202503,26,부산광역시,26110,중구,2201,외지인 소비액,69.44,,,,,,,,
202503,26,부산광역시,26110,중구,2202,전체 대비 외지인소비액 비중,79.52,,,,,,,,
202503,26,부산광역시,26110,중구,2203,방문량대비방문 소비액,71.66,,,,,,,,
202503,26,부산광역시,26140,서구,2201,외지인 소비액,64.78,,,,,,,,
202503,26,부산광역시,26140,서구,2202,전체 대비 외지인소비액 비중,82.23,,,,,,,,
202503,26,부산광역시,26140,서구,2203,방문량대비방문 소비액,58.18,,,,,,,,
202503,26,부산광역시,26170,동구,2201,외지인 소비액,68.88,,,,,,,,
202503,26,부산광역시,26170,동구,2202,전체 대비 외지인소비액 비중,80.33,,,,,,,,
202503,26,부산광역시,26170,동구,2203,방문량대비방문 소비액,68.98,,,,,,,,
202503,26,부산광역시,26200,영도구,2201,외지인 소비액,63.83,,,,,,,,
202503,26,부산광역시,26200,영도구,2202,전체 대비 외지인소비액 비중,80.09,,,,,,,,
202503,26,부산광역시,26200,영도구,2203,방문량대비방문 소비액,53.89,,,,,,,,
202503,26,부산광역시,26230,부산진구,2201,외지인 소비액,80.14,,,,,,,,
202503,26,부산광역시,26230,부산진구,2202,전체 대비 외지인소비액 비중,62.81,,,,,,,,
202503,26,부산광역시,26230,부산진구,2203,방문량대비방문 소비액,68.83,,,,,,,,
202503,26,부산광역시,26260,동래구,2201,외지인 소비액,71.37,,,,,,,,
202503,26,부산광역시,26260,동래구,2202,전체 대비 외지인소비액 비중,71,,,,,,,,
202503,26,부산광역시,26260,동래구,2203,방문량대비방문 소비액,64.29,,,,,,,,
202503,26,부산광역시,26290,남구,2201,외지인 소비액,69.66,,,,,,,,
202503,26,부산광역시,26290,남구,2202,전체 대비 외지인소비액 비중,82.18,,,,,,,,
202503,26,부산광역시,26290,남구,2203,방문량대비방문 소비액,62.12,,,,,,,,
202503,26,부산광역시,26320,북구,2201,외지인 소비액,83.12,,,,,,,,
202503,26,부산광역시,26320,북구,2202,전체 대비 외지인소비액 비중,83.07,,,,,,,,
202503,26,부산광역시,26320,북구,2203,방문량대비방문 소비액,93.21,,,,,,,,
202503,26,부산광역시,26350,해운대구,2201,외지인 소비액,95.4,,,,,,,,
202503,26,부산광역시,26350,해운대구,2202,전체 대비 외지인소비액 비중,-7.22,,,,,,,,
202503,26,부산광역시,26350,해운대구,2203,방문량대비방문 소비액,97.2,,,,,,,,
202503,26,부산광역시,26380,사하구,2201,외지인 소비액,67.38,,,,,,,,
202503,26,부산광역시,26380,사하구,2202,전체 대비 외지인소비액 비중,80.58,,,,,,,,
202503,26,부산광역시,26380,사하구,2203,방문량대비방문 소비액,58.14,,,,,,,,
202503,26,부산광역시,26410,금정구,2201,외지인 소비액,68.04,,,,,,,,
202503,26,부산광역시,26410,금정구,2202,전체 대비 외지인소비액 비중,64.71,,,,,,,,
202503,26,부산광역시,26410,금정구,2203,방문량대비방문 소비액,60.68,,,,,,,,
202503,26,부산광역시,26440,강서구,2201,외지인 소비액,78.55,,,,,,,,
202503,26,부산광역시,26440,강서구,2202,전체 대비 외지인소비액 비중,83.09,,,,,,,,
202503,26,부산광역시,26440,강서구,2203,방문량대비방문 소비액,86.5,,,,,,,,
202503,26,부산광역시,26470,연제구,2201,외지인 소비액,71.06,,,,,,,,
202503,26,부산광역시,26470,연제구,2202,전체 대비 외지인소비액 비중,83.21,,,,,,,,
202503,26,부산광역시,26470,연제구,2203,방문량대비방문 소비액,73.85,,,,,,,,
202503,26,부산광역시,26500,수영구,2201,외지인 소비액,70.14,,,,,,,,
202503,26,부산광역시,26500,수영구,2202,전체 대비 외지인소비액 비중,83.68,,,,,,,,
202503,26,부산광역시,26500,수영구,2203,방문량대비방문 소비액,66.29,,,,,,,,
202503,26,부산광역시,26530,사상구,2201,외지인 소비액,70.55,,,,,,,,
202503,26,부산광역시,26530,사상구,2202,전체 대비 외지인소비액 비중,83.73,,,,,,,,
202503,26,부산광역시,26530,사상구,2203,방문량대비방문 소비액,70.48,,,,,,,,
202503,26,부산광역시,26710,기장군,2201,외지인 소비액,81.03,,,,,,,,
202503,26,부산광역시,26710,기장군,2202,전체 대비 외지인소비액 비중,83.08,,,,,,,,
202503,26,부산광역시,26710,기장군,2203,방문량대비방문 소비액,90.9,,,,,,,,
202504,26,부산광역시,26110,중구,2201,외지인 소비액,68.92,,,,,,,,
202504,26,부산광역시,26110,중구,2202,전체 대비 외지인소비액 비중,80.02,,,,,,,,
202504,26,부산광역시,26110,중구,2203,방문량대비방문 소비액,70.88,,,,,,,,
202504,26,부산광역시,26140,서구,2201,외지인 소비액,64.78,,,,,,,,
202504,26,부산광역시,26140,서구,2202,전체 대비 외지인소비액 비중,81.25,,,,,,,,
202504,26,부산광역시,26140,서구,2203,방문량대비방문 소비액,58.97,,,,,,,,
202504,26,부산광역시,26170,동구,2201,외지인 소비액,68.77,,,,,,,,
202504,26,부산광역시,26170,동구,2202,전체 대비 외지인소비액 비중,81,,,,,,,,
202504,26,부산광역시,26170,동구,2203,방문량대비방문 소비액,69.3,,,,,,,,
202504,26,부산광역시,26200,영도구,2201,외지인 소비액,63.69,,,,,,,,
202504,26,부산광역시,26200,영도구,2202,전체 대비 외지인소비액 비중,79.92,,,,,,,,
202504,26,부산광역시,26200,영도구,2203,방문량대비방문 소비액,53.88,,,,,,,,
202504,26,부산광역시,26230,부산진구,2201,외지인 소비액,78.79,,,,,,,,
202504,26,부산광역시,26230,부산진구,2202,전체 대비 외지인소비액 비중,59.85,,,,,,,,
202504,26,부산광역시,26230,부산진구,2203,방문량대비방문 소비액,68.95,,,,,,,,
202504,26,부산광역시,26260,동래구,2201,외지인 소비액,70.98,,,,,,,,
202504,26,부산광역시,26260,동래구,2202,전체 대비 외지인소비액 비중,70.55,,,,,,,,
202504,26,부산광역시,26260,동래구,2203,방문량대비방문 소비액,64.6,,,,,,,,
202504,26,부산광역시,26290,남구,2201,외지인 소비액,69.4,,,,,,,,
202504,26,부산광역시,26290,남구,2202,전체 대비 외지인소비액 비중,81.95,,,,,,,,
202504,26,부산광역시,26290,남구,2203,방문량대비방문 소비액,63.24,,,,,,,,
202504,26,부산광역시,26320,북구,2201,외지인 소비액,81.45,,,,,,,,
202504,26,부산광역시,26320,북구,2202,전체 대비 외지인소비액 비중,83.28,,,,,,,,
202504,26,부산광역시,26320,북구,2203,방문량대비방문 소비액,91.72,,,,,,,,
202504,26,부산광역시,26350,해운대구,2201,외지인 소비액,91.98,,,,,,,,
202504,26,부산광역시,26350,해운대구,2202,전체 대비 외지인소비액 비중,-2.53,,,,,,,,
202504,26,부산광역시,26350,해운대구,2203,방문량대비방문 소비액,93.45,,,,,,,,
202504,26,부산광역시,26380,사하구,2201,외지인 소비액,66.91,,,,,,,,
202504,26,부산광역시,26380,사하구,2202,전체 대비 외지인소비액 비중,79.01,,,,,,,,
202504,26,부산광역시,26380,사하구,2203,방문량대비방문 소비액,57.75,,,,,,,,
202504,26,부산광역시,26410,금정구,2201,외지인 소비액,67.61,,,,,,,,
202504,26,부산광역시,26410,금정구,2202,전체 대비 외지인소비액 비중,66.4,,,,,,,,
202504,26,부산광역시,26410,금정구,2203,방문량대비방문 소비액,61.04,,,,,,,,
202504,26,부산광역시,26440,강서구,2201,외지인 소비액,77.73,,,,,,,,
202504,26,부산광역시,26440,강서구,2202,전체 대비 외지인소비액 비중,81.74,,,,,,,,
202504,26,부산광역시,26440,강서구,2203,방문량대비방문 소비액,84.27,,,,,,,,
202504,26,부산광역시,26470,연제구,2201,외지인 소비액,70.18,,,,,,,,
202504,26,부산광역시,26470,연제구,2202,전체 대비 외지인소비액 비중,82.77,,,,,,,,
202504,26,부산광역시,26470,연제구,2203,방문량대비방문 소비액,72.28,,,,,,,,
202504,26,부산광역시,26500,수영구,2201,외지인 소비액,69.62,,,,,,,,
202504,26,부산광역시,26500,수영구,2202,전체 대비 외지인소비액 비중,83.42,,,,,,,,
202504,26,부산광역시,26500,수영구,2203,방문량대비방문 소비액,65.99,,,,,,,,
202504,26,부산광역시,26530,사상구,2201,외지인 소비액,69.87,,,,,,,,
202504,26,부산광역시,26530,사상구,2202,전체 대비 외지인소비액 비중,83.4,,,,,,,,
202504,26,부산광역시,26530,사상구,2203,방문량대비방문 소비액,69.45,,,,,,,,
202504,26,부산광역시,26710,기장군,2201,외지인 소비액,78.92,,,,,,,,
202504,26,부산광역시,26710,기장군,2202,전체 대비 외지인소비액 비중,82.23,,,,,,,,
202504,26,부산광역시,26710,기장군,2203,방문량대비방문 소비액,87.96,,,,,,,,
202505,26,부산광역시,26110,중구,2201,외지인 소비액,70.5,,,,,,,,
202505,26,부산광역시,26110,중구,2202,전체 대비 외지인소비액 비중,80.13,,,,,,,,
202505,26,부산광역시,26110,중구,2203,방문량대비방문 소비액,72.71,,,,,,,,
202505,26,부산광역시,26140,서구,2201,외지인 소비액,65.22,,,,,,,,
202505,26,부산광역시,26140,서구,2202,전체 대비 외지인소비액 비중,82.58,,,,,,,,
202505,26,부산광역시,26140,서구,2203,방문량대비방문 소비액,59.61,,,,,,,,
202505,26,부산광역시,26170,동구,2201,외지인 소비액,69.65,,,,,,,,
202505,26,부산광역시,26170,동구,2202,전체 대비 외지인소비액 비중,80.88,,,,,,,,
202505,26,부산광역시,26170,동구,2203,방문량대비방문 소비액,69.31,,,,,,,,
202505,26,부산광역시,26200,영도구,2201,외지인 소비액,64.25,,,,,,,,
202505,26,부산광역시,26200,영도구,2202,전체 대비 외지인소비액 비중,80.75,,,,,,,,
202505,26,부산광역시,26200,영도구,2203,방문량대비방문 소비액,55.04,,,,,,,,
202505,26,부산광역시,26230,부산진구,2201,외지인 소비액,81.21,,,,,,,,
202505,26,부산광역시,26230,부산진구,2202,전체 대비 외지인소비액 비중,60.87,,,,,,,,
202505,26,부산광역시,26230,부산진구,2203,방문량대비방문 소비액,69.23,,,,,,,,
202505,26,부산광역시,26260,동래구,2201,외지인 소비액,72.62,,,,,,,,
202505,26,부산광역시,26260,동래구,2202,전체 대비 외지인소비액 비중,70.99,,,,,,,,
202505,26,부산광역시,26260,동래구,2203,방문량대비방문 소비액,65.66,,,,,,,,
202505,26,부산광역시,26290,남구,2201,외지인 소비액,70.13,,,,,,,,
202505,26,부산광역시,26290,남구,2203,방문량대비방문 소비액,62.96,,,,,,,,
202505,26,부산광역시,26320,북구,2201,외지인 소비액,83.87,,,,,,,,
202505,26,부산광역시,26320,북구,2202,전체 대비 외지인소비액 비중,83.25,,,,,,,,
202505,26,부산광역시,26320,북구,2203,방문량대비방문 소비액,92.46,,,,,,,,
202505,26,부산광역시,26350,해운대구,2201,외지인 소비액,99.73,,,,,,,,
202505,26,부산광역시,26350,해운대구,2202,전체 대비 외지인소비액 비중,-2.5,,,,,,,,
202505,26,부산광역시,26350,해운대구,2203,방문량대비방문 소비액,99.29,,,,,,,,
202505,26,부산광역시,26380,사하구,2201,외지인 소비액,67.43,,,,,,,,
202505,26,부산광역시,26380,사하구,2202,전체 대비 외지인소비액 비중,78.51,,,,,,,,
202505,26,부산광역시,26380,사하구,2203,방문량대비방문 소비액,57.68,,,,,,,,
202505,26,부산광역시,26410,금정구,2201,외지인 소비액,68.32,,,,,,,,
202505,26,부산광역시,26410,금정구,2202,전체 대비 외지인소비액 비중,65.87,,,,,,,,
202505,26,부산광역시,26410,금정구,2203,방문량대비방문 소비액,60.84,,,,,,,,
202505,26,부산광역시,26440,강서구,2201,외지인 소비액,78.94,,,,,,,,
202505,26,부산광역시,26440,강서구,2202,전체 대비 외지인소비액 비중,82.73,,,,,,,,
202505,26,부산광역시,26440,강서구,2203,방문량대비방문 소비액,85.13,,,,,,,,
202505,26,부산광역시,26470,연제구,2201,외지인 소비액,71.09,,,,,,,,
202505,26,부산광역시,26470,연제구,2202,전체 대비 외지인소비액 비중,82.95,,,,,,,,
202505,26,부산광역시,26470,연제구,2203,방문량대비방문 소비액,72.52,,,,,,,,
202505,26,부산광역시,26500,수영구,2201,외지인 소비액,71.59,,,,,,,,
202505,26,부산광역시,26500,수영구,2202,전체 대비 외지인소비액 비중,82.32,,,,,,,,
202505,26,부산광역시,26500,수영구,2203,방문량대비방문 소비액,67.84,,,,,,,,
202505,26,부산광역시,26530,사상구,2201,외지인 소비액,70.66,,,,,,,,
202505,26,부산광역시,26530,사상구,2202,전체 대비 외지인소비액 비중,83.34,,,,,,,,
202505,26,부산광역시,26530,사상구,2203,방문량대비방문 소비액,70.11,,,,,,,,
202505,26,부산광역시,26710,기장군,2201,외지인 소비액,83.24,,,,,,,,
202505,26,부산광역시,26710,기장군,2202,전체 대비 외지인소비액 비중,82.6,,,,,,,,
202505,26,부산광역시,26710,기장군,2203,방문량대비방문 소비액,91.94,,,,,,,,
202506,26,부산광역시,26110,중구,2201,외지인 소비액,69.45,,,,,,,,
202506,26,부산광역시,26110,중구,2202,전체 대비 외지인소비액 비중,80.26,,,,,,,,
202506,26,부산광역시,26110,중구,2203,방문량대비방문 소비액,71.04,,,,,,,,
202506,26,부산광역시,26140,서구,2201,외지인 소비액,64.78,,,,,,,,
202506,26,부산광역시,26140,서구,2202,전체 대비 외지인소비액 비중,81.89,,,,,,,,
202506,26,부산광역시,26140,서구,2203,방문량대비방문 소비액,58.17,,,,,,,,
202506,26,부산광역시,26170,동구,2201,외지인 소비액,68.77,,,,,,,,
202506,26,부산광역시,26170,동구,2202,전체 대비 외지인소비액 비중,81.25,,,,,,,,
202506,26,부산광역시,26170,동구,2203,방문량대비방문 소비액,67.57,,,,,,,,
202506,26,부산광역시,26200,영도구,2201,외지인 소비액,63.86,,,,,,,,
202506,26,부산광역시,26200,영도구,2202,전체 대비 외지인소비액 비중,80.59,,,,,,,,
202506,26,부산광역시,26200,영도구,2203,방문량대비방문 소비액,53.9,,,,,,,,
202506,26,부산광역시,26230,부산진구,2201,외지인 소비액,79.22,,,,,,,,
202506,26,부산광역시,26230,부산진구,2202,전체 대비 외지인소비액 비중,59.88,,,,,,,,
202506,26,부산광역시,26230,부산진구,2203,방문량대비방문 소비액,67.81,,,,,,,,
202506,26,부산광역시,26260,동래구,2201,외지인 소비액,71.57,,,,,,,,
202506,26,부산광역시,26260,동래구,2203,방문량대비방문 소비액,64.72,,,,,,,,
202506,26,부산광역시,26290,남구,2201,외지인 소비액,69.21,,,,,,,,
202506,26,부산광역시,26290,남구,2203,방문량대비방문 소비액,61.59,,,,,,,,
202506,26,부산광역시,26320,북구,2201,외지인 소비액,82.3,,,,,,,,
202506,26,부산광역시,26320,북구,2202,전체 대비 외지인소비액 비중,83.62,,,,,,,,
202506,26,부산광역시,26320,북구,2203,방문량대비방문 소비액,91.95,,,,,,,,
202506,26,부산광역시,26350,해운대구,2201,외지인 소비액,94.8,,,,,,,,
202506,26,부산광역시,26350,해운대구,2202,전체 대비 외지인소비액 비중,-12.06,,,,,,,,
202506,26,부산광역시,26350,해운대구,2203,방문량대비방문 소비액,95.92,,,,,,,,
202506,26,부산광역시,26380,사하구,2201,외지인 소비액,66.83,,,,,,,,
202506,26,부산광역시,26380,사하구,2202,전체 대비 외지인소비액 비중,79.45,,,,,,,,
202506,26,부산광역시,26380,사하구,2203,방문량대비방문 소비액,56.84,,,,,,,,
202506,26,부산광역시,26410,금정구,2201,외지인 소비액,67.46,,,,,,,,
202506,26,부산광역시,26410,금정구,2202,전체 대비 외지인소비액 비중,67.14,,,,,,,,
202506,26,부산광역시,26410,금정구,2203,방문량대비방문 소비액,59.7,,,,,,,,
202506,26,부산광역시,26440,강서구,2201,외지인 소비액,77.5,,,,,,,,
202506,26,부산광역시,26440,강서구,2203,방문량대비방문 소비액,82.92,,,,,,,,
202506,26,부산광역시,26470,연제구,2201,외지인 소비액,70.27,,,,,,,,
202506,26,부산광역시,26470,연제구,2202,전체 대비 외지인소비액 비중,82.74,,,,,,,,
202506,26,부산광역시,26470,연제구,2203,방문량대비방문 소비액,71.45,,,,,,,,
202506,26,부산광역시,26500,수영구,2201,외지인 소비액,70.2,,,,,,,,
202506,26,부산광역시,26500,수영구,2202,전체 대비 외지인소비액 비중,84.04,,,,,,,,
202506,26,부산광역시,26500,수영구,2203,방문량대비방문 소비액,65.72,,,,,,,,
202506,26,부산광역시,26530,사상구,2201,외지인 소비액,69.79,,,,,,,,
202506,26,부산광역시,26530,사상구,2202,전체 대비 외지인소비액 비중,83.37,,,,,,,,
202506,26,부산광역시,26530,사상구,2203,방문량대비방문 소비액,68.83,,,,,,,,
202506,26,부산광역시,26710,기장군,2201,외지인 소비액,79.87,,,,,,,,
202506,26,부산광역시,26710,기장군,2202,전체 대비 외지인소비액 비중,82.87,,,,,,,,
202506,26,부산광역시,26710,기장군,2203,방문량대비방문 소비액,87.78,,,,,,,,
202507,26,부산광역시,26110,중구,2201,외지인 소비액,69.74,,,,,,,,
202507,26,부산광역시,26110,중구,2202,전체 대비 외지인소비액 비중,80.52,,,,,,,,
202507,26,부산광역시,26110,중구,2203,방문량대비방문 소비액,70.98,,,,,,,,
202507,26,부산광역시,26140,서구,2201,외지인 소비액,65.11,,,,,,,,
202507,26,부산광역시,26140,서구,2202,전체 대비 외지인소비액 비중,82.26,,,,,,,,
202507,26,부산광역시,26140,서구,2203,방문량대비방문 소비액,59.05,,,,,,,,
202507,26,부산광역시,26170,동구,2201,외지인 소비액,69.23,,,,,,,,
202507,26,부산광역시,26170,동구,2202,전체 대비 외지인소비액 비중,81.75,,,,,,,,
202507,26,부산광역시,26170,동구,2203,방문량대비방문 소비액,66.85,,,,,,,,
202507,26,부산광역시,26200,영도구,2201,외지인 소비액,63.97,,,,,,,,
202507,26,부산광역시,26200,영도구,2202,전체 대비 외지인소비액 비중,80.86,,,,,,,,
202507,26,부산광역시,26230,부산진구,2201,외지인 소비액,80.69,,,,,,,,
202507,26,부산광역시,26230,부산진구,2202,전체 대비 외지인소비액 비중,60.38,,,,,,,,
202507,26,부산광역시,26230,부산진구,2203,방문량대비방문 소비액,68.39,,,,,,,,
202507,26,부산광역시,26260,동래구,2201,외지인 소비액,72.03,,,,,,,,
202507,26,부산광역시,26260,동래구,2202,전체 대비 외지인소비액 비중,69.53,,,,,,,,
202507,26,부산광역시,26260,동래구,2203,방문량대비방문 소비액,64.64,,,,,,,,
202507,26,부산광역시,26290,남구,2201,외지인 소비액,69.99,,,,,,,,
202507,26,부산광역시,26290,남구,2202,전체 대비 외지인소비액 비중,82.62,,,,,,,,
202507,26,부산광역시,26290,남구,2203,방문량대비방문 소비액,62.97,,,,,,,,
202507,26,부산광역시,26320,북구,2201,외지인 소비액,83.98,,,,,,,,
202507,26,부산광역시,26320,북구,2202,전체 대비 외지인소비액 비중,83.79,,,,,,,,
202507,26,부산광역시,26320,북구,2203,방문량대비방문 소비액,94.18,,,,,,,,
202507,26,부산광역시,26350,해운대구,2201,외지인 소비액,97.88,,,,,,,,
202507,26,부산광역시,26350,해운대구,2202,전체 대비 외지인소비액 비중,5.39,,,,,,,,
202507,26,부산광역시,26350,해운대구,2203,방문량대비방문 소비액,93.49,,,,,,,,
202507,26,부산광역시,26380,사하구,2201,외지인 소비액,67.3,,,,,,,,
202507,26,부산광역시,26380,사하구,2202,전체 대비 외지인소비액 비중,80.33,,,,,,,,
202507,26,부산광역시,26380,사하구,2203,방문량대비방문 소비액,57.38,,,,,,,,
202507,26,부산광역시,26410,금정구,2201,외지인 소비액,67.61,,,,,,,,
202507,26,부산광역시,26410,금정구,2202,전체 대비 외지인소비액 비중,65.09,,,,,,,,
202507,26,부산광역시,26410,금정구,2203,방문량대비방문 소비액,59.91,,,,,,,,
202507,26,부산광역시,26440,강서구,2201,외지인 소비액,78.83,,,,,,,,
202507,26,부산광역시,26440,강서구,2202,전체 대비 외지인소비액 비중,82.92,,,,,,,,
202507,26,부산광역시,26440,강서구,2203,방문량대비방문 소비액,84.53,,,,,,,,
202507,26,부산광역시,26470,연제구,2201,외지인 소비액,71.43,,,,,,,,
202507,26,부산광역시,26470,연제구,2202,전체 대비 외지인소비액 비중,83.58,,,,,,,,
202507,26,부산광역시,26470,연제구,2203,방문량대비방문 소비액,73.59,,,,,,,,
202507,26,부산광역시,26500,수영구,2201,외지인 소비액,71.55,,,,,,,,
202507,26,부산광역시,26500,수영구,2202,전체 대비 외지인소비액 비중,84.32,,,,,,,,
202507,26,부산광역시,26500,수영구,2203,방문량대비방문 소비액,66.99,,,,,,,,
202507,26,부산광역시,26530,사상구,2201,외지인 소비액,70.49,,,,,,,,
202507,26,부산광역시,26530,사상구,2202,전체 대비 외지인소비액 비중,83.48,,,,,,,,
202507,26,부산광역시,26530,사상구,2203,방문량대비방문 소비액,69.99,,,,,,,,
202507,26,부산광역시,26710,기장군,2201,외지인 소비액,79.49,,,,,,,,
202507,26,부산광역시,26710,기장군,2202,전체 대비 외지인소비액 비중,82.29,,,,,,,,
202507,26,부산광역시,26710,기장군,2203,방문량대비방문 소비액,85.84,,,,,,,,
202508,26,부산광역시,26110,중구,2201,외지인 소비액,70.43,,,,,,,,
202508,26,부산광역시,26110,중구,2202,전체 대비 외지인소비액 비중,81.48,,,,,,,,
202508,26,부산광역시,26110,중구,2203,방문량대비방문 소비액,73.51,,,,,,,,
202508,26,부산광역시,26140,서구,2201,외지인 소비액,65.18,,,,,,,,
202508,26,부산광역시,26140,서구,2202,전체 대비 외지인소비액 비중,82.71,,,,,,,,
202508,26,부산광역시,26140,서구,2203,방문량대비방문 소비액,59.59,,,,,,,,
202508,26,부산광역시,26170,동구,2201,외지인 소비액,69.49,,,,,,,,
202508,26,부산광역시,26170,동구,2202,전체 대비 외지인소비액 비중,82.11,,,,,,,,
202508,26,부산광역시,26170,동구,2203,방문량대비방문 소비액,67.83,,,,,,,,
202508,26,부산광역시,26200,영도구,2201,외지인 소비액,64.11,,,,,,,,
202508,26,부산광역시,26200,영도구,2202,전체 대비 외지인소비액 비중,80.72,,,,,,,,
202508,26,부산광역시,26200,영도구,2203,방문량대비방문 소비액,54.9,,,,,,,,
202508,26,부산광역시,26230,부산진구,2201,외지인 소비액,81.58,,,,,,,,
202508,26,부산광역시,26230,부산진구,2202,전체 대비 외지인소비액 비중,62.68,,,,,,,,
202508,26,부산광역시,26230,부산진구,2203,방문량대비방문 소비액,69.41,,,,,,,,
202508,26,부산광역시,26260,동래구,2201,외지인 소비액,72.14,,,,,,,,
202508,26,부산광역시,26260,동래구,2202,전체 대비 외지인소비액 비중,71.81,,,,,,,,
202508,26,부산광역시,26260,동래구,2203,방문량대비방문 소비액,64.97,,,,,,,,
202508,26,부산광역시,26290,남구,2201,외지인 소비액,69.59,,,,,,,,
202508,26,부산광역시,26290,남구,2202,전체 대비 외지인소비액 비중,82.84,,,,,,,,
202508,26,부산광역시,26290,남구,2203,방문량대비방문 소비액,62.23,,,,,,,,
202508,26,부산광역시,26320,북구,2201,외지인 소비액,84.08,,,,,,,,
202508,26,부산광역시,26320,북구,2202,전체 대비 외지인소비액 비중,83.99,,,,,,,,
202508,26,부산광역시,26320,북구,2203,방문량대비방문 소비액,94.79,,,,,,,,
202508,26,부산광역시,26350,해운대구,2201,외지인 소비액,99.13,,,,,,,,
202508,26,부산광역시,26350,해운대구,2202,전체 대비 외지인소비액 비중,7.09,,,,,,,,
202508,26,부산광역시,26350,해운대구,2203,방문량대비방문 소비액,93.86,,,,,,,,
202508,26,부산광역시,26380,사하구,2201,외지인 소비액,67.19,,,,,,,,
202508,26,부산광역시,26380,사하구,2202,전체 대비 외지인소비액 비중,80.08,,,,,,,,
202508,26,부산광역시,26380,사하구,2203,방문량대비방문 소비액,57.26,,,,,,,,
202508,26,부산광역시,26410,금정구,2201,외지인 소비액,67.54,,,,,,,,
202508,26,부산광역시,26410,금정구,2202,전체 대비 외지인소비액 비중,68.02,,,,,,,,
202508,26,부산광역시,26410,금정구,2203,방문량대비방문 소비액,60.15,,,,,,,,
202508,26,부산광역시,26440,강서구,2201,외지인 소비액,78.08,,,,,,,,
202508,26,부산광역시,26440,강서구,2202,전체 대비 외지인소비액 비중,83.03,,,,,,,,
202508,26,부산광역시,26440,강서구,2203,방문량대비방문 소비액,82.68,,,,,,,,
202508,26,부산광역시,26470,연제구,2201,외지인 소비액,70.95,,,,,,,,
202508,26,부산광역시,26470,연제구,2202,전체 대비 외지인소비액 비중,83.37,,,,,,,,
202508,26,부산광역시,26470,연제구,2203,방문량대비방문 소비액,72.41,,,,,,,,
202508,26,부산광역시,26500,수영구,2201,외지인 소비액,72.78,,,,,,,,
202508,26,부산광역시,26500,수영구,2202,전체 대비 외지인소비액 비중,83.99,,,,,,,,
202508,26,부산광역시,26500,수영구,2203,방문량대비방문 소비액,68.79,,,,,,,,
202508,26,부산광역시,26530,사상구,2201,외지인 소비액,70.54,,,,,,,,
202508,26,부산광역시,26530,사상구,2202,전체 대비 외지인소비액 비중,83.15,,,,,,,,
202508,26,부산광역시,26530,사상구,2203,방문량대비방문 소비액,70.53,,,,,,,,
202508,26,부산광역시,26710,기장군,2201,외지인 소비액,81.49,,,,,,,,
202508,26,부산광역시,26710,기장군,2202,전체 대비 외지인소비액 비중,82.82,,,,,,,,
202508,26,부산광역시,26710,기장군,2203,방문량대비방문 소비액,88.17,,,,,,,,
202509,26,부산광역시,26110,중구,2201,외지인 소비액,69.77,,,,,,,,
202509,26,부산광역시,26110,중구,2202,전체 대비 외지인소비액 비중,79.81,,,,,,,,
202509,26,부산광역시,26110,중구,2203,방문량대비방문 소비액,71.18,,,,,,,,
202509,26,부산광역시,26140,서구,2201,외지인 소비액,64.7,,,,,,,,
202509,26,부산광역시,26140,서구,2202,전체 대비 외지인소비액 비중,83.21,,,,,,,,
202509,26,부산광역시,26140,서구,2203,방문량대비방문 소비액,57.14,,,,,,,,
202509,26,부산광역시,26170,동구,2201,외지인 소비액,68.93,,,,,,,,
202509,26,부산광역시,26170,동구,2202,전체 대비 외지인소비액 비중,80.63,,,,,,,,
202509,26,부산광역시,26170,동구,2203,방문량대비방문 소비액,68.29,,,,,,,,
202509,26,부산광역시,26200,영도구,2201,외지인 소비액,63.81,,,,,,,,
202509,26,부산광역시,26200,영도구,2202,전체 대비 외지인소비액 비중,81.3,,,,,,,,
202509,26,부산광역시,26200,영도구,2203,방문량대비방문 소비액,53.55,,,,,,,,
202509,26,부산광역시,26230,부산진구,2201,외지인 소비액,80.87,,,,,,,,
202509,26,부산광역시,26230,부산진구,2202,전체 대비 외지인소비액 비중,60.71,,,,,,,,
202509,26,부산광역시,26230,부산진구,2203,방문량대비방문 소비액,68.84,,,,,,,,
202509,26,부산광역시,26260,동래구,2201,외지인 소비액,71.32,,,,,,,,
202509,26,부산광역시,26260,동래구,2202,전체 대비 외지인소비액 비중,69.87,,,,,,,,
202509,26,부산광역시,26260,동래구,2203,방문량대비방문 소비액,64.11,,,,,,,,
202509,26,부산광역시,26290,남구,2201,외지인 소비액,69.78,,,,,,,,
202509,26,부산광역시,26290,남구,2202,전체 대비 외지인소비액 비중,82.78,,,,,,,,
202509,26,부산광역시,26290,남구,2203,방문량대비방문 소비액,61.94,,,,,,,,
202509,26,부산광역시,26320,북구,2201,외지인 소비액,83.12,,,,,,,,
202509,26,부산광역시,26320,북구,2202,전체 대비 외지인소비액 비중,83.89,,,,,,,,
202509,26,부산광역시,26320,북구,2203,방문량대비방문 소비액,93.17,,,,,,,,
202509,26,부산광역시,26350,해운대구,2201,외지인 소비액,94.44,,,,,,,,
202509,26,부산광역시,26350,해운대구,2202,전체 대비 외지인소비액 비중,-6.04,,,,,,,,
202509,26,부산광역시,26350,해운대구,2203,방문량대비방문 소비액,93.28,,,,,,,,
202509,26,부산광역시,26380,사하구,2201,외지인 소비액,67.12,,,,,,,,
202509,26,부산광역시,26380,사하구,2202,전체 대비 외지인소비액 비중,81.77,,,,,,,,
202509,26,부산광역시,26380,사하구,2203,방문량대비방문 소비액,56.96,,,,,,,,
202509,26,부산광역시,26410,금정구,2201,외지인 소비액,67.76,,,,,,,,
202509,26,부산광역시,26410,금정구,2202,전체 대비 외지인소비액 비중,68.23,,,,,,,,
202509,26,부산광역시,26410,금정구,2203,방문량대비방문 소비액,59.72,,,,,,,,
202509,26,부산광역시,26440,강서구,2201,외지인 소비액,78.78,,,,,,,,
202509,26,부산광역시,26440,강서구,2202,전체 대비 외지인소비액 비중,83.44,,,,,,,,
202509,26,부산광역시,26440,강서구,2203,방문량대비방문 소비액,82.98,,,,,,,,
202509,26,부산광역시,26470,연제구,2201,외지인 소비액,70.52,,,,,,,,
202509,26,부산광역시,26470,연제구,2202,전체 대비 외지인소비액 비중,83.36,,,,,,,,
202509,26,부산광역시,26470,연제구,2203,방문량대비방문 소비액,71.46,,,,,,,,
202509,26,부산광역시,26500,수영구,2201,외지인 소비액,70.22,,,,,,,,
202509,26,부산광역시,26500,수영구,2202,전체 대비 외지인소비액 비중,84.18,,,,,,,,
202509,26,부산광역시,26500,수영구,2203,방문량대비방문 소비액,64.69,,,,,,,,
202509,26,부산광역시,26530,사상구,2201,외지인 소비액,70.57,,,,,,,,
202509,26,부산광역시,26530,사상구,2202,전체 대비 외지인소비액 비중,83.56,,,,,,,,
202509,26,부산광역시,26530,사상구,2203,방문량대비방문 소비액,68.89,,,,,,,,
202509,26,부산광역시,26710,기장군,2201,외지인 소비액,80.76,,,,,,,,
202509,26,부산광역시,26710,기장군,2202,전체 대비 외지인소비액 비중,82.74,,,,,,,,
202509,26,부산광역시,26710,기장군,2203,방문량대비방문 소비액,89.32,,,,,,,,
202510,26,부산광역시,26110,중구,2201,외지인 소비액,71.24,,,,,,,,
202510,26,부산광역시,26110,중구,2202,전체 대비 외지인소비액 비중,79.98,,,,,,,,
202510,26,부산광역시,26110,중구,2203,방문량대비방문 소비액,74.54,,,,,,,,
202510,26,부산광역시,26140,서구,2201,외지인 소비액,65.17,,,,,,,,
202510,26,부산광역시,26140,서구,2202,전체 대비 외지인소비액 비중,82.2,,,,,,,,
202510,26,부산광역시,26140,서구,2203,방문량대비방문 소비액,58.93,,,,,,,,
202510,26,부산광역시,26170,동구,2201,외지인 소비액,69.53,,,,,,,,
202510,26,부산광역시,26170,동구,2202,전체 대비 외지인소비액 비중,80.57,,,,,,,,
202510,26,부산광역시,26170,동구,2203,방문량대비방문 소비액,69.65,,,,,,,,
202510,26,부산광역시,26200,영도구,2201,외지인 소비액,64.24,,,,,,,,
202510,26,부산광역시,26200,영도구,2202,전체 대비 외지인소비액 비중,80.46,,,,,,,,
202510,26,부산광역시,26200,영도구,2203,방문량대비방문 소비액,54.87,,,,,,,,
202510,26,부산광역시,26230,부산진구,2201,외지인 소비액,82.6,,,,,,,,
202510,26,부산광역시,26230,부산진구,2202,전체 대비 외지인소비액 비중,60.38,,,,,,,,
202510,26,부산광역시,26230,부산진구,2203,방문량대비방문 소비액,70.42,,,,,,,,
202510,26,부산광역시,26260,동래구,2201,외지인 소비액,72.01,,,,,,,,
202510,26,부산광역시,26260,동래구,2202,전체 대비 외지인소비액 비중,68.78,,,,,,,,
202510,26,부산광역시,26260,동래구,2203,방문량대비방문 소비액,64.63,,,,,,,,
202510,26,부산광역시,26290,남구,2201,외지인 소비액,69.91,,,,,,,,
202510,26,부산광역시,26290,남구,2202,전체 대비 외지인소비액 비중,82.24,,,,,,,,
202510,26,부산광역시,26290,남구,2203,방문량대비방문 소비액,62.41,,,,,,,,
202510,26,부산광역시,26320,북구,2201,외지인 소비액,85.87,,,,,,,,
202510,26,부산광역시,26320,북구,2202,전체 대비 외지인소비액 비중,83.12,,,,,,,,
202510,26,부산광역시,26320,북구,2203,방문량대비방문 소비액,95.79,,,,,,,,
202510,26,부산광역시,26350,해운대구,2201,외지인 소비액,98.52,,,,,,,,
202510,26,부산광역시,26350,해운대구,2202,전체 대비 외지인소비액 비중,1.42,,,,,,,,
202510,26,부산광역시,26350,해운대구,2203,방문량대비방문 소비액,95.44,,,,,,,,
202510,26,부산광역시,26380,사하구,2201,외지인 소비액,67.5,,,,,,,,
202510,26,부산광역시,26380,사하구,2202,전체 대비 외지인소비액 비중,79.48,,,,,,,,
202510,26,부산광역시,26380,사하구,2203,방문량대비방문 소비액,57.38,,,,,,,,
202510,26,부산광역시,26410,금정구,2201,외지인 소비액,68.25,,,,,,,,
202510,26,부산광역시,26410,금정구,2202,전체 대비 외지인소비액 비중,66.22,,,,,,,,
202510,26,부산광역시,26410,금정구,2203,방문량대비방문 소비액,61.04,,,,,,,,
202510,26,부산광역시,26440,강서구,2201,외지인 소비액,79.18,,,,,,,,
202510,26,부산광역시,26440,강서구,2202,전체 대비 외지인소비액 비중,82.7,,,,,,,,
202510,26,부산광역시,26440,강서구,2203,방문량대비방문 소비액,83.15,,,,,,,,
202510,26,부산광역시,26470,연제구,2201,외지인 소비액,70.86,,,,,,,,
202510,26,부산광역시,26470,연제구,2202,전체 대비 외지인소비액 비중,83.13,,,,,,,,
202510,26,부산광역시,26470,연제구,2203,방문량대비방문 소비액,71.36,,,,,,,,
202510,26,부산광역시,26500,수영구,2201,외지인 소비액,71.66,,,,,,,,
202510,26,부산광역시,26500,수영구,2202,전체 대비 외지인소비액 비중,84.21,,,,,,,,
202510,26,부산광역시,26500,수영구,2203,방문량대비방문 소비액,66.65,,,,,,,,
202510,26,부산광역시,26530,사상구,2201,외지인 소비액,70.51,,,,,,,,
202510,26,부산광역시,26530,사상구,2202,전체 대비 외지인소비액 비중,83.29,,,,,,,,
202510,26,부산광역시,26530,사상구,2203,방문량대비방문 소비액,69.12,,,,,,,,
202510,26,부산광역시,26710,기장군,2201,외지인 소비액,87.29,,,,,,,,
202510,26,부산광역시,26710,기장군,2202,전체 대비 외지인소비액 비중,83.16,,,,,,,,
202510,26,부산광역시,26710,기장군,2203,방문량대비방문 소비액,97.87,,,,,,,,
202511,26,부산광역시,26110,중구,2201,외지인 소비액,70.24,,,,,,,,
202511,26,부산광역시,26110,중구,2202,전체 대비 외지인소비액 비중,79.39,,,,,,,,
202511,26,부산광역시,26110,중구,2203,방문량대비방문 소비액,72.39,,,,,,,,
202511,26,부산광역시,26140,서구,2201,외지인 소비액,64.65,,,,,,,,
202511,26,부산광역시,26140,서구,2202,전체 대비 외지인소비액 비중,82.82,,,,,,,,
202511,26,부산광역시,26140,서구,2203,방문량대비방문 소비액,57.1,,,,,,,,
202511,26,부산광역시,26170,동구,2201,외지인 소비액,69.21,,,,,,,,
202511,26,부산광역시,26170,동구,2202,전체 대비 외지인소비액 비중,80.78,,,,,,,,
202511,26,부산광역시,26170,동구,2203,방문량대비방문 소비액,68.45,,,,,,,,
202511,26,부산광역시,26200,영도구,2201,외지인 소비액,63.72,,,,,,,,
202511,26,부산광역시,26200,영도구,2202,전체 대비 외지인소비액 비중,79.76,,,,,,,,
202511,26,부산광역시,26200,영도구,2203,방문량대비방문 소비액,53.11,,,,,,,,
202511,26,부산광역시,26230,부산진구,2201,외지인 소비액,81.68,,,,,,,,
202511,26,부산광역시,26230,부산진구,2202,전체 대비 외지인소비액 비중,55.97,,,,,,,,
202511,26,부산광역시,26230,부산진구,2203,방문량대비방문 소비액,69.96,,,,,,,,
202511,26,부산광역시,26260,동래구,2201,외지인 소비액,70.74,,,,,,,,
202511,26,부산광역시,26260,동래구,2202,전체 대비 외지인소비액 비중,65.45,,,,,,,,
202511,26,부산광역시,26260,동래구,2203,방문량대비방문 소비액,63,,,,,,,,
202511,26,부산광역시,26290,남구,2201,외지인 소비액,69.68,,,,,,,,
202511,26,부산광역시,26290,남구,2202,전체 대비 외지인소비액 비중,79.84,,,,,,,,
202511,26,부산광역시,26290,남구,2203,방문량대비방문 소비액,61.93,,,,,,,,
202511,26,부산광역시,26320,북구,2201,외지인 소비액,82.85,,,,,,,,
202511,26,부산광역시,26320,북구,2202,전체 대비 외지인소비액 비중,82.7,,,,,,,,
202511,26,부산광역시,26320,북구,2203,방문량대비방문 소비액,92.35,,,,,,,,
202511,26,부산광역시,26350,해운대구,2201,외지인 소비액,96.98,,,,,,,,
202511,26,부산광역시,26350,해운대구,2202,전체 대비 외지인소비액 비중,-11.12,,,,,,,,
202511,26,부산광역시,26350,해운대구,2203,방문량대비방문 소비액,97.26,,,,,,,,
202511,26,부산광역시,26380,사하구,2201,외지인 소비액,67.09,,,,,,,,
202511,26,부산광역시,26380,사하구,2202,전체 대비 외지인소비액 비중,80.06,,,,,,,,
202511,26,부산광역시,26380,사하구,2203,방문량대비방문 소비액,56.94,,,,,,,,
202511,26,부산광역시,26410,금정구,2201,외지인 소비액,67.8,,,,,,,,
202511,26,부산광역시,26410,금정구,2202,전체 대비 외지인소비액 비중,64.95,,,,,,,,
202511,26,부산광역시,26410,금정구,2203,방문량대비방문 소비액,59.78,,,,,,,,
202511,26,부산광역시,26440,강서구,2201,외지인 소비액,79.56,,,,,,,,
202511,26,부산광역시,26440,강서구,2202,전체 대비 외지인소비액 비중,82.44,,,,,,,,
202511,26,부산광역시,26440,강서구,2203,방문량대비방문 소비액,84.15,,,,,,,,
202511,26,부산광역시,26470,연제구,2201,외지인 소비액,70.1,,,,,,,,
202511,26,부산광역시,26470,연제구,2202,전체 대비 외지인소비액 비중,83.52,,,,,,,,
202511,26,부산광역시,26470,연제구,2203,방문량대비방문 소비액,69.74,,,,,,,,
202511,26,부산광역시,26500,수영구,2201,외지인 소비액,70.34,,,,,,,,
202511,26,부산광역시,26500,수영구,2202,전체 대비 외지인소비액 비중,83.88,,,,,,,,
202511,26,부산광역시,26500,수영구,2203,방문량대비방문 소비액,64.72,,,,,,,,
202511,26,부산광역시,26530,사상구,2201,외지인 소비액,69.91,,,,,,,,
202511,26,부산광역시,26530,사상구,2202,전체 대비 외지인소비액 비중,83.41,,,,,,,,
202511,26,부산광역시,26530,사상구,2203,방문량대비방문 소비액,67.72,,,,,,,,
202511,26,부산광역시,26710,기장군,2201,외지인 소비액,84.05,,,,,,,,
202511,26,부산광역시,26710,기장군,2202,전체 대비 외지인소비액 비중,83.06,,,,,,,,
202511,26,부산광역시,26710,기장군,2203,방문량대비방문 소비액,95.37,,,,,,,,
202512,26,부산광역시,26110,중구,2201,외지인 소비액,71.29,,,,,,,,
202512,26,부산광역시,26110,중구,2202,전체 대비 외지인소비액 비중,80.51,,,,,,,,
202512,26,부산광역시,26110,중구,2203,방문량대비방문 소비액,74.72,,,,,,,,
202512,26,부산광역시,26140,서구,2201,외지인 소비액,64.78,,,,,,,,
202512,26,부산광역시,26140,서구,2202,전체 대비 외지인소비액 비중,82.08,,,,,,,,
202512,26,부산광역시,26140,서구,2203,방문량대비방문 소비액,57.75,,,,,,,,
202512,26,부산광역시,26170,동구,2201,외지인 소비액,69.28,,,,,,,,
202512,26,부산광역시,26170,동구,2202,전체 대비 외지인소비액 비중,80.91,,,,,,,,
202512,26,부산광역시,26170,동구,2203,방문량대비방문 소비액,69.03,,,,,,,,
202512,26,부산광역시,26200,영도구,2201,외지인 소비액,63.79,,,,,,,,
202512,26,부산광역시,26200,영도구,2202,전체 대비 외지인소비액 비중,79.84,,,,,,,,
202512,26,부산광역시,26200,영도구,2203,방문량대비방문 소비액,53.49,,,,,,,,
202512,26,부산광역시,26230,부산진구,2201,외지인 소비액,82.81,,,,,,,,
202512,26,부산광역시,26230,부산진구,2202,전체 대비 외지인소비액 비중,58.32,,,,,,,,
202512,26,부산광역시,26230,부산진구,2203,방문량대비방문 소비액,70.32,,,,,,,,
202512,26,부산광역시,26260,동래구,2201,외지인 소비액,71.27,,,,,,,,
202512,26,부산광역시,26260,동래구,2202,전체 대비 외지인소비액 비중,68.46,,,,,,,,
202512,26,부산광역시,26260,동래구,2203,방문량대비방문 소비액,63.06,,,,,,,,
202512,26,부산광역시,26290,남구,2201,외지인 소비액,70.28,,,,,,,,
202512,26,부산광역시,26290,남구,2202,전체 대비 외지인소비액 비중,79.81,,,,,,,,
202512,26,부산광역시,26290,남구,2203,방문량대비방문 소비액,63.05,,,,,,,,
202512,26,부산광역시,26320,북구,2201,외지인 소비액,83.02,,,,,,,,
202512,26,부산광역시,26320,북구,2202,전체 대비 외지인소비액 비중,83.33,,,,,,,,
202512,26,부산광역시,26320,북구,2203,방문량대비방문 소비액,92.01,,,,,,,,
202512,26,부산광역시,26350,해운대구,2201,외지인 소비액,100.36,,,,,,,,
202512,26,부산광역시,26350,해운대구,2202,전체 대비 외지인소비액 비중,-5.53,,,,,,,,
202512,26,부산광역시,26350,해운대구,2203,방문량대비방문 소비액,99.42,,,,,,,,
202512,26,부산광역시,26380,사하구,2201,외지인 소비액,67.42,,,,,,,,
202512,26,부산광역시,26380,사하구,2202,전체 대비 외지인소비액 비중,80.12,,,,,,,,
202512,26,부산광역시,26380,사하구,2203,방문량대비방문 소비액,57.76,,,,,,,,
202512,26,부산광역시,26410,금정구,2201,외지인 소비액,67.76,,,,,,,,
202512,26,부산광역시,26410,금정구,2202,전체 대비 외지인소비액 비중,66.57,,,,,,,,
202512,26,부산광역시,26410,금정구,2203,방문량대비방문 소비액,60.1,,,,,,,,
202512,26,부산광역시,26440,강서구,2201,외지인 소비액,81.4,,,,,,,,
202512,26,부산광역시,26440,강서구,2202,전체 대비 외지인소비액 비중,83.01,,,,,,,,
202512,26,부산광역시,26440,강서구,2203,방문량대비방문 소비액,89.13,,,,,,,,
202512,26,부산광역시,26470,연제구,2201,외지인 소비액,70.7,,,,,,,,
202512,26,부산광역시,26470,연제구,2202,전체 대비 외지인소비액 비중,83.7,,,,,,,,
202512,26,부산광역시,26470,연제구,2203,방문량대비방문 소비액,71.26,,,,,,,,
202512,26,부산광역시,26500,수영구,2201,외지인 소비액,70.97,,,,,,,,
202512,26,부산광역시,26500,수영구,2202,전체 대비 외지인소비액 비중,83.73,,,,,,,,
202512,26,부산광역시,26500,수영구,2203,방문량대비방문 소비액,65.96,,,,,,,,
202512,26,부산광역시,26530,사상구,2201,외지인 소비액,70.39,,,,,,,,
202512,26,부산광역시,26530,사상구,2202,전체 대비 외지인소비액 비중,83.54,,,,,,,,
202512,26,부산광역시,26530,사상구,2203,방문량대비방문 소비액,69.58,,,,,,,,
202512,26,부산광역시,26710,기장군,2201,외지인 소비액,82.62,,,,,,,,
202512,26,부산광역시,26710,기장군,2202,전체 대비 외지인소비액 비중,82.85,,,,,,,,
202512,26,부산광역시,26710,기장군,2203,방문량대비방문 소비액,92.83,,,,,,,,
202601,26,부산광역시,26110,중구,2201,외지인 소비액,70.54,,,,,,,,
202601,26,부산광역시,26110,중구,2202,전체 대비 외지인소비액 비중,80.86,,,,,,,,
202601,26,부산광역시,26110,중구,2203,방문량대비방문 소비액,74.5,,,,,,,,
202601,26,부산광역시,26140,서구,2201,외지인 소비액,64.59,,,,,,,,
202601,26,부산광역시,26140,서구,2202,전체 대비 외지인소비액 비중,82.71,,,,,,,,
202601,26,부산광역시,26140,서구,2203,방문량대비방문 소비액,57.38,,,,,,,,
202601,26,부산광역시,26170,동구,2201,외지인 소비액,69.38,,,,,,,,
202601,26,부산광역시,26170,동구,2202,전체 대비 외지인소비액 비중,81.6,,,,,,,,
202601,26,부산광역시,26170,동구,2203,방문량대비방문 소비액,69.8,,,,,,,,
202601,26,부산광역시,26200,영도구,2201,외지인 소비액,63.74,,,,,,,,
202601,26,부산광역시,26200,영도구,2202,전체 대비 외지인소비액 비중,77.09,,,,,,,,
202601,26,부산광역시,26200,영도구,2203,방문량대비방문 소비액,53.73,,,,,,,,
202601,26,부산광역시,26230,부산진구,2201,외지인 소비액,81.99,,,,,,,,
202601,26,부산광역시,26230,부산진구,2202,전체 대비 외지인소비액 비중,60.63,,,,,,,,
202601,26,부산광역시,26230,부산진구,2203,방문량대비방문 소비액,70.1,,,,,,,,
202601,26,부산광역시,26260,동래구,2201,외지인 소비액,71.15,,,,,,,,
202601,26,부산광역시,26260,동래구,2202,전체 대비 외지인소비액 비중,69,,,,,,,,
202601,26,부산광역시,26260,동래구,2203,방문량대비방문 소비액,63.53,,,,,,,,
202601,26,부산광역시,26290,남구,2201,외지인 소비액,69.79,,,,,,,,
202601,26,부산광역시,26290,남구,2202,전체 대비 외지인소비액 비중,81.96,,,,,,,,
202601,26,부산광역시,26290,남구,2203,방문량대비방문 소비액,62.85,,,,,,,,
202601,26,부산광역시,26320,북구,2201,외지인 소비액,84.43,,,,,,,,
202601,26,부산광역시,26320,북구,2202,전체 대비 외지인소비액 비중,83.69,,,,,,,,
202601,26,부산광역시,26320,북구,2203,방문량대비방문 소비액,97.01,,,,,,,,
202601,26,부산광역시,26350,해운대구,2201,외지인 소비액,100.33,,,,,,,,
202601,26,부산광역시,26350,해운대구,2202,전체 대비 외지인소비액 비중,-10.41,,,,,,,,
202601,26,부산광역시,26350,해운대구,2203,방문량대비방문 소비액,102.45,,,,,,,,
202601,26,부산광역시,26380,사하구,2201,외지인 소비액,67.24,,,,,,,,
202601,26,부산광역시,26380,사하구,2202,전체 대비 외지인소비액 비중,81.52,,,,,,,,
202601,26,부산광역시,26380,사하구,2203,방문량대비방문 소비액,57.77,,,,,,,,
202601,26,부산광역시,26410,금정구,2201,외지인 소비액,67.38,,,,,,,,
202601,26,부산광역시,26410,금정구,2202,전체 대비 외지인소비액 비중,67.55,,,,,,,,
202601,26,부산광역시,26410,금정구,2203,방문량대비방문 소비액,59.97,,,,,,,,
202601,26,부산광역시,26440,강서구,2201,외지인 소비액,80.51,,,,,,,,
202601,26,부산광역시,26440,강서구,2202,전체 대비 외지인소비액 비중,83.1,,,,,,,,
202601,26,부산광역시,26440,강서구,2203,방문량대비방문 소비액,87.38,,,,,,,,
202601,26,부산광역시,26470,연제구,2201,외지인 소비액,70.57,,,,,,,,
202601,26,부산광역시,26470,연제구,2202,전체 대비 외지인소비액 비중,83.43,,,,,,,,
202601,26,부산광역시,26470,연제구,2203,방문량대비방문 소비액,71.69,,,,,,,,
202601,26,부산광역시,26500,수영구,2201,외지인 소비액,70.75,,,,,,,,
202601,26,부산광역시,26500,수영구,2202,전체 대비 외지인소비액 비중,83.81,,,,,,,,
202601,26,부산광역시,26500,수영구,2203,방문량대비방문 소비액,66.09,,,,,,,,
202601,26,부산광역시,26530,사상구,2201,외지인 소비액,70.4,,,,,,,,
202601,26,부산광역시,26530,사상구,2202,전체 대비 외지인소비액 비중,83.81,,,,,,,,
202601,26,부산광역시,26530,사상구,2203,방문량대비방문 소비액,70.95,,,,,,,,
202601,26,부산광역시,26710,기장군,2201,외지인 소비액,80.73,,,,,,,,
202601,26,부산광역시,26710,기장군,2202,전체 대비 외지인소비액 비중,82.23,,,,,,,,
202601,26,부산광역시,26710,기장군,2203,방문량대비방문 소비액,89.28,,,,,,,,
202602,26,부산광역시,26110,중구,2201,외지인 소비액,70.36,,,,,,,,
202602,26,부산광역시,26110,중구,2202,전체 대비 외지인소비액 비중,80.41,,,,,,,,
202602,26,부산광역시,26110,중구,2203,방문량대비방문 소비액,75.46,,,,,,,,
202602,26,부산광역시,26140,서구,2201,외지인 소비액,64.66,,,,,,,,
202602,26,부산광역시,26140,서구,2202,전체 대비 외지인소비액 비중,82.74,,,,,,,,
202602,26,부산광역시,26140,서구,2203,방문량대비방문 소비액,58.14,,,,,,,,
202602,26,부산광역시,26170,동구,2201,외지인 소비액,68.85,,,,,,,,
202602,26,부산광역시,26170,동구,2202,전체 대비 외지인소비액 비중,81.51,,,,,,,,
202602,26,부산광역시,26170,동구,2203,방문량대비방문 소비액,69.8,,,,,,,,
202602,26,부산광역시,26200,영도구,2201,외지인 소비액,63.77,,,,,,,,
202602,26,부산광역시,26200,영도구,2202,전체 대비 외지인소비액 비중,80.75,,,,,,,,
202602,26,부산광역시,26200,영도구,2203,방문량대비방문 소비액,54.07,,,,,,,,
202602,26,부산광역시,26230,부산진구,2201,외지인 소비액,81.6,,,,,,,,
202602,26,부산광역시,26230,부산진구,2202,전체 대비 외지인소비액 비중,60.36,,,,,,,,
202602,26,부산광역시,26230,부산진구,2203,방문량대비방문 소비액,71.69,,,,,,,,
202602,26,부산광역시,26260,동래구,2201,외지인 소비액,70.75,,,,,,,,
202602,26,부산광역시,26260,동래구,2202,전체 대비 외지인소비액 비중,69.13,,,,,,,,
202602,26,부산광역시,26260,동래구,2203,방문량대비방문 소비액,64.17,,,,,,,,
202602,26,부산광역시,26290,남구,2201,외지인 소비액,69.22,,,,,,,,
202602,26,부산광역시,26290,남구,2202,전체 대비 외지인소비액 비중,83.05,,,,,,,,
202602,26,부산광역시,26290,남구,2203,방문량대비방문 소비액,63.09,,,,,,,,
202602,26,부산광역시,26320,북구,2201,외지인 소비액,83.51,,,,,,,,
202602,26,부산광역시,26320,북구,2202,전체 대비 외지인소비액 비중,83.67,,,,,,,,
202602,26,부산광역시,26320,북구,2203,방문량대비방문 소비액,97.57,,,,,,,,
202602,26,부산광역시,26350,해운대구,2201,외지인 소비액,99.96,,,,,,,,
202602,26,부산광역시,26350,해운대구,2202,전체 대비 외지인소비액 비중,-10.7,,,,,,,,
202602,26,부산광역시,26350,해운대구,2203,방문량대비방문 소비액,106.28,,,,,,,,
202602,26,부산광역시,26380,사하구,2201,외지인 소비액,67.08,,,,,,,,
202602,26,부산광역시,26380,사하구,2202,전체 대비 외지인소비액 비중,81.63,,,,,,,,
202602,26,부산광역시,26380,사하구,2203,방문량대비방문 소비액,58.27,,,,,,,,
202602,26,부산광역시,26410,금정구,2201,외지인 소비액,67.26,,,,,,,,
202602,26,부산광역시,26410,금정구,2202,전체 대비 외지인소비액 비중,68.97,,,,,,,,
202602,26,부산광역시,26410,금정구,2203,방문량대비방문 소비액,60.29,,,,,,,,
202602,26,부산광역시,26440,강서구,2201,외지인 소비액,78.91,,,,,,,,
202602,26,부산광역시,26440,강서구,2202,전체 대비 외지인소비액 비중,83.25,,,,,,,,
202602,26,부산광역시,26440,강서구,2203,방문량대비방문 소비액,87.54,,,,,,,,
202602,26,부산광역시,26470,연제구,2201,외지인 소비액,69.83,,,,,,,,
202602,26,부산광역시,26470,연제구,2202,전체 대비 외지인소비액 비중,83.27,,,,,,,,
202602,26,부산광역시,26470,연제구,2203,방문량대비방문 소비액,71.63,,,,,,,,
202602,26,부산광역시,26500,수영구,2201,외지인 소비액,70.52,,,,,,,,
202602,26,부산광역시,26500,수영구,2202,전체 대비 외지인소비액 비중,83.4,,,,,,,,
202602,26,부산광역시,26500,수영구,2203,방문량대비방문 소비액,67.04,,,,,,,,
202602,26,부산광역시,26530,사상구,2201,외지인 소비액,69.98,,,,,,,,
202602,26,부산광역시,26530,사상구,2202,전체 대비 외지인소비액 비중,83.46,,,,,,,,
202602,26,부산광역시,26530,사상구,2203,방문량대비방문 소비액,71.33,,,,,,,,
202602,26,부산광역시,26710,기장군,2201,외지인 소비액,81.76,,,,,,,,
202602,26,부산광역시,26710,기장군,2202,전체 대비 외지인소비액 비중,82.72,,,,,,,,
202602,26,부산광역시,26710,기장군,2203,방문량대비방문 소비액,92.94,,,,,,,,
202603,26,부산광역시,26110,중구,2201,외지인 소비액,69.85,,,,,,,,
202603,26,부산광역시,26110,중구,2202,전체 대비 외지인소비액 비중,80.96,,,,,,,,
202603,26,부산광역시,26110,중구,2203,방문량대비방문 소비액,71.55,,,,,,,,
202603,26,부산광역시,26140,서구,2201,외지인 소비액,64.66,,,,,,,,
202603,26,부산광역시,26140,서구,2202,전체 대비 외지인소비액 비중,83.04,,,,,,,,
202603,26,부산광역시,26140,서구,2203,방문량대비방문 소비액,56.78,,,,,,,,
202603,26,부산광역시,26170,동구,2201,외지인 소비액,69.27,,,,,,,,
202603,26,부산광역시,26170,동구,2202,전체 대비 외지인소비액 비중,80.58,,,,,,,,
202603,26,부산광역시,26170,동구,2203,방문량대비방문 소비액,69.04,,,,,,,,
202603,26,부산광역시,26200,영도구,2201,외지인 소비액,63.78,,,,,,,,
202603,26,부산광역시,26200,영도구,2202,전체 대비 외지인소비액 비중,79.52,,,,,,,,
202603,26,부산광역시,26200,영도구,2203,방문량대비방문 소비액,53.25,,,,,,,,
202603,26,부산광역시,26230,부산진구,2201,외지인 소비액,80.71,,,,,,,,
202603,26,부산광역시,26230,부산진구,2202,전체 대비 외지인소비액 비중,59.65,,,,,,,,
202603,26,부산광역시,26230,부산진구,2203,방문량대비방문 소비액,68.41,,,,,,,,
202603,26,부산광역시,26260,동래구,2201,외지인 소비액,70.73,,,,,,,,
202603,26,부산광역시,26260,동래구,2202,전체 대비 외지인소비액 비중,68.35,,,,,,,,
202603,26,부산광역시,26260,동래구,2203,방문량대비방문 소비액,62.5,,,,,,,,
202603,26,부산광역시,26290,남구,2201,외지인 소비액,70.32,,,,,,,,
202603,26,부산광역시,26290,남구,2202,전체 대비 외지인소비액 비중,81.38,,,,,,,,
202603,26,부산광역시,26290,남구,2203,방문량대비방문 소비액,62.64,,,,,,,,
202603,26,부산광역시,26320,북구,2201,외지인 소비액,85.6,,,,,,,,
202603,26,부산광역시,26320,북구,2202,전체 대비 외지인소비액 비중,83.33,,,,,,,,
202603,26,부산광역시,26320,북구,2203,방문량대비방문 소비액,97.75,,,,,,,,
202603,26,부산광역시,26350,해운대구,2201,외지인 소비액,95.5,,,,,,,,
202603,26,부산광역시,26350,해운대구,2202,전체 대비 외지인소비액 비중,0.35,,,,,,,,
202603,26,부산광역시,26350,해운대구,2203,방문량대비방문 소비액,93.89,,,,,,,,
202603,26,부산광역시,26380,사하구,2201,외지인 소비액,67.15,,,,,,,,
202603,26,부산광역시,26380,사하구,2202,전체 대비 외지인소비액 비중,78.53,,,,,,,,
202603,26,부산광역시,26380,사하구,2203,방문량대비방문 소비액,57.04,,,,,,,,
202603,26,부산광역시,26410,금정구,2201,외지인 소비액,68.05,,,,,,,,
202603,26,부산광역시,26410,금정구,2202,전체 대비 외지인소비액 비중,65.65,,,,,,,,
202603,26,부산광역시,26410,금정구,2203,방문량대비방문 소비액,59.89,,,,,,,,
202603,26,부산광역시,26440,강서구,2201,외지인 소비액,83.54,,,,,,,,
202603,26,부산광역시,26440,강서구,2202,전체 대비 외지인소비액 비중,82.64,,,,,,,,
202603,26,부산광역시,26440,강서구,2203,방문량대비방문 소비액,92.73,,,,,,,,
202603,26,부산광역시,26470,연제구,2201,외지인 소비액,69.9,,,,,,,,
202603,26,부산광역시,26470,연제구,2202,전체 대비 외지인소비액 비중,83.02,,,,,,,,
202603,26,부산광역시,26470,연제구,2203,방문량대비방문 소비액,69.32,,,,,,,,
202603,26,부산광역시,26500,수영구,2201,외지인 소비액,70.02,,,,,,,,
202603,26,부산광역시,26500,수영구,2202,전체 대비 외지인소비액 비중,83.85,,,,,,,,
202603,26,부산광역시,26500,수영구,2203,방문량대비방문 소비액,64.13,,,,,,,,
202603,26,부산광역시,26530,사상구,2201,외지인 소비액,70.85,,,,,,,,
202603,26,부산광역시,26530,사상구,2202,전체 대비 외지인소비액 비중,83.61,,,,,,,,
202603,26,부산광역시,26530,사상구,2203,방문량대비방문 소비액,69.42,,,,,,,,
202603,26,부산광역시,26710,기장군,2201,외지인 소비액,80.75,,,,,,,,
202603,26,부산광역시,26710,기장군,2202,전체 대비 외지인소비액 비중,82.93,,,,,,,,
202603,26,부산광역시,26710,기장군,2203,방문량대비방문 소비액,88.33,,,,,,,,
202604,26,부산광역시,26110,중구,2201,외지인 소비액,69.55,,,,,,,,
202604,26,부산광역시,26110,중구,2202,전체 대비 외지인소비액 비중,80.03,,,,,,,,
202604,26,부산광역시,26110,중구,2203,방문량대비방문 소비액,72.55,,,,,,,,
202604,26,부산광역시,26140,서구,2201,외지인 소비액,64.85,,,,,,,,
202604,26,부산광역시,26140,서구,2202,전체 대비 외지인소비액 비중,83.34,,,,,,,,
202604,26,부산광역시,26140,서구,2203,방문량대비방문 소비액,58.76,,,,,,,,
202604,26,부산광역시,26170,동구,2201,외지인 소비액,69.39,,,,,,,,
202604,26,부산광역시,26170,동구,2202,전체 대비 외지인소비액 비중,81.71,,,,,,,,
202604,26,부산광역시,26170,동구,2203,방문량대비방문 소비액,70.98,,,,,,,,
202604,26,부산광역시,26200,영도구,2201,외지인 소비액,63.73,,,,,,,,
202604,26,부산광역시,26200,영도구,2202,전체 대비 외지인소비액 비중,80.57,,,,,,,,
202604,26,부산광역시,26200,영도구,2203,방문량대비방문 소비액,53.9,,,,,,,,
202604,26,부산광역시,26230,부산진구,2201,외지인 소비액,80.29,,,,,,,,
202604,26,부산광역시,26230,부산진구,2202,전체 대비 외지인소비액 비중,59.81,,,,,,,,
202604,26,부산광역시,26230,부산진구,2203,방문량대비방문 소비액,70.16,,,,,,,,
202604,26,부산광역시,26260,동래구,2201,외지인 소비액,70.65,,,,,,,,
202604,26,부산광역시,26260,동래구,2202,전체 대비 외지인소비액 비중,70,,,,,,,,
202604,26,부산광역시,26260,동래구,2203,방문량대비방문 소비액,62.97,,,,,,,,
202604,26,부산광역시,26290,남구,2201,외지인 소비액,70.33,,,,,,,,
202604,26,부산광역시,26290,남구,2202,전체 대비 외지인소비액 비중,81.59,,,,,,,,
202604,26,부산광역시,26290,남구,2203,방문량대비방문 소비액,65.21,,,,,,,,
202604,26,부산광역시,26320,북구,2201,외지인 소비액,84.19,,,,,,,,
202604,26,부산광역시,26320,북구,2202,전체 대비 외지인소비액 비중,83.52,,,,,,,,
202604,26,부산광역시,26320,북구,2203,방문량대비방문 소비액,97.15,,,,,,,,
202604,26,부산광역시,26350,해운대구,2201,외지인 소비액,93.92,,,,,,,,
202604,26,부산광역시,26350,해운대구,2202,전체 대비 외지인소비액 비중,-2.83,,,,,,,,
202604,26,부산광역시,26350,해운대구,2203,방문량대비방문 소비액,95.66,,,,,,,,
202604,26,부산광역시,26380,사하구,2201,외지인 소비액,67.3,,,,,,,,
202604,26,부산광역시,26380,사하구,2202,전체 대비 외지인소비액 비중,79.84,,,,,,,,
202604,26,부산광역시,26380,사하구,2203,방문량대비방문 소비액,58.48,,,,,,,,
202604,26,부산광역시,26410,금정구,2201,외지인 소비액,67.68,,,,,,,,
202604,26,부산광역시,26410,금정구,2202,전체 대비 외지인소비액 비중,65.05,,,,,,,,
202604,26,부산광역시,26410,금정구,2203,방문량대비방문 소비액,61.26,,,,,,,,
202604,26,부산광역시,26440,강서구,2201,외지인 소비액,81,,,,,,,,
202604,26,부산광역시,26440,강서구,2202,전체 대비 외지인소비액 비중,82.89,,,,,,,,
202604,26,부산광역시,26440,강서구,2203,방문량대비방문 소비액,89.4,,,,,,,,
202604,26,부산광역시,26470,연제구,2201,외지인 소비액,69.71,,,,,,,,
202604,26,부산광역시,26470,연제구,2202,전체 대비 외지인소비액 비중,83.58,,,,,,,,
202604,26,부산광역시,26470,연제구,2203,방문량대비방문 소비액,70.06,,,,,,,,
202604,26,부산광역시,26500,수영구,2201,외지인 소비액,69.9,,,,,,,,
202604,26,부산광역시,26500,수영구,2202,전체 대비 외지인소비액 비중,84.05,,,,,,,,
202604,26,부산광역시,26500,수영구,2203,방문량대비방문 소비액,65.09,,,,,,,,
202604,26,부산광역시,26530,사상구,2201,외지인 소비액,70.62,,,,,,,,
202604,26,부산광역시,26530,사상구,2202,전체 대비 외지인소비액 비중,83.65,,,,,,,,
202604,26,부산광역시,26530,사상구,2203,방문량대비방문 소비액,71.49,,,,,,,,
202604,26,부산광역시,26710,기장군,2201,외지인 소비액,80.5,,,,,,,,
202604,26,부산광역시,26710,기장군,2202,전체 대비 외지인소비액 비중,82.56,,,,,,,,
202604,26,부산광역시,26710,기장군,2203,방문량대비방문 소비액,89.74,,,,,,,,
202605,26,부산광역시,26110,중구,2201,외지인 소비액,70.97,,,,,,,,
202605,26,부산광역시,26110,중구,2202,전체 대비 외지인소비액 비중,80.88,,,,,,,,
202605,26,부산광역시,26110,중구,2203,방문량대비방문 소비액,73.93,,,,,,,,
202605,26,부산광역시,26140,서구,2201,외지인 소비액,65.21,,,,,,,,
202605,26,부산광역시,26140,서구,2202,전체 대비 외지인소비액 비중,82.8,,,,,,,,
