기준연월,지역,외국인 방문자 수,구분
202607,중구,392134,외국인 방문자
202607,서구,303953,외국인 방문자
202607,동구,312009,외국인 방문자
202607,영도구,342318,외국인 방문자
202607,부산진구,410866,외국인 방문자
202607,동래구,34334,외국인 방문자
202607,남구,256778,외국인 방문자
202607,북구,27471,외국인 방문자
202607,해운대구,733817,외국인 방문자
202607,사하구,149153,외국인 방문자
202607,금정구,53924,외국인 방문자
202607,강서구,677009,외국인 방문자
202607,연제구,58948,외국인 방문자
202607,수영구,270758,외국인 방문자
202607,사상구,70306,외국인 방문자
202607,기장군,278720,외국인 방문자
202606,중구,389117,외국인 방문자
202606,서구,293336,외국인 방문자
202606,동구,338247,외국인 방문자
202606,영도구,336973,외국인 방문자
202606,부산진구,416951,외국인 방문자
202606,동래구,71131,외국인 방문자
202606,남구,275168,외국인 방문자
202606,북구,27195,외국인 방문자
202606,해운대구,726217,외국인 방문자
202606,사하구,152857,외국인 방문자
202606,금정구,55881,외국인 방문자
202606,강서구,712741,외국인 방문자
202606,연제구,133626,외국인 방문자
202606,수영구,288084,외국인 방문자
202606,사상구,73294,외국인 방문자
202606,기장군,259246,외국인 방문자
202605,중구,379734,외국인 방문자
202605,서구,290301,외국인 방문자
202605,동구,317733,외국인 방문자
202605,영도구,324775,외국인 방문자
202605,부산진구,384069,외국인 방문자
202605,동래구,32639,외국인 방문자
202605,남구,272085,외국인 방문자
202605,북구,24422,외국인 방문자
202605,해운대구,637919,외국인 방문자
202605,사하구,168797,외국인 방문자
202605,금정구,59845,외국인 방문자
202605,강서구,640400,외국인 방문자
202605,연제구,50203,외국인 방문자
202605,수영구,254471,외국인 방문자
202605,사상구,91507,외국인 방문자
202605,기장군,253034,외국인 방문자
202604,중구,340789,외국인 방문자
202604,서구,273872,외국인 방문자
202604,동구,282746,외국인 방문자
202604,영도구,282045,외국인 방문자
202604,부산진구,343387,외국인 방문자
202604,동래구,29196,외국인 방문자
202604,남구,249431,외국인 방문자
202604,북구,24175,외국인 방문자
202604,해운대구,572598,외국인 방문자
202604,사하구,132466,외국인 방문자
202604,금정구,49026,외국인 방문자
202604,강서구,579512,외국인 방문자
202604,연제구,43696,외국인 방문자
202604,수영구,227033,외국인 방문자
202604,사상구,94624,외국인 방문자
202604,기장군,227512,외국인 방문자
202603,중구,312989,외국인 방문자
202603,서구,211206,외국인 방문자
202603,동구,236843,외국인 방문자
202603,영도구,271715,외국인 방문자
202603,부산진구,317003,외국인 방문자
202603,동래구,25845,외국인 방문자
202603,남구,224524,외국인 방문자
202603,북구,18410,외국인 방문자
202603,해운대구,444749,외국인 방문자
202603,사하구,105800,외국인 방문자
202603,금정구,39964,외국인 방문자
202603,강서구,544952,외국인 방문자
202603,연제구,30759,외국인 방문자
202603,수영구,168859,외국인 방문자
202603,사상구,82460,외국인 방문자
202603,기장군,188665,외국인 방문자
202602,중구,212895,외국인 방문자
202602,서구,164788,외국인 방문자
202602,동구,172334,외국인 방문자
202602,영도구,199452,외국인 방문자
202602,부산진구,240210,외국인 방문자
202602,동래구,17148,외국인 방문자
202602,남구,153897,외국인 방문자
202602,북구,13930,외국인 방문자
202602,해운대구,349588,외국인 방문자
202602,사하구,74916,외국인 방문자
202602,금정구,26582,외국인 방문자
202602,강서구,464277,외국인 방문자
202602,연제구,23779,외국인 방문자
202602,수영구,117133,외국인 방문자
202602,사상구,44765,외국인 방문자
202602,기장군,143829,외국인 방문자
202601,중구,173092,외국인 방문자
202601,서구,129163,외국인 방문자
202601,동구,140489,외국인 방문자
202601,영도구,161792,외국인 방문자
202601,부산진구,188708,외국인 방문자
202601,동래구,15441,외국인 방문자
202601,남구,127295,외국인 방문자
202601,북구,13162,외국인 방문자
202601,해운대구,265864,외국인 방문자
202601,사하구,63784,외국인 방문자
202601,금정구,23547,외국인 방문자
202601,강서구,447630,외국인 방문자
202601,연제구,24553,외국인 방문자
202601,수영구,94969,외국인 방문자
202601,사상구,38167,외국인 방문자
202601,기장군,108921,외국인 방문자
202512,중구,212762,외국인 방문자
202512,서구,155429,외국인 방문자
202512,동구,179750,외국인 방문자
202512,영도구,147361,외국인 방문자
202512,부산진구,215968,외국인 방문자
202512,동래구,19026,외국인 방문자
202512,남구,141082,외국인 방문자
202512,북구,16716,외국인 방문자
202512,해운대구,327044,외국인 방문자
202512,사하구,75482,외국인 방문자
202512,금정구,32171,외국인 방문자
202512,강서구,478758,외국인 방문자
202512,연제구,29142,외국인 방문자
202512,수영구,120465,외국인 방문자
202512,사상구,46353,외국인 방문자
202512,기장군,130825,외국인 방문자
202511,중구,289512,외국인 방문자
202511,서구,202008,외국인 방문자
202511,동구,235387,외국인 방문자
202511,영도구,210290,외국인 방문자
202511,부산진구,291865,외국인 방문자
202511,동래구,24290,외국인 방문자
202511,남구,201230,외국인 방문자
202511,북구,17695,외국인 방문자
202511,해운대구,412736,외국인 방문자
202511,사하구,95808,외국인 방문자
202511,금정구,51049,외국인 방문자
202511,강서구,553102,외국인 방문자
202511,연제구,36026,외국인 방문자
202511,수영구,153615,외국인 방문자
202511,사상구,61940,외국인 방문자
202511,기장군,165429,외국인 방문자
202510,중구,291327,외국인 방문자
202510,서구,211648,외국인 방문자
202510,동구,243823,외국인 방문자
202510,영도구,206740,외국인 방문자
202510,부산진구,282009,외국인 방문자
202510,동래구,24585,외국인 방문자
202510,남구,193226,외국인 방문자
202510,북구,18534,외국인 방문자
202510,해운대구,456322,외국인 방문자
202510,사하구,102584,외국인 방문자
202510,금정구,55821,외국인 방문자
202510,강서구,608515,외국인 방문자
202510,연제구,35538,외국인 방문자
202510,수영구,167996,외국인 방문자
202510,사상구,70154,외국인 방문자
202510,기장군,178774,외국인 방문자
202509,중구,230629,외국인 방문자
202509,서구,182029,외국인 방문자
202509,동구,189925,외국인 방문자
202509,영도구,181239,외국인 방문자
202509,부산진구,241120,외국인 방문자
202509,동래구,18590,외국인 방문자
202509,남구,168152,외국인 방문자
202509,북구,15452,외국인 방문자
202509,해운대구,405187,외국인 방문자
202509,사하구,80861,외국인 방문자
202509,금정구,42059,외국인 방문자
202509,강서구,501900,외국인 방문자
202509,연제구,30314,외국인 방문자
202509,수영구,149852,외국인 방문자
202509,사상구,59200,외국인 방문자
202509,기장군,141874,외국인 방문자
202508,중구,244930,외국인 방문자
202508,서구,197006,외국인 방문자
202508,동구,216544,외국인 방문자
202508,영도구,209598,외국인 방문자
202508,부산진구,251597,외국인 방문자
202508,동래구,22790,외국인 방문자
202508,남구,165652,외국인 방문자
202508,북구,21752,외국인 방문자
202508,해운대구,417808,외국인 방문자
202508,사하구,133753,외국인 방문자
202508,금정구,38449,외국인 방문자
202508,강서구,514492,외국인 방문자
202508,연제구,37531,외국인 방문자
202508,수영구,146613,외국인 방문자
202508,사상구,58641,외국인 방문자
202508,기장군,169957,외국인 방문자
202507,중구,269965,외국인 방문자
202507,서구,199505,외국인 방문자
202507,동구,224664,외국인 방문자
202507,영도구,232213,외국인 방문자
202507,부산진구,280124,외국인 방문자
202507,동래구,28159,외국인 방문자
202507,남구,176245,외국인 방문자
202507,북구,25014,외국인 방문자
202507,해운대구,473911,외국인 방문자
202507,사하구,153479,외국인 방문자
202507,금정구,37978,외국인 방문자
202507,강서구,663875,외국인 방문자
202507,연제구,44139,외국인 방문자
202507,수영구,158336,외국인 방문자
202507,사상구,68084,외국인 방문자
202507,기장군,183518,외국인 방문자
202506,중구,231522,외국인 방문자
202506,서구,166925,외국인 방문자
202506,동구,191499,외국인 방문자
202506,영도구,170078,외국인 방문자
202506,부산진구,229729,외국인 방문자
202506,동래구,21515,외국인 방문자
202506,남구,149994,외국인 방문자
202506,북구,18516,외국인 방문자
202506,해운대구,404755,외국인 방문자
202506,사하구,136707,외국인 방문자
202506,금정구,31206,외국인 방문자
202506,강서구,444880,외국인 방문자
202506,연제구,32407,외국인 방문자
202506,수영구,137953,외국인 방문자
202506,사상구,52057,외국인 방문자
202506,기장군,157611,외국인 방문자
202505,중구,256432,외국인 방문자
202505,서구,185524,외국인 방문자
202505,동구,215286,외국인 방문자
202505,영도구,199071,외국인 방문자
202505,부산진구,253841,외국인 방문자
202505,동래구,21400,외국인 방문자
202505,남구,167756,외국인 방문자
202505,북구,16827,외국인 방문자
202505,해운대구,395151,외국인 방문자
202505,사하구,152571,외국인 방문자
202505,금정구,39724,외국인 방문자
202505,강서구,453018,외국인 방문자
202505,연제구,33108,외국인 방문자
202505,수영구,145225,외국인 방문자
202505,사상구,66503,외국인 방문자
202505,기장군,157336,외국인 방문자
202504,중구,271826,외국인 방문자
202504,서구,188944,외국인 방문자
202504,동구,237008,외국인 방문자
202504,영도구,213176,외국인 방문자
202504,부산진구,249669,외국인 방문자
202504,동래구,20867,외국인 방문자
202504,남구,192704,외국인 방문자
202504,북구,17035,외국인 방문자
202504,해운대구,401046,외국인 방문자
202504,사하구,153897,외국인 방문자
202504,금정구,41904,외국인 방문자
202504,강서구,425297,외국인 방문자
202504,연제구,30911,외국인 방문자
202504,수영구,147959,외국인 방문자
202504,사상구,74406,외국인 방문자
202504,기장군,172250,외국인 방문자
202503,중구,212225,외국인 방문자
202503,서구,144467,외국인 방문자
202503,동구,171731,외국인 방문자
202503,영도구,171374,외국인 방문자
202503,부산진구,221631,외국인 방문자
202503,동래구,18276,외국인 방문자
202503,남구,164044,외국인 방문자
202503,북구,14820,외국인 방문자
202503,해운대구,287671,외국인 방문자
202503,사하구,115575,외국인 방문자
202503,금정구,34645,외국인 방문자
202503,강서구,354596,외국인 방문자
202503,연제구,27637,외국인 방문자
202503,수영구,102737,외국인 방문자
202503,사상구,62249,외국인 방문자
202503,기장군,127372,외국인 방문자
202502,중구,116272,외국인 방문자
202502,서구,84941,외국인 방문자
202502,동구,89606,외국인 방문자
202502,영도구,105778,외국인 방문자
202502,부산진구,121527,외국인 방문자
202502,동래구,11564,외국인 방문자
202502,남구,85800,외국인 방문자
202502,북구,12185,외국인 방문자
202502,해운대구,155604,외국인 방문자
202502,사하구,68047,외국인 방문자
202502,금정구,18609,외국인 방문자
202502,강서구,269013,외국인 방문자
202502,연제구,18862,외국인 방문자
202502,수영구,51984,외국인 방문자
202502,사상구,31590,외국인 방문자
202502,기장군,74900,외국인 방문자
202501,중구,129209,외국인 방문자
202501,서구,91123,외국인 방문자
202501,동구,99478,외국인 방문자
202501,영도구,124961,외국인 방문자
202501,부산진구,136653,외국인 방문자
202501,동래구,14396,외국인 방문자
202501,남구,93876,외국인 방문자
202501,북구,13987,외국인 방문자
202501,해운대구,176341,외국인 방문자
202501,사하구,73192,외국인 방문자
202501,금정구,18890,외국인 방문자
202501,강서구,303854,외국인 방문자
202501,연제구,21982,외국인 방문자
202501,수영구,60562,외국인 방문자
202501,사상구,31283,외국인 방문자
202501,기장군,81272,외국인 방문자
202412,중구,176698,외국인 방문자
202412,서구,121536,외국인 방문자
202412,동구,138357,외국인 방문자
202412,영도구,145031,외국인 방문자
202412,부산진구,167936,외국인 방문자
202412,동래구,14666,외국인 방문자
202412,남구,111424,외국인 방문자
202412,북구,14731,외국인 방문자
202412,해운대구,228251,외국인 방문자
202412,사하구,99761,외국인 방문자
202412,금정구,23450,외국인 방문자
202412,강서구,337784,외국인 방문자
202412,연제구,23946,외국인 방문자
202412,수영구,78863,외국인 방문자
202412,사상구,33789,외국인 방문자
202412,기장군,99397,외국인 방문자
202411,중구,207089,외국인 방문자
202411,서구,132319,외국인 방문자
202411,동구,161824,외국인 방문자
202411,영도구,149842,외국인 방문자
202411,부산진구,201187,외국인 방문자
202411,동래구,17774,외국인 방문자
202411,남구,128803,외국인 방문자
202411,북구,15097,외국인 방문자
202411,해운대구,273051,외국인 방문자
202411,사하구,112257,외국인 방문자
202411,금정구,44886,외국인 방문자
202411,강서구,352111,외국인 방문자
202411,연제구,29055,외국인 방문자
202411,수영구,105061,외국인 방문자
202411,사상구,43482,외국인 방문자
202411,기장군,112902,외국인 방문자
202410,중구,260001,외국인 방문자
202410,서구,174706,외국인 방문자
202410,동구,218813,외국인 방문자
202410,영도구,182236,외국인 방문자
202410,부산진구,240902,외국인 방문자
202410,동래구,19601,외국인 방문자
202410,남구,158497,외국인 방문자
202410,북구,14691,외국인 방문자
202410,해운대구,372731,외국인 방문자
202410,사하구,141390,외국인 방문자
202410,금정구,51717,외국인 방문자
202410,강서구,404488,외국인 방문자
202410,연제구,33816,외국인 방문자
202410,수영구,136114,외국인 방문자
202410,사상구,56935,외국인 방문자
202410,기장군,138245,외국인 방문자
202409,중구,196219,외국인 방문자
202409,서구,135800,외국인 방문자
202409,동구,155890,외국인 방문자
202409,영도구,163730,외국인 방문자
202409,부산진구,197753,외국인 방문자
202409,동래구,15389,외국인 방문자
202409,남구,150683,외국인 방문자
202409,북구,14191,외국인 방문자
202409,해운대구,272576,외국인 방문자
202409,사하구,102928,외국인 방문자
202409,금정구,42534,외국인 방문자
202409,강서구,342623,외국인 방문자
202409,연제구,27880,외국인 방문자
202409,수영구,102487,외국인 방문자
202409,사상구,44960,외국인 방문자
202409,기장군,112738,외국인 방문자
202408,중구,214292,외국인 방문자
202408,서구,136226,외국인 방문자
202408,동구,176037,외국인 방문자
202408,영도구,182615,외국인 방문자
202408,부산진구,208619,외국인 방문자
202408,동래구,17006,외국인 방문자
202408,남구,154822,외국인 방문자
202408,북구,17635,외국인 방문자
202408,해운대구,293357,외국인 방문자
202408,사하구,114577,외국인 방문자
202408,금정구,32621,외국인 방문자
202408,강서구,381877,외국인 방문자
202408,연제구,32942,외국인 방문자
202408,수영구,95457,외국인 방문자
202408,사상구,41327,외국인 방문자
202408,기장군,119300,외국인 방문자
202407,중구,186278,외국인 방문자
202407,서구,131557,외국인 방문자
202407,동구,149390,외국인 방문자
202407,영도구,163816,외국인 방문자
202407,부산진구,173120,외국인 방문자
202407,동래구,16533,외국인 방문자
202407,남구,119978,외국인 방문자
202407,북구,15895,외국인 방문자
202407,해운대구,271871,외국인 방문자
202407,사하구,111532,외국인 방문자
202407,금정구,24581,외국인 방문자
202407,강서구,346011,외국인 방문자
202407,연제구,28400,외국인 방문자
202407,수영구,83419,외국인 방문자
202407,사상구,39278,외국인 방문자
202407,기장군,113766,외국인 방문자
202405,중구,209118,외국인 방문자
202405,서구,147064,외국인 방문자
202405,동구,178297,외국인 방문자
202405,영도구,170505,외국인 방문자
202405,부산진구,189625,외국인 방문자
202405,동래구,15848,외국인 방문자
202405,남구,124441,외국인 방문자
202405,북구,12066,외국인 방문자
202405,해운대구,272057,외국인 방문자
202405,사하구,127130,외국인 방문자
202405,금정구,31791,외국인 방문자
202405,강서구,349481,외국인 방문자
202405,연제구,29933,외국인 방문자
202405,수영구,98391,외국인 방문자
202405,사상구,43020,외국인 방문자
202405,기장군,110974,외국인 방문자
202404,중구,241691,외국인 방문자
202404,서구,147528,외국인 방문자
202404,동구,210478,외국인 방문자
202404,영도구,187650,외국인 방문자
202404,부산진구,208190,외국인 방문자
202404,동래구,17856,외국인 방문자
202404,남구,145150,외국인 방문자
202404,북구,16197,외국인 방문자
202404,해운대구,296971,외국인 방문자
202404,사하구,132692,외국인 방문자
202404,금정구,35653,외국인 방문자
202404,강서구,360517,외국인 방문자
202404,연제구,29782,외국인 방문자
202404,수영구,106726,외국인 방문자
202404,사상구,50067,외국인 방문자
202404,기장군,126289,외국인 방문자
202403,중구,217015,외국인 방문자
202403,서구,129426,외국인 방문자
202403,동구,172728,외국인 방문자
202403,영도구,160801,외국인 방문자
202403,부산진구,187815,외국인 방문자
202403,동래구,16379,외국인 방문자
202403,남구,132228,외국인 방문자
202403,북구,16479,외국인 방문자
202403,해운대구,228220,외국인 방문자
202403,사하구,114407,외국인 방문자
202403,금정구,36418,외국인 방문자
202403,강서구,338612,외국인 방문자
202403,연제구,30579,외국인 방문자
202403,수영구,76471,외국인 방문자
202403,사상구,52997,외국인 방문자
202403,기장군,102731,외국인 방문자
202402,중구,131961,외국인 방문자
202402,서구,87774,외국인 방문자
202402,동구,101421,외국인 방문자
202402,영도구,112848,외국인 방문자
202402,부산진구,126317,외국인 방문자
202402,동래구,14966,외국인 방문자
202402,남구,86198,외국인 방문자
202402,북구,13684,외국인 방문자
202402,해운대구,163440,외국인 방문자
202402,사하구,74385,외국인 방문자
202402,금정구,20307,외국인 방문자
202402,강서구,256754,외국인 방문자
202402,연제구,23492,외국인 방문자
202402,수영구,44102,외국인 방문자
202402,사상구,29943,외국인 방문자
202402,기장군,75844,외국인 방문자
202401,중구,113243,외국인 방문자
202401,서구,80415,외국인 방문자
202401,동구,86228,외국인 방문자
202401,영도구,92840,외국인 방문자
202401,부산진구,112648,외국인 방문자
202401,동래구,12546,외국인 방문자
202401,남구,80265,외국인 방문자
202401,북구,12862,외국인 방문자
202401,해운대구,126553,외국인 방문자
202401,사하구,68800,외국인 방문자
202401,금정구,19690,외국인 방문자
202401,강서구,226453,외국인 방문자
202401,연제구,24669,외국인 방문자
202401,수영구,37564,외국인 방문자
202401,사상구,25271,외국인 방문자
202401,기장군,85268,외국인 방문자
202312,중구,151456,외국인 방문자
202312,서구,92705,외국인 방문자
202312,동구,117603,외국인 방문자
202312,영도구,96372,외국인 방문자
202312,부산진구,124542,외국인 방문자
202312,동래구,12114,외국인 방문자
202312,남구,92804,외국인 방문자
202312,북구,13990,외국인 방문자
202312,해운대구,154263,외국인 방문자
202312,사하구,86438,외국인 방문자
202312,금정구,24751,외국인 방문자
202312,강서구,236585,외국인 방문자
202312,연제구,21137,외국인 방문자
202312,수영구,45566,외국인 방문자
202312,사상구,27289,외국인 방문자
202312,기장군,98421,외국인 방문자
202311,중구,187783,외국인 방문자
202311,서구,110665,외국인 방문자
202311,동구,150498,외국인 방문자
202311,영도구,130366,외국인 방문자
202311,부산진구,158846,외국인 방문자
202311,동래구,19060,외국인 방문자
202311,남구,125690,외국인 방문자
202311,북구,15475,외국인 방문자
202311,해운대구,203472,외국인 방문자
202311,사하구,98613,외국인 방문자
202311,금정구,38242,외국인 방문자
202311,강서구,265238,외국인 방문자
202311,연제구,29096,외국인 방문자
202311,수영구,66350,외국인 방문자
202311,사상구,35331,외국인 방문자
202311,기장군,113540,외국인 방문자
202310,중구,216902,외국인 방문자
202310,서구,132068,외국인 방문자
202310,동구,182999,외국인 방문자
202310,영도구,179541,외국인 방문자
202310,부산진구,183008,외국인 방문자
202310,동래구,21002,외국인 방문자
202310,남구,166076,외국인 방문자
202310,북구,16047,외국인 방문자
202310,해운대구,280030,외국인 방문자
202310,사하구,117741,외국인 방문자
202310,금정구,44259,외국인 방문자
202310,강서구,308542,외국인 방문자
202310,연제구,30753,외국인 방문자
202310,수영구,85788,외국인 방문자
202310,사상구,41635,외국인 방문자
202310,기장군,147329,외국인 방문자
202309,중구,187681,외국인 방문자
202309,서구,115238,외국인 방문자
202309,동구,138163,외국인 방문자
202309,영도구,146936,외국인 방문자
202309,부산진구,167131,외국인 방문자
202309,동래구,15146,외국인 방문자
202309,남구,117526,외국인 방문자
202309,북구,16702,외국인 방문자
202309,해운대구,221263,외국인 방문자
202309,사하구,98604,외국인 방문자
202309,금정구,36534,외국인 방문자
202309,강서구,279564,외국인 방문자
202309,연제구,27910,외국인 방문자
202309,수영구,65425,외국인 방문자
202309,사상구,40670,외국인 방문자
202309,기장군,121791,외국인 방문자
202308,중구,166161,외국인 방문자
202308,서구,97266,외국인 방문자
202308,동구,127809,외국인 방문자
202308,영도구,148060,외국인 방문자
202308,부산진구,146520,외국인 방문자
202308,동래구,18657,외국인 방문자
202308,남구,102546,외국인 방문자
202308,북구,19773,외국인 방문자
202308,해운대구,188711,외국인 방문자
202308,사하구,88841,외국인 방문자
202308,금정구,30722,외국인 방문자
202308,강서구,259951,외국인 방문자
202308,연제구,30784,외국인 방문자
202308,수영구,54871,외국인 방문자
202308,사상구,33547,외국인 방문자
202308,기장군,117773,외국인 방문자
202307,중구,142931,외국인 방문자
202307,서구,89516,외국인 방문자
202307,동구,111755,외국인 방문자
202307,영도구,119671,외국인 방문자
202307,부산진구,131426,외국인 방문자
202307,동래구,17031,외국인 방문자
202307,남구,87686,외국인 방문자
202307,북구,17919,외국인 방문자
202307,해운대구,186103,외국인 방문자
202307,사하구,83235,외국인 방문자
202307,금정구,23972,외국인 방문자
202307,강서구,242755,외국인 방문자
202307,연제구,26877,외국인 방문자
202307,수영구,51106,외국인 방문자
202307,사상구,26602,외국인 방문자
202307,기장군,100863,외국인 방문자
202306,중구,149970,외국인 방문자
202306,서구,99061,외국인 방문자
202306,동구,115954,외국인 방문자
202306,영도구,112657,외국인 방문자
202306,부산진구,136524,외국인 방문자
202306,동래구,15641,외국인 방문자
202306,남구,89154,외국인 방문자
202306,북구,14267,외국인 방문자
202306,해운대구,197304,외국인 방문자
202306,사하구,92553,외국인 방문자
202306,금정구,23244,외국인 방문자
202306,강서구,242018,외국인 방문자
202306,연제구,22469,외국인 방문자
202306,수영구,56902,외국인 방문자
202306,사상구,26599,외국인 방문자
202306,기장군,100942,외국인 방문자
202305,중구,160783,외국인 방문자
202305,서구,95125,외국인 방문자
202305,동구,125782,외국인 방문자
202305,영도구,128120,외국인 방문자
202305,부산진구,140007,외국인 방문자
202305,동래구,17069,외국인 방문자
202305,남구,103561,외국인 방문자
202305,북구,13417,외국인 방문자
202305,해운대구,181921,외국인 방문자
202305,사하구,96103,외국인 방문자
202305,금정구,29645,외국인 방문자
202305,강서구,241891,외국인 방문자
202305,연제구,23595,외국인 방문자
202305,수영구,59591,외국인 방문자
202305,사상구,34492,외국인 방문자
202305,기장군,104323,외국인 방문자
202304,중구,177129,외국인 방문자
202304,서구,99493,외국인 방문자
202304,동구,145739,외국인 방문자
202304,영도구,127912,외국인 방문자
202304,부산진구,143108,외국인 방문자
202304,동래구,14731,외국인 방문자
202304,남구,123558,외국인 방문자
202304,북구,14542,외국인 방문자
202304,해운대구,199285,외국인 방문자
202304,사하구,101149,외국인 방문자
202304,금정구,32318,외국인 방문자
202304,강서구,243693,외국인 방문자
202304,연제구,22416,외국인 방문자
202304,수영구,66032,외국인 방문자
202304,사상구,37593,외국인 방문자
202304,기장군,108049,외국인 방문자
202303,중구,77821,외국인 방문자
202303,서구,43374,외국인 방문자
202303,동구,59195,외국인 방문자
202303,영도구,63213,외국인 방문자
202303,부산진구,67312,외국인 방문자
202303,동래구,7757,외국인 방문자
202303,남구,60409,외국인 방문자
202303,북구,6647,외국인 방문자
202303,해운대구,83672,외국인 방문자
202303,사하구,42942,외국인 방문자
202303,금정구,14381,외국인 방문자
202303,강서구,135031,외국인 방문자
202303,연제구,11027,외국인 방문자
202303,수영구,27386,외국인 방문자
202303,사상구,17493,외국인 방문자
202303,기장군,48588,외국인 방문자
202302,중구,50709,외국인 방문자
202302,서구,37866,외국인 방문자
202302,동구,35401,외국인 방문자
202302,영도구,50214,외국인 방문자
202302,부산진구,49318,외국인 방문자
202302,동래구,6128,외국인 방문자
202302,남구,54040,외국인 방문자
202302,북구,5734,외국인 방문자
202302,해운대구,55482,외국인 방문자
202302,사하구,37558,외국인 방문자
202302,금정구,11477,외국인 방문자
202302,강서구,132639,외국인 방문자
202302,연제구,10594,외국인 방문자
202302,수영구,17276,외국인 방문자
202302,사상구,12544,외국인 방문자
202302,기장군,50147,외국인 방문자
202301,중구,50397,외국인 방문자
202301,서구,33408,외국인 방문자
202301,동구,37029,외국인 방문자
202301,영도구,56970,외국인 방문자
202301,부산진구,50664,외국인 방문자
202301,동래구,7455,외국인 방문자
202301,남구,46794,외국인 방문자
202301,북구,5926,외국인 방문자
202301,해운대구,53176,외국인 방문자
202301,사하구,36967,외국인 방문자
202301,금정구,11984,외국인 방문자
202301,강서구,116492,외국인 방문자
202301,연제구,12887,외국인 방문자
202301,수영구,17392,외국인 방문자
202301,사상구,11949,외국인 방문자
202301,기장군,44563,외국인 방문자
