기준연월,기초지자체,방문자 수,구분
202301,강서구,3381336,외지인 방문자
202301,금정구,2425745,외지인 방문자
202301,기장군,3759980,외지인 방문자
202301,남구,2470836,외지인 방문자
202301,동구,2645570,외지인 방문자
202301,동래구,3174882,외지인 방문자
202301,부산진구,6058770,외지인 방문자
202301,북구,2144142,외지인 방문자
202301,사상구,2321249,외지인 방문자
202301,사하구,2026636,외지인 방문자
202301,서구,1644464,외지인 방문자
202301,수영구,3214071,외지인 방문자
202301,연제구,2504044,외지인 방문자
202301,영도구,1572354,외지인 방문자
202301,중구,3278177,외지인 방문자
202301,해운대구,5661530,외지인 방문자
202302,강서구,3097090,외지인 방문자
202302,금정구,2179468,외지인 방문자
202302,기장군,3151040,외지인 방문자
202302,남구,2225542,외지인 방문자
202302,동구,2521082,외지인 방문자
202302,동래구,2723371,외지인 방문자
202302,부산진구,5580239,외지인 방문자
202302,북구,1752152,외지인 방문자
202302,사상구,2080824,외지인 방문자
202302,사하구,1741194,외지인 방문자
202302,서구,1528555,외지인 방문자
202302,수영구,2914562,외지인 방문자
202302,연제구,2190808,외지인 방문자
202302,영도구,1414186,외지인 방문자
202302,중구,3029810,외지인 방문자
202302,해운대구,5216491,외지인 방문자
202303,강서구,3563840,외지인 방문자
202303,금정구,3009496,외지인 방문자
202303,기장군,3456495,외지인 방문자
202303,남구,2980411,외지인 방문자
202303,동구,2688066,외지인 방문자
202303,동래구,3161700,외지인 방문자
202303,부산진구,6294806,외지인 방문자
202303,북구,2061300,외지인 방문자
202303,사상구,2669107,외지인 방문자
202303,사하구,2157662,외지인 방문자
202303,서구,1836712,외지인 방문자
202303,수영구,3131446,외지인 방문자
202303,연제구,2560562,외지인 방문자
202303,영도구,1678982,외지인 방문자
202303,중구,3369100,외지인 방문자
202303,해운대구,5414857,외지인 방문자
202304,강서구,3443132,외지인 방문자
202304,금정구,2328448,외지인 방문자
202304,기장군,3528004,외지인 방문자
202304,남구,2306836,외지인 방문자
202304,동구,2636410,외지인 방문자
202304,동래구,2947248,외지인 방문자
202304,부산진구,5626348,외지인 방문자
202304,북구,1958310,외지인 방문자
202304,사상구,2211646,외지인 방문자
202304,사하구,1807456,외지인 방문자
202304,서구,1609363,외지인 방문자
202304,수영구,3010872,외지인 방문자
202304,연제구,2347572,외지인 방문자
202304,영도구,1487213,외지인 방문자
202304,중구,3179404,외지인 방문자
202304,해운대구,5293841,외지인 방문자
202305,강서구,3519089,외지인 방문자
202305,금정구,2552042,외지인 방문자
202305,기장군,3718340,외지인 방문자
202305,남구,2503490,외지인 방문자
202305,동구,2833418,외지인 방문자
202305,동래구,3136402,외지인 방문자
202305,부산진구,6097956,외지인 방문자
202305,북구,2087561,외지인 방문자
202305,사상구,2340782,외지인 방문자
202305,사하구,1920348,외지인 방문자
202305,서구,1735052,외지인 방문자
202305,수영구,3195052,외지인 방문자
202305,연제구,2487758,외지인 방문자
202305,영도구,1666416,외지인 방문자
202305,중구,3404516,외지인 방문자
202305,해운대구,5748760,외지인 방문자
202306,강서구,3367434,외지인 방문자
202306,금정구,2333202,외지인 방문자
202306,기장군,3456026,외지인 방문자
202306,남구,2397528,외지인 방문자
202306,동구,2746538,외지인 방문자
202306,동래구,3018844,외지인 방문자
202306,부산진구,5758868,외지인 방문자
202306,북구,1919232,외지인 방문자
202306,사상구,2196124,외지인 방문자
202306,사하구,1800082,외지인 방문자
202306,서구,1698694,외지인 방문자
202306,수영구,3155936,외지인 방문자
202306,연제구,2357509,외지인 방문자
202306,영도구,1609230,외지인 방문자
202306,중구,3261139,외지인 방문자
202306,해운대구,5529534,외지인 방문자
202307,강서구,3359402,외지인 방문자
202307,금정구,2325404,외지인 방문자
202307,기장군,3576360,외지인 방문자
202307,남구,2414755,외지인 방문자
202307,동구,2844975,외지인 방문자
202307,동래구,3096513,외지인 방문자
202307,부산진구,6025460,외지인 방문자
202307,북구,1978630,외지인 방문자
202307,사상구,2243437,외지인 방문자
202307,사하구,1883049,외지인 방문자
202307,서구,1692285,외지인 방문자
202307,수영구,3371214,외지인 방문자
202307,연제구,2448593,외지인 방문자
202307,영도구,1607130,외지인 방문자
202307,중구,3225271,외지인 방문자
202307,해운대구,6127496,외지인 방문자
202308,강서구,3404012,외지인 방문자
202308,금정구,2361569,외지인 방문자
202308,기장군,3709024,외지인 방문자
202308,남구,2459936,외지인 방문자
202308,동구,2906617,외지인 방문자
202308,동래구,3124544,외지인 방문자
202308,부산진구,5966730,외지인 방문자
202308,북구,1973590,외지인 방문자
202308,사상구,2240637,외지인 방문자
202308,사하구,1940816,외지인 방문자
202308,서구,1746314,외지인 방문자
202308,수영구,3462904,외지인 방문자
202308,연제구,2584736,외지인 방문자
202308,영도구,1669325,외지인 방문자
202308,중구,3354827,외지인 방문자
202308,해운대구,6150130,외지인 방문자
202309,강서구,3337716,외지인 방문자
202309,금정구,2952299,외지인 방문자
202309,기장군,3456929,외지인 방문자
202309,남구,2868628,외지인 방문자
202309,동구,2741504,외지인 방문자
202309,동래구,3214960,외지인 방문자
202309,부산진구,6192795,외지인 방문자
202309,북구,2165768,외지인 방문자
202309,사상구,2612032,외지인 방문자
202309,사하구,2245562,외지인 방문자
202309,서구,1824599,외지인 방문자
202309,수영구,3174888,외지인 방문자
202309,연제구,2752810,외지인 방문자
202309,영도구,1738328,외지인 방문자
202309,중구,3402172,외지인 방문자
202309,해운대구,5610644,외지인 방문자
202310,강서구,3380002,외지인 방문자
202310,금정구,2529418,외지인 방문자
202310,기장군,3580612,외지인 방문자
202310,남구,2546960,외지인 방문자
202310,동구,2954466,외지인 방문자
202310,동래구,3148271,외지인 방문자
202310,부산진구,6016882,외지인 방문자
202310,북구,2003484,외지인 방문자
202310,사상구,2331704,외지인 방문자
202310,사하구,2011716,외지인 방문자
202310,서구,1774986,외지인 방문자
202310,수영구,3154774,외지인 방문자
202310,연제구,2633785,외지인 방문자
202310,영도구,1651209,외지인 방문자
202310,중구,3549234,외지인 방문자
202310,해운대구,5709165,외지인 방문자
202311,강서구,3048248,외지인 방문자
202311,금정구,2347972,외지인 방문자
202311,기장군,2953111,외지인 방문자
202311,남구,2439188,외지인 방문자
202311,동구,2733493,외지인 방문자
202311,동래구,2921628,외지인 방문자
202311,부산진구,5701028,외지인 방문자
202311,북구,1845750,외지인 방문자
202311,사상구,2214398,외지인 방문자
202311,사하구,1824182,외지인 방문자
202311,서구,1596794,외지인 방문자
202311,수영구,2876500,외지인 방문자
202311,연제구,2480006,외지인 방문자
202311,영도구,1413062,외지인 방문자
202311,중구,3227424,외지인 방문자
202311,해운대구,5269306,외지인 방문자
202312,강서구,3070032,외지인 방문자
202312,금정구,2334283,외지인 방문자
202312,기장군,3245305,외지인 방문자
202312,남구,2452314,외지인 방문자
202312,동구,2792982,외지인 방문자
202312,동래구,3117726,외지인 방문자
202312,부산진구,6037899,외지인 방문자
202312,북구,1964680,외지인 방문자
202312,사상구,2255270,외지인 방문자
202312,사하구,1881530,외지인 방문자
202312,서구,1617763,외지인 방문자
202312,수영구,3092446,외지인 방문자
202312,연제구,2697128,외지인 방문자
202312,영도구,1582710,외지인 방문자
202312,중구,3696038,외지인 방문자
202312,해운대구,5871428,외지인 방문자
202401,강서구,3231204,외지인 방문자
202401,금정구,2248830,외지인 방문자
202401,기장군,3123456,외지인 방문자
202401,남구,2385982,외지인 방문자
202401,동구,2820692,외지인 방문자
202401,동래구,3027154,외지인 방문자
202401,부산진구,6021694,외지인 방문자
202401,북구,1898540,외지인 방문자
202401,사상구,2212220,외지인 방문자
202401,사하구,1875650,외지인 방문자
202401,서구,1638749,외지인 방문자
202401,수영구,3046344,외지인 방문자
202401,연제구,2660452,외지인 방문자
202401,영도구,1508941,외지인 방문자
202401,중구,3293752,외지인 방문자
202401,해운대구,5493033,외지인 방문자
202402,강서구,3181034,외지인 방문자
202402,금정구,2456643,외지인 방문자
202402,기장군,3259389,외지인 방문자
202402,남구,2457150,외지인 방문자
202402,동구,2888137,외지인 방문자
202402,동래구,3072500,외지인 방문자
202402,부산진구,5859500,외지인 방문자
202402,북구,2029150,외지인 방문자
202402,사상구,2270170,외지인 방문자
202402,사하구,1998276,외지인 방문자
202402,서구,1647926,외지인 방문자
202402,수영구,3004194,외지인 방문자
202402,연제구,2580168,외지인 방문자
202402,영도구,1486600,외지인 방문자
202402,중구,3161788,외지인 방문자
202402,해운대구,5430932,외지인 방문자
202403,강서구,3596607,외지인 방문자
202403,금정구,2959302,외지인 방문자
202403,기장군,3401419,외지인 방문자
202403,남구,3043884,외지인 방문자
202403,동구,2990544,외지인 방문자
202403,동래구,3406186,외지인 방문자
202403,부산진구,6336004,외지인 방문자
202403,북구,2091614,외지인 방문자
202403,사상구,2679768,외지인 방문자
202403,사하구,2191945,외지인 방문자
202403,서구,1794303,외지인 방문자
202403,수영구,3107489,외지인 방문자
202403,연제구,2825879,외지인 방문자
202403,영도구,1657222,외지인 방문자
202403,중구,3421628,외지인 방문자
202403,해운대구,5483394,외지인 방문자
202404,강서구,3386050,외지인 방문자
202404,금정구,2266922,외지인 방문자
202404,기장군,3141824,외지인 방문자
202404,남구,2311456,외지인 방문자
202404,동구,2773894,외지인 방문자
202404,동래구,3035994,외지인 방문자
202404,부산진구,5562456,외지인 방문자
202404,북구,1886773,외지인 방문자
202404,사상구,2264136,외지인 방문자
202404,사하구,1780054,외지인 방문자
202404,서구,1597810,외지인 방문자
202404,수영구,2900558,외지인 방문자
202404,연제구,2475228,외지인 방문자
202404,영도구,1379329,외지인 방문자
202404,중구,3156454,외지인 방문자
202404,해운대구,4970469,외지인 방문자
202405,강서구,3509334,외지인 방문자
202405,금정구,2689718,외지인 방문자
202405,기장군,3667800,외지인 방문자
202405,남구,2609680,외지인 방문자
202405,동구,3172676,외지인 방문자
202405,동래구,3416168,외지인 방문자
202405,부산진구,6223924,외지인 방문자
202405,북구,2117423,외지인 방문자
202405,사상구,2512052,외지인 방문자
202405,사하구,2057328,외지인 방문자
202405,서구,1801198,외지인 방문자
202405,수영구,3319620,외지인 방문자
202405,연제구,2680422,외지인 방문자
202405,영도구,1645119,외지인 방문자
202405,중구,3549906,외지인 방문자
202405,해운대구,5801642,외지인 방문자
202406,강서구,3288313,외지인 방문자
202406,금정구,2342382,외지인 방문자
202406,기장군,3252837,외지인 방문자
202406,남구,2433428,외지인 방문자
202406,동구,3026674,외지인 방문자
202406,동래구,3211061,외지인 방문자
202406,부산진구,5663690,외지인 방문자
202406,북구,1965310,외지인 방문자
202406,사상구,2296581,외지인 방문자
202406,사하구,1895586,외지인 방문자
202406,서구,1693206,외지인 방문자
202406,수영구,3015194,외지인 방문자
202406,연제구,2500344,외지인 방문자
202406,영도구,1523630,외지인 방문자
202406,중구,3227480,외지인 방문자
202406,해운대구,5650904,외지인 방문자
202407,강서구,3428873,외지인 방문자
202407,금정구,2292185,외지인 방문자
202407,기장군,3299412,외지인 방문자
202407,남구,2480474,외지인 방문자
202407,동구,3119910,외지인 방문자
202407,동래구,3294778,외지인 방문자
202407,부산진구,5907300,외지인 방문자
202407,북구,1984500,외지인 방문자
202407,사상구,2300312,외지인 방문자
202407,사하구,1994576,외지인 방문자
202407,서구,1746801,외지인 방문자
202407,수영구,3319228,외지인 방문자
202407,연제구,2583063,외지인 방문자
202407,영도구,1504895,외지인 방문자
202407,중구,3238924,외지인 방문자
202407,해운대구,6023087,외지인 방문자
202408,강서구,3494757,외지인 방문자
202408,금정구,2328770,외지인 방문자
202408,기장군,3646562,외지인 방문자
202408,남구,2499070,외지인 방문자
202408,동구,3255462,외지인 방문자
202408,동래구,3321234,외지인 방문자
202408,부산진구,5917118,외지인 방문자
202408,북구,2010802,외지인 방문자
202408,사상구,2305474,외지인 방문자
202408,사하구,1976020,외지인 방문자
202408,서구,1785728,외지인 방문자
202408,수영구,3594070,외지인 방문자
202408,연제구,2601445,외지인 방문자
202408,영도구,1622652,외지인 방문자
202408,중구,3336588,외지인 방문자
202408,해운대구,6469078,외지인 방문자
202409,강서구,3513534,외지인 방문자
202409,금정구,2850897,외지인 방문자
202409,기장군,3641946,외지인 방문자
202409,남구,2860641,외지인 방문자
202409,동구,3084837,외지인 방문자
202409,동래구,3442922,외지인 방문자
202409,부산진구,5984940,외지인 방문자
202409,북구,2154663,외지인 방문자
202409,사상구,2569648,외지인 방문자
202409,사하구,2177378,외지인 방문자
202409,서구,1813014,외지인 방문자
202409,수영구,3206304,외지인 방문자
202409,연제구,2625231,외지인 방문자
202409,영도구,1634157,외지인 방문자
202409,중구,3270026,외지인 방문자
202409,해운대구,5775126,외지인 방문자
202410,강서구,3641670,외지인 방문자
202410,금정구,2479054,외지인 방문자
202410,기장군,3470320,외지인 방문자
202410,남구,2527980,외지인 방문자
202410,동구,3146388,외지인 방문자
202410,동래구,3165186,외지인 방문자
202410,부산진구,5841364,외지인 방문자
202410,북구,2038918,외지인 방문자
202410,사상구,2444603,외지인 방문자
202410,사하구,2049579,외지인 방문자
202410,서구,1739283,외지인 방문자
202410,수영구,3148694,외지인 방문자
202410,연제구,2487090,외지인 방문자
202410,영도구,1506134,외지인 방문자
202410,중구,3381696,외지인 방문자
202410,해운대구,5685292,외지인 방문자
202411,강서구,3428288,외지인 방문자
202411,금정구,2483422,외지인 방문자
202411,기장군,3285905,외지인 방문자
202411,남구,2504750,외지인 방문자
202411,동구,3090255,외지인 방문자
202411,동래구,3147190,외지인 방문자
202411,부산진구,5855224,외지인 방문자
202411,북구,1980286,외지인 방문자
202411,사상구,2279291,외지인 방문자
202411,사하구,1974668,외지인 방문자
202411,서구,1642095,외지인 방문자
202411,수영구,3269830,외지인 방문자
202411,연제구,2536961,외지인 방문자
202411,영도구,1437874,외지인 방문자
202411,중구,3240800,외지인 방문자
202411,해운대구,5624714,외지인 방문자
202412,강서구,3367718,외지인 방문자
202412,금정구,2413190,외지인 방문자
202412,기장군,3394769,외지인 방문자
202412,남구,2597634,외지인 방문자
202412,동구,3067561,외지인 방문자
202412,동래구,3349220,외지인 방문자
202412,부산진구,6312614,외지인 방문자
202412,북구,1999210,외지인 방문자
202412,사상구,2316304,외지인 방문자
202412,사하구,2001573,외지인 방문자
202412,서구,1692068,외지인 방문자
202412,수영구,3290861,외지인 방문자
202412,연제구,2720172,외지인 방문자
202412,영도구,1543406,외지인 방문자
202412,중구,3532680,외지인 방문자
202412,해운대구,5872240,외지인 방문자
202501,강서구,3570074,외지인 방문자
202501,금정구,2487446,외지인 방문자
202501,기장군,3685672,외지인 방문자
202501,남구,2584502,외지인 방문자
202501,동구,3119403,외지인 방문자
202501,동래구,3497193,외지인 방문자
202501,부산진구,6238068,외지인 방문자
202501,북구,2180150,외지인 방문자
202501,사상구,2386170,외지인 방문자
202501,사하구,2133596,외지인 방문자
202501,서구,1717916,외지인 방문자
202501,수영구,3373601,외지인 방문자
202501,연제구,2738799,외지인 방문자
202501,영도구,1584202,외지인 방문자
202501,중구,3351257,외지인 방문자
202501,해운대구,5993704,외지인 방문자
202502,강서구,3255700,외지인 방문자
202502,금정구,2175638,외지인 방문자
202502,기장군,2933371,외지인 방문자
202502,남구,2321812,외지인 방문자
202502,동구,3023310,외지인 방문자
202502,동래구,3080623,외지인 방문자
202502,부산진구,5613251,외지인 방문자
202502,북구,1788871,외지인 방문자
202502,사상구,2121343,외지인 방문자
202502,사하구,1789890,외지인 방문자
202502,서구,1504898,외지인 방문자
202502,수영구,2884980,외지인 방문자
202502,연제구,2389555,외지인 방문자
202502,영도구,1311930,외지인 방문자
202502,중구,2985311,외지인 방문자
202502,해운대구,5217009,외지인 방문자
202503,강서구,3592029,외지인 방문자
202503,금정구,2967391,외지인 방문자
202503,기장군,3392484,외지인 방문자
202503,남구,3033184,외지인 방문자
202503,동구,3089975,외지인 방문자
202503,동래구,3642174,외지인 방문자
202503,부산진구,6375526,외지인 방문자
202503,북구,2141139,외지인 방문자
202503,사상구,2612914,외지인 방문자
202503,사하구,2246699,외지인 방문자
202503,서구,1811635,외지인 방문자
202503,수영구,3148170,외지인 방문자
202503,연제구,2764080,외지인 방문자
202503,영도구,1579728,외지인 방문자
202503,중구,3258675,외지인 방문자
202503,해운대구,5662184,외지인 방문자
202505,강서구,3815567,외지인 방문자
202505,금정구,2783784,외지인 방문자
202505,기장군,3903616,외지인 방문자
202505,남구,2794306,외지인 방문자
202505,동구,3432566,외지인 방문자
202505,동래구,3871718,외지인 방문자
202505,부산진구,6572948,외지인 방문자
202505,북구,2357383,외지인 방문자
202505,사상구,2543863,외지인 방문자
202505,사하구,2286638,외지인 방문자
202505,서구,1869452,외지인 방문자
202505,수영구,3655295,외지인 방문자
202505,연제구,2837303,외지인 방문자
202505,영도구,1725724,외지인 방문자
202505,중구,3629028,외지인 방문자
202505,해운대구,6387266,외지인 방문자
202506,강서구,3590814,외지인 방문자
202506,금정구,2426602,외지인 방문자
202506,기장군,3414898,외지인 방문자
202506,남구,2603139,외지인 방문자
202506,동구,3235068,외지인 방문자
202506,동래구,3533736,외지인 방문자
202506,부산진구,6122697,외지인 방문자
202506,북구,2071822,외지인 방문자
202506,사상구,2321330,외지인 방문자
202506,사하구,2014456,외지인 방문자
202506,서구,1750707,외지인 방문자
202506,수영구,3305260,외지인 방문자
202506,연제구,2624752,외지인 방문자
202506,영도구,1549688,외지인 방문자
202506,중구,3320429,외지인 방문자
202506,해운대구,5867960,외지인 방문자
202507,강서구,3742770,외지인 방문자
202507,금정구,2504750,외지인 방문자
202507,기장군,3473278,외지인 방문자
202507,남구,2694727,외지인 방문자
202507,동구,3650034,외지인 방문자
202507,동래구,3752262,외지인 방문자
202507,부산진구,6542669,외지인 방문자
202507,북구,2133624,외지인 방문자
202507,사상구,2435342,외지인 방문자
202507,사하구,2160378,외지인 방문자
202507,서구,1852288,외지인 방문자
202507,수영구,3736814,외지인 방문자
202507,연제구,2826268,외지인 방문자
202507,영도구,1543738,외지인 방문자
202507,중구,3446044,외지인 방문자
202507,해운대구,6604462,외지인 방문자
202508,강서구,3807086,외지인 방문자
202508,금정구,2472978,외지인 방문자
202508,기장군,3835965,외지인 방문자
202508,남구,2706316,외지인 방문자
202508,동구,3672070,외지인 방문자
202508,동래구,3693652,외지인 방문자
202508,부산진구,6627425,외지인 방문자
202508,북구,2133747,외지인 방문자
202508,사상구,2418444,외지인 방문자
202508,사하구,2197122,외지인 방문자
202508,서구,1849424,외지인 방문자
202508,수영구,4032794,외지인 방문자
202508,연제구,2802219,외지인 방문자
202508,영도구,1629296,외지인 방문자
202508,중구,3451035,외지인 방문자
202508,해운대구,6999748,외지인 방문자
202509,강서구,3793822,외지인 방문자
202509,금정구,2795674,외지인 방문자
202509,기장군,3307924,외지인 방문자
202509,남구,2945134,외지인 방문자
202509,동구,3157200,외지인 방문자
202509,동래구,3429528,외지인 방문자
202509,부산진구,6457157,외지인 방문자
202509,북구,2061836,외지인 방문자
202509,사상구,2734246,외지인 방문자
202509,사하구,2181532,외지인 방문자
202509,서구,1894921,외지인 방문자
202509,수영구,3434862,외지인 방문자
202509,연제구,2675340,외지인 방문자
202509,영도구,1600109,외지인 방문자
202509,중구,3420935,외지인 방문자
202509,해운대구,5872790,외지인 방문자
202510,강서구,4113410,외지인 방문자
202510,금정구,2792758,외지인 방문자
202510,기장군,4171538,외지인 방문자
202510,남구,2854103,외지인 방문자
202510,동구,3311262,외지인 방문자
202510,동래구,3766606,외지인 방문자
202510,부산진구,6751608,외지인 방문자
202510,북구,2424502,외지인 방문자
202510,사상구,2661830,외지인 방문자
202510,사하구,2429662,외지인 방문자
202510,서구,1960196,외지인 방문자
202510,수영구,3847588,외지인 방문자
202510,연제구,2927116,외지인 방문자
202510,영도구,1819601,외지인 방문자
202510,중구,3709783,외지인 방문자
202510,해운대구,6571520,외지인 방문자
202511,강서구,3925474,외지인 방문자
202511,금정구,2673556,외지인 방문자
202511,기장군,3544958,외지인 방문자
202511,남구,2780404,외지인 방문자
202511,동구,3318290,외지인 방문자
202511,동래구,3479161,외지인 방문자
202511,부산진구,6482172,외지인 방문자
202511,북구,2119299,외지인 방문자
202511,사상구,2545746,외지인 방문자
202511,사하구,2114668,외지인 방문자
202511,서구,1812962,외지인 방문자
202511,수영구,3555604,외지인 방문자
202511,연제구,2766988,외지인 방문자
202511,영도구,1570219,외지인 방문자
202511,중구,3485584,외지인 방문자
202511,해운대구,6100136,외지인 방문자
202512,강서구,3811388,외지인 방문자
202512,금정구,2523045,외지인 방문자
202512,기장군,3411100,외지인 방문자
202512,남구,2838112,외지인 방문자
202512,동구,3263110,외지인 방문자
202512,동래구,3696942,외지인 방문자
202512,부산진구,6890544,외지인 방문자
202512,북구,2112506,외지인 방문자
202512,사상구,2481608,외지인 방문자
202512,사하구,2069196,외지인 방문자
202512,서구,1787986,외지인 방문자
202512,수영구,3566941,외지인 방문자
202512,연제구,2804970,외지인 방문자
202512,영도구,1561122,외지인 방문자
202512,중구,3661060,외지인 방문자
202512,해운대구,6432948,외지인 방문자
202601,강서구,3826466,외지인 방문자
202601,금정구,2367796,외지인 방문자
202601,기장군,3370468,외지인 방문자
202601,남구,2666688,외지인 방문자
202601,동구,3170234,외지인 방문자
202601,동래구,3512554,외지인 방문자
202601,부산진구,6543162,외지인 방문자
202601,북구,2029258,외지인 방문자
202601,사상구,2316629,외지인 방문자
202601,사하구,2001038,외지인 방문자
202601,서구,1707982,외지인 방문자
202601,수영구,3484590,외지인 방문자
202601,연제구,2704958,외지인 방문자
202601,영도구,1507600,외지인 방문자
202601,중구,3316478,외지인 방문자
202601,해운대구,6037584,외지인 방문자
202602,강서구,3608164,외지인 방문자
202602,금정구,2499945,외지인 방문자
202602,기장군,3503468,외지인 방문자
202602,남구,2596058,외지인 방문자
202602,동구,3006196,외지인 방문자
202602,동래구,3405350,외지인 방문자
202602,부산진구,6224575,외지인 방문자
202602,북구,2113699,외지인 방문자
202602,사상구,2312275,외지인 방문자
202602,사하구,2062616,외지인 방문자
202602,서구,1728668,외지인 방문자
202602,수영구,3376362,외지인 방문자
202602,연제구,2585513,외지인 방문자
202602,영도구,1556366,외지인 방문자
202602,중구,3206242,외지인 방문자
202602,해운대구,5876416,외지인 방문자
202603,강서구,3944602,외지인 방문자
202603,금정구,3078918,외지인 방문자
202603,기장군,3419241,외지인 방문자
202603,남구,3241220,외지인 방문자
202603,동구,3201958,외지인 방문자
202603,동래구,3611181,외지인 방문자
202603,부산진구,6622592,외지인 방문자
202603,북구,2161366,외지인 방문자
202603,사상구,2792842,외지인 방문자
202603,사하구,2290390,외지인 방문자
202603,서구,1925924,외지인 방문자
202603,수영구,3459785,외지인 방문자
202603,연제구,2832193,외지인 방문자
202603,영도구,1683815,외지인 방문자
202603,중구,3425422,외지인 방문자
202603,해운대구,5866066,외지인 방문자
202604,강서구,3721028,외지인 방문자
202604,금정구,2337528,외지인 방문자
202604,기장군,3262760,외지인 방문자
202604,남구,2505836,외지인 방문자
202604,동구,2991376,외지인 방문자
202604,동래구,3482220,외지인 방문자
202604,부산진구,5772316,외지인 방문자
202604,북구,2004818,외지인 방문자
202604,사상구,2366206,외지인 방문자
202604,사하구,1882206,외지인 방문자
202604,서구,1690294,외지인 방문자
202604,수영구,3177489,외지인 방문자
202604,연제구,2581285,외지인 방문자
202604,영도구,1401082,외지인 방문자
202604,중구,3176096,외지인 방문자
202604,해운대구,5290296,외지인 방문자
202605,강서구,3825542,외지인 방문자
202605,금정구,2907219,외지인 방문자
202605,기장군,4098104,외지인 방문자
202605,남구,2813044,외지인 방문자
202605,동구,3416490,외지인 방문자
202605,동래구,3821114,외지인 방문자
202605,부산진구,6631888,외지인 방문자
202605,북구,2301537,외지인 방문자
202605,사상구,2541508,외지인 방문자
202605,사하구,2246972,외지인 방문자
202605,서구,1883420,외지인 방문자
202605,수영구,3795246,외지인 방문자
202605,연제구,2782157,외지인 방문자
202605,영도구,1771749,외지인 방문자
202605,중구,3634400,외지인 방문자
202605,해운대구,6515691,외지인 방문자
202606,강서구,3551933,외지인 방문자
202606,금정구,2443049,외지인 방문자
202606,기장군,3254640,외지인 방문자
202606,남구,2603391,외지인 방문자
202606,동구,3153514,외지인 방문자
202606,동래구,3456299,외지인 방문자
202606,부산진구,5829562,외지인 방문자
202606,북구,1978578,외지인 방문자
202606,사상구,2351954,외지인 방문자
202606,사하구,1992210,외지인 방문자
202606,서구,1737001,외지인 방문자
202606,수영구,3358530,외지인 방문자
202606,연제구,2830006,외지인 방문자
202606,영도구,1570653,외지인 방문자
202606,중구,3286448,외지인 방문자
202606,해운대구,5552572,외지인 방문자
202607,강서구,3804230,외지인 방문자
202607,금정구,2460020,외지인 방문자
202607,기장군,3605074,외지인 방문자
202607,남구,2722920,외지인 방문자
202607,동구,3387713,외지인 방문자
202607,동래구,3583030,외지인 방문자
202607,부산진구,6291946,외지인 방문자
202607,북구,2060163,외지인 방문자
202607,사상구,2408119,외지인 방문자
202607,사하구,2094722,외지인 방문자
202607,서구,1883612,외지인 방문자
202607,수영구,3873670,외지인 방문자
202607,연제구,2706336,외지인 방문자
202607,영도구,1627192,외지인 방문자
202607,중구,3356510,외지인 방문자
202607,해운대구,6535872,외지인 방문자
