구군,연월,주요유료관광지입장객수,집계관광지수
중구,202301,19964.0,1.0
중구,202302,21305.0,1.0
중구,202303,18524.0,1.0
중구,202304,24657.0,1.0
중구,202305,27810.0,1.0
중구,202306,23637.0,1.0
중구,202307,21999.0,1.0
중구,202308,29948.0,1.0
중구,202309,26386.0,1.0
중구,202310,35759.0,1.0
중구,202311,26208.0,1.0
중구,202312,26258.0,1.0
중구,202401,19284.0,1.0
중구,202402,20950.0,1.0
중구,202403,26440.0,1.0
중구,202404,28129.0,1.0
중구,202405,28510.0,1.0
중구,202406,25298.0,1.0
중구,202407,21807.0,1.0
중구,202408,28289.0,1.0
중구,202409,23016.0,1.0
중구,202410,30672.0,1.0
중구,202411,26457.0,1.0
중구,202412,22789.0,1.0
중구,202501,,
중구,202502,,
중구,202503,,
중구,202504,,
중구,202505,,
중구,202506,,
중구,202507,,
중구,202508,,
중구,202509,,
중구,202510,,
중구,202511,,
중구,202512,,
중구,202601,,
중구,202602,,
중구,202603,,
중구,202604,,
중구,202605,,
중구,202606,,
서구,202301,,
서구,202302,,
서구,202303,,
서구,202304,,
서구,202305,,
서구,202306,,
서구,202307,,
서구,202308,,
서구,202309,,
서구,202310,,
서구,202311,,
서구,202312,,
서구,202401,,
서구,202402,,
서구,202403,,
서구,202404,,
서구,202405,,
서구,202406,,
서구,202407,,
서구,202408,,
서구,202409,,
서구,202410,,
서구,202411,,
서구,202412,,
서구,202501,,
서구,202502,,
서구,202503,,
서구,202504,,
서구,202505,,
서구,202506,,
서구,202507,,
서구,202508,,
서구,202509,,
서구,202510,,
서구,202511,,
서구,202512,,
서구,202601,,
서구,202602,,
서구,202603,,
서구,202604,,
서구,202605,,
서구,202606,,
동구,202301,,
동구,202302,,
동구,202303,,
동구,202304,,
동구,202305,,
동구,202306,,
동구,202307,,
동구,202308,,
동구,202309,,
동구,202310,,
동구,202311,,
동구,202312,,
동구,202401,,
동구,202402,,
동구,202403,,
동구,202404,,
동구,202405,,
동구,202406,,
동구,202407,,
동구,202408,,
동구,202409,,
동구,202410,,
동구,202411,,
동구,202412,,
동구,202501,,
동구,202502,,
동구,202503,,
동구,202504,,
동구,202505,,
동구,202506,,
동구,202507,,
동구,202508,,
동구,202509,,
동구,202510,,
동구,202511,,
동구,202512,,
동구,202601,,
동구,202602,,
동구,202603,,
동구,202604,,
동구,202605,,
동구,202606,,
영도구,202301,31662.0,1.0
영도구,202302,41925.0,1.0
영도구,202303,37840.0,1.0
영도구,202304,46212.0,1.0
영도구,202305,39528.0,1.0
영도구,202306,62194.0,1.0
영도구,202307,41810.0,1.0
영도구,202308,51256.0,1.0
영도구,202309,36908.0,1.0
영도구,202310,69500.0,1.0
영도구,202311,49463.0,1.0
영도구,202312,43359.0,1.0
영도구,202401,34530.0,1.0
영도구,202402,35524.0,1.0
영도구,202403,48312.0,1.0
영도구,202404,48496.0,1.0
영도구,202405,61376.0,1.0
영도구,202406,60343.0,1.0
영도구,202407,40510.0,1.0
영도구,202408,44894.0,1.0
영도구,202409,42203.0,1.0
영도구,202410,60707.0,1.0
영도구,202411,43855.0,1.0
영도구,202412,35540.0,1.0
영도구,202501,41998.0,1.0
영도구,202502,31577.0,1.0
영도구,202503,35947.0,1.0
영도구,202504,44964.0,1.0
영도구,202505,50151.0,1.0
영도구,202506,66478.0,1.0
영도구,202507,53768.0,1.0
영도구,202508,39886.0,1.0
영도구,202509,34293.0,1.0
영도구,202510,64334.0,1.0
영도구,202511,47484.0,1.0
영도구,202512,33025.0,1.0
영도구,202601,0.0,1.0
영도구,202602,0.0,1.0
영도구,202603,0.0,1.0
영도구,202604,0.0,1.0
영도구,202605,0.0,1.0
영도구,202606,0.0,1.0
부산진구,202301,,
부산진구,202302,,
부산진구,202303,,
부산진구,202304,,
부산진구,202305,,
부산진구,202306,,
부산진구,202307,,
부산진구,202308,,
부산진구,202309,,
부산진구,202310,,
부산진구,202311,,
부산진구,202312,,
부산진구,202401,,
부산진구,202402,,
부산진구,202403,,
부산진구,202404,,
부산진구,202405,,
부산진구,202406,,
부산진구,202407,,
부산진구,202408,,
부산진구,202409,,
부산진구,202410,,
부산진구,202411,,
부산진구,202412,,
부산진구,202501,,
부산진구,202502,,
부산진구,202503,,
부산진구,202504,,
부산진구,202505,,
부산진구,202506,,
부산진구,202507,,
부산진구,202508,,
부산진구,202509,,
부산진구,202510,,
부산진구,202511,,
부산진구,202512,,
부산진구,202601,,
부산진구,202602,,
부산진구,202603,,
부산진구,202604,,
부산진구,202605,,
부산진구,202606,,
동래구,202301,,
동래구,202302,,
동래구,202303,,
동래구,202304,,
동래구,202305,,
동래구,202306,,
동래구,202307,,
동래구,202308,,
동래구,202309,,
동래구,202310,,
동래구,202311,,
동래구,202312,,
동래구,202401,,
동래구,202402,,
동래구,202403,,
동래구,202404,,
동래구,202405,,
동래구,202406,,
동래구,202407,,
동래구,202408,,
동래구,202409,,
동래구,202410,,
동래구,202411,,
동래구,202412,,
동래구,202501,,
동래구,202502,,
동래구,202503,,
동래구,202504,,
동래구,202505,,
동래구,202506,,
동래구,202507,,
동래구,202508,,
동래구,202509,,
동래구,202510,,
동래구,202511,,
동래구,202512,,
동래구,202601,,
동래구,202602,,
동래구,202603,,
동래구,202604,,
동래구,202605,,
동래구,202606,,
남구,202301,,
남구,202302,,
남구,202303,,
남구,202304,,
남구,202305,,
남구,202306,,
남구,202307,,
남구,202308,,
남구,202309,,
남구,202310,,
남구,202311,,
남구,202312,,
남구,202401,,
남구,202402,,
남구,202403,,
남구,202404,,
남구,202405,,
남구,202406,,
남구,202407,,
남구,202408,,
남구,202409,,
남구,202410,,
남구,202411,,
남구,202412,,
남구,202501,,
남구,202502,,
남구,202503,,
남구,202504,,
남구,202505,,
남구,202506,,
남구,202507,,
남구,202508,,
남구,202509,,
남구,202510,,
남구,202511,,
남구,202512,,
남구,202601,,
남구,202602,,
남구,202603,,
남구,202604,,
남구,202605,,
남구,202606,,
북구,202301,1701.0,3.0
북구,202302,1793.0,3.0
북구,202303,1811.0,3.0
북구,202304,4187.0,3.0
북구,202305,4808.0,3.0
북구,202306,4859.0,2.0
북구,202307,7876.0,2.0
북구,202308,9181.0,2.0
북구,202309,4496.0,2.0
북구,202310,5350.0,2.0
북구,202311,7339.0,2.0
북구,202312,8614.0,2.0
북구,202401,8222.0,2.0
북구,202402,6403.0,2.0
북구,202403,2549.0,2.0
북구,202404,15.0,2.0
북구,202405,202.0,2.0
북구,202406,1560.0,2.0
북구,202407,1834.0,2.0
북구,202408,1917.0,2.0
북구,202409,1880.0,2.0
북구,202410,2075.0,2.0
북구,202411,2380.0,2.0
북구,202412,2266.0,2.0
북구,202501,2452.0,2.0
북구,202502,2712.0,2.0
북구,202503,1906.0,2.0
북구,202504,1911.0,2.0
북구,202505,2206.0,2.0
북구,202506,2397.0,2.0
북구,202507,2728.0,2.0
북구,202508,2441.0,2.0
북구,202509,2836.0,2.0
북구,202510,2542.0,2.0
북구,202511,2444.0,2.0
북구,202512,2685.0,2.0
북구,202601,0.0,2.0
북구,202602,0.0,2.0
북구,202603,0.0,2.0
북구,202604,0.0,2.0
북구,202605,0.0,2.0
북구,202606,0.0,2.0
해운대구,202301,49953.0,1.0
해운대구,202302,54652.0,1.0
해운대구,202303,32509.0,1.0
해운대구,202304,49695.0,1.0
해운대구,202305,59631.0,1.0
해운대구,202306,56353.0,1.0
해운대구,202307,74430.0,1.0
해운대구,202308,88638.0,1.0
해운대구,202309,50348.0,1.0
해운대구,202310,51799.0,1.0
해운대구,202311,40922.0,1.0
해운대구,202312,63624.0,1.0
해운대구,202401,46348.0,1.0
해운대구,202402,49018.0,1.0
해운대구,202403,38067.0,1.0
해운대구,202404,41367.0,1.0
해운대구,202405,55607.0,1.0
해운대구,202406,61020.0,1.0
해운대구,202407,72321.0,1.0
해운대구,202408,88166.0,1.0
해운대구,202409,54304.0,1.0
해운대구,202410,51125.0,1.0
해운대구,202411,42844.0,1.0
해운대구,202412,49735.0,1.0
해운대구,202501,53067.0,1.0
해운대구,202502,50149.0,1.0
해운대구,202503,49915.0,1.0
해운대구,202504,45907.0,1.0
해운대구,202505,71353.0,1.0
해운대구,202506,57791.0,1.0
해운대구,202507,84473.0,1.0
해운대구,202508,102393.0,1.0
해운대구,202509,51777.0,1.0
해운대구,202510,69396.0,1.0
해운대구,202511,42395.0,1.0
해운대구,202512,53886.0,1.0
해운대구,202601,56973.0,1.0
해운대구,202602,59691.0,1.0
해운대구,202603,43298.0,1.0
해운대구,202604,0.0,1.0
해운대구,202605,0.0,1.0
해운대구,202606,0.0,1.0
사하구,202301,,
사하구,202302,,
사하구,202303,,
사하구,202304,,
사하구,202305,,
사하구,202306,,
사하구,202307,,
사하구,202308,,
사하구,202309,,
사하구,202310,,
사하구,202311,,
사하구,202312,,
사하구,202401,,
사하구,202402,,
사하구,202403,,
사하구,202404,,
사하구,202405,,
사하구,202406,,
사하구,202407,,
사하구,202408,,
사하구,202409,,
사하구,202410,,
사하구,202411,,
사하구,202412,,
사하구,202501,,
사하구,202502,,
사하구,202503,,
사하구,202504,,
사하구,202505,,
사하구,202506,,
사하구,202507,,
사하구,202508,,
사하구,202509,,
사하구,202510,,
사하구,202511,,
사하구,202512,,
사하구,202601,,
사하구,202602,,
사하구,202603,,
사하구,202604,,
사하구,202605,,
사하구,202606,,
금정구,202301,16655.0,1.0
금정구,202302,18938.0,1.0
금정구,202303,20845.0,1.0
금정구,202304,23823.0,1.0
금정구,202305,20147.0,1.0
금정구,202306,20394.0,1.0
금정구,202307,24037.0,1.0
금정구,202308,24048.0,1.0
금정구,202309,22376.0,1.0
금정구,202310,21896.0,1.0
금정구,202311,18269.0,1.0
금정구,202312,24411.0,1.0
금정구,202401,18344.0,1.0
금정구,202402,16979.0,1.0
금정구,202403,22726.0,1.0
금정구,202404,18137.0,1.0
금정구,202405,21341.0,1.0
금정구,202406,23133.0,1.0
금정구,202407,21229.0,1.0
금정구,202408,24147.0,1.0
금정구,202409,21418.0,1.0
금정구,202410,20765.0,1.0
금정구,202411,21196.0,1.0
금정구,202412,19296.0,1.0
금정구,202501,0.0,1.0
금정구,202502,0.0,1.0
금정구,202503,0.0,1.0
금정구,202504,18316.0,1.0
금정구,202505,21424.0,1.0
금정구,202506,20172.0,1.0
금정구,202507,19430.0,1.0
금정구,202508,22421.0,1.0
금정구,202509,16904.0,1.0
금정구,202510,20196.0,1.0
금정구,202511,18544.0,1.0
금정구,202512,17862.0,1.0
금정구,202601,0.0,1.0
금정구,202602,0.0,1.0
금정구,202603,0.0,1.0
금정구,202604,0.0,1.0
금정구,202605,0.0,1.0
금정구,202606,0.0,1.0
강서구,202301,38203.0,1.0
강서구,202302,53639.0,1.0
강서구,202303,58807.0,1.0
강서구,202304,69208.0,1.0
강서구,202305,58320.0,1.0
강서구,202306,56613.0,1.0
강서구,202307,68590.0,1.0
강서구,202308,54745.0,1.0
강서구,202309,54723.0,1.0
강서구,202310,59192.0,1.0
강서구,202311,52440.0,1.0
강서구,202312,72000.0,1.0
강서구,202401,56604.0,1.0
강서구,202402,43411.0,1.0
강서구,202403,75477.0,1.0
강서구,202404,58469.0,1.0
강서구,202405,67205.0,1.0
강서구,202406,60723.0,1.0
강서구,202407,51219.0,1.0
강서구,202408,58896.0,1.0
강서구,202409,42506.0,1.0
강서구,202410,49651.0,1.0
강서구,202411,62017.0,1.0
강서구,202412,59860.0,1.0
강서구,202501,47255.0,1.0
강서구,202502,37069.0,1.0
강서구,202503,57717.0,1.0
강서구,202504,47219.0,1.0
강서구,202505,66315.0,1.0
강서구,202506,54109.0,1.0
강서구,202507,48062.0,1.0
강서구,202508,62385.0,1.0
강서구,202509,49389.0,1.0
강서구,202510,37883.0,1.0
강서구,202511,54909.0,1.0
강서구,202512,44029.0,1.0
강서구,202601,48203.0,1.0
강서구,202602,33233.0,1.0
강서구,202603,53769.0,1.0
강서구,202604,0.0,1.0
강서구,202605,0.0,1.0
강서구,202606,0.0,1.0
연제구,202301,,
연제구,202302,,
연제구,202303,,
연제구,202304,,
연제구,202305,,
연제구,202306,,
연제구,202307,,
연제구,202308,,
연제구,202309,,
연제구,202310,,
연제구,202311,,
연제구,202312,,
연제구,202401,,
연제구,202402,,
연제구,202403,,
연제구,202404,,
연제구,202405,,
연제구,202406,,
연제구,202407,,
연제구,202408,,
연제구,202409,,
연제구,202410,,
연제구,202411,,
연제구,202412,,
연제구,202501,,
연제구,202502,,
연제구,202503,,
연제구,202504,,
연제구,202505,,
연제구,202506,,
연제구,202507,,
연제구,202508,,
연제구,202509,,
연제구,202510,,
연제구,202511,,
연제구,202512,,
연제구,202601,,
연제구,202602,,
연제구,202603,,
연제구,202604,,
연제구,202605,,
연제구,202606,,
수영구,202301,,
수영구,202302,,
수영구,202303,,
수영구,202304,,
수영구,202305,,
수영구,202306,,
수영구,202307,,
수영구,202308,,
수영구,202309,,
수영구,202310,,
수영구,202311,,
수영구,202312,,
수영구,202401,,
수영구,202402,,
수영구,202403,,
수영구,202404,,
수영구,202405,,
수영구,202406,,
수영구,202407,,
수영구,202408,,
수영구,202409,,
수영구,202410,,
수영구,202411,,
수영구,202412,,
수영구,202501,,
수영구,202502,,
수영구,202503,,
수영구,202504,,
수영구,202505,,
수영구,202506,,
수영구,202507,,
수영구,202508,,
수영구,202509,,
수영구,202510,,
수영구,202511,,
수영구,202512,,
수영구,202601,,
수영구,202602,,
수영구,202603,,
수영구,202604,,
수영구,202605,,
수영구,202606,,
사상구,202301,,
사상구,202302,,
사상구,202303,,
사상구,202304,,
사상구,202305,,
사상구,202306,,
사상구,202307,,
사상구,202308,,
사상구,202309,,
사상구,202310,,
사상구,202311,,
사상구,202312,,
사상구,202401,,
사상구,202402,,
사상구,202403,,
사상구,202404,,
사상구,202405,,
사상구,202406,,
사상구,202407,,
사상구,202408,,
사상구,202409,,
사상구,202410,,
사상구,202411,,
사상구,202412,,
사상구,202501,,
사상구,202502,,
사상구,202503,,
사상구,202504,,
사상구,202505,,
사상구,202506,,
사상구,202507,,
사상구,202508,,
사상구,202509,,
사상구,202510,,
사상구,202511,,
사상구,202512,,
사상구,202601,,
사상구,202602,,
사상구,202603,,
사상구,202604,,
사상구,202605,,
사상구,202606,,
기장군,202301,73492.0,2.0
기장군,202302,72212.0,2.0
기장군,202303,53606.0,2.0
기장군,202304,91834.0,2.0
기장군,202305,90018.0,2.0
기장군,202306,83082.0,2.0
기장군,202307,91492.0,2.0
기장군,202308,119213.0,2.0
기장군,202309,94226.0,2.0
기장군,202310,130345.0,2.0
기장군,202311,93779.0,2.0
기장군,202312,94185.0,2.0
기장군,202401,82760.0,2.0
기장군,202402,86721.0,2.0
기장군,202403,73770.0,2.0
기장군,202404,82602.0,2.0
기장군,202405,102364.0,2.0
기장군,202406,100515.0,2.0
기장군,202407,92437.0,2.0
기장군,202408,119642.0,2.0
기장군,202409,112592.0,2.0
기장군,202410,108007.0,2.0
기장군,202411,73286.0,2.0
기장군,202412,67702.0,2.0
기장군,202501,89675.0,2.0
기장군,202502,84876.0,2.0
기장군,202503,66491.0,2.0
기장군,202504,71637.0,2.0
기장군,202505,104817.0,2.0
기장군,202506,86111.0,2.0
기장군,202507,88524.0,2.0
기장군,202508,111726.0,2.0
기장군,202509,73030.0,2.0
기장군,202510,0.0,2.0
기장군,202511,0.0,2.0
기장군,202512,0.0,2.0
기장군,202601,0.0,2.0
기장군,202602,0.0,2.0
기장군,202603,0.0,2.0
기장군,202604,0.0,2.0
기장군,202605,0.0,2.0
기장군,202606,0.0,2.0
