기준연월,시·도코드,시·도명,시·군·구 코드,시·군·구 명,체류강도_지표코드,체류특성,체류특성_강도지수,,"※ ‘체류특성_강도지수’는 
실제 방문자 수 또는 비율(%)을 의미하는 값이 아니라, 
타권역 방문자 비중·숙박 비중·숙박일수별 방문자 수 
등을 기반으로 산출된 관광 체류 강도 세부 지표값입니다. 
따라서 수치가 높을수록 해당 체류 특성이 
강하게 나타나는 것으로 해석합니다.",,,,,
202501,26,부산광역시,26110,중구,2101,타권역 방문자 비중,115.68,,,,,,,
202501,26,부산광역시,26110,중구,2102,숙박 비중,56.27,,,,,,,
202501,26,부산광역시,26110,중구,2103,1박 방문자수,67.64,,,,,,,
202501,26,부산광역시,26110,중구,2104,2박 방문자수,67.3,,,,,,,
202501,26,부산광역시,26110,중구,2105,3박 방문자수,67.94,,,,,,,
202501,26,부산광역시,26140,서구,2101,타권역 방문자 비중,85.47,,,,,,,
202501,26,부산광역시,26140,서구,2102,숙박 비중,65.99,,,,,,,
202501,26,부산광역시,26140,서구,2103,1박 방문자수,64.82,,,,,,,
202501,26,부산광역시,26140,서구,2104,2박 방문자수,68.35,,,,,,,
202501,26,부산광역시,26140,서구,2105,3박 방문자수,73.8,,,,,,,
202501,26,부산광역시,26170,동구,2101,타권역 방문자 비중,107.55,,,,,,,
202501,26,부산광역시,26170,동구,2102,숙박 비중,57.49,,,,,,,
202501,26,부산광역시,26170,동구,2103,1박 방문자수,67.21,,,,,,,
202501,26,부산광역시,26170,동구,2104,2박 방문자수,68.13,,,,,,,
202501,26,부산광역시,26170,동구,2105,3박 방문자수,71.73,,,,,,,
202501,26,부산광역시,26200,영도구,2101,타권역 방문자 비중,76.69,,,,,,,
202501,26,부산광역시,26200,영도구,2102,숙박 비중,62.49,,,,,,,
202501,26,부산광역시,26200,영도구,2103,1박 방문자수,61.42,,,,,,,
202501,26,부산광역시,26200,영도구,2104,2박 방문자수,65.22,,,,,,,
202501,26,부산광역시,26200,영도구,2105,3박 방문자수,70.46,,,,,,,
202501,26,부산광역시,26230,부산진구,2101,타권역 방문자 비중,82.01,,,,,,,
202501,26,부산광역시,26230,부산진구,2102,숙박 비중,63.44,,,,,,,
202501,26,부산광역시,26230,부산진구,2103,1박 방문자수,98.1,,,,,,,
202501,26,부산광역시,26230,부산진구,2104,2박 방문자수,92.08,,,,,,,
202501,26,부산광역시,26230,부산진구,2105,3박 방문자수,110.64,,,,,,,
202501,26,부산광역시,26260,동래구,2101,타권역 방문자 비중,75.23,,,,,,,
202501,26,부산광역시,26260,동래구,2102,숙박 비중,63.63,,,,,,,
202501,26,부산광역시,26260,동래구,2103,1박 방문자수,74.65,,,,,,,
202501,26,부산광역시,26260,동래구,2104,2박 방문자수,77.81,,,,,,,
202501,26,부산광역시,26260,동래구,2105,3박 방문자수,93.84,,,,,,,
202501,26,부산광역시,26290,남구,2101,타권역 방문자 비중,66.32,,,,,,,
202501,26,부산광역시,26290,남구,2102,숙박 비중,67.68,,,,,,,
202501,26,부산광역시,26290,남구,2103,1박 방문자수,71.56,,,,,,,
202501,26,부산광역시,26290,남구,2104,2박 방문자수,75.88,,,,,,,
202501,26,부산광역시,26290,남구,2105,3박 방문자수,90.79,,,,,,,
202501,26,부산광역시,26320,북구,2101,타권역 방문자 비중,56.47,,,,,,,
202501,26,부산광역시,26320,북구,2102,숙박 비중,68.4,,,,,,,
202501,26,부산광역시,26320,북구,2103,1박 방문자수,68.4,,,,,,,
202501,26,부산광역시,26320,북구,2104,2박 방문자수,73.36,,,,,,,
202501,26,부산광역시,26320,북구,2105,3박 방문자수,87.28,,,,,,,
202501,26,부산광역시,26350,해운대구,2101,타권역 방문자 비중,75.02,,,,,,,
202501,26,부산광역시,26350,해운대구,2102,숙박 비중,73.76,,,,,,,
202501,26,부산광역시,26350,해운대구,2103,1박 방문자수,116.26,,,,,,,
202501,26,부산광역시,26350,해운대구,2104,2박 방문자수,134.38,,,,,,,
202501,26,부산광역시,26350,해운대구,2105,3박 방문자수,121.4,,,,,,,
202501,26,부산광역시,26380,사하구,2101,타권역 방문자 비중,57.95,,,,,,,
202501,26,부산광역시,26380,사하구,2102,숙박 비중,70.15,,,,,,,
202501,26,부산광역시,26380,사하구,2103,1박 방문자수,68.76,,,,,,,
202501,26,부산광역시,26380,사하구,2104,2박 방문자수,74.59,,,,,,,
202501,26,부산광역시,26380,사하구,2105,3박 방문자수,89.53,,,,,,,
202501,26,부산광역시,26410,금정구,2101,타권역 방문자 비중,70.05,,,,,,,
202501,26,부산광역시,26410,금정구,2102,숙박 비중,62.74,,,,,,,
202501,26,부산광역시,26410,금정구,2103,1박 방문자수,66.13,,,,,,,
202501,26,부산광역시,26410,금정구,2104,2박 방문자수,71.07,,,,,,,
202501,26,부산광역시,26410,금정구,2105,3박 방문자수,83.58,,,,,,,
202501,26,부산광역시,26440,강서구,2101,타권역 방문자 비중,93.1,,,,,,,
202501,26,부산광역시,26440,강서구,2102,숙박 비중,56.74,,,,,,,
202501,26,부산광역시,26440,강서구,2103,1박 방문자수,67.51,,,,,,,
202501,26,부산광역시,26440,강서구,2104,2박 방문자수,67.65,,,,,,,
202501,26,부산광역시,26440,강서구,2105,3박 방문자수,76.7,,,,,,,
202501,26,부산광역시,26470,연제구,2101,타권역 방문자 비중,89.66,,,,,,,
202501,26,부산광역시,26470,연제구,2102,숙박 비중,62.92,,,,,,,
202501,26,부산광역시,26470,연제구,2103,1박 방문자수,68.76,,,,,,,
202501,26,부산광역시,26470,연제구,2104,2박 방문자수,72.25,,,,,,,
202501,26,부산광역시,26470,연제구,2105,3박 방문자수,84.61,,,,,,,
202501,26,부산광역시,26500,수영구,2101,타권역 방문자 비중,87.38,,,,,,,
202501,26,부산광역시,26500,수영구,2102,숙박 비중,68.05,,,,,,,
202501,26,부산광역시,26500,수영구,2103,1박 방문자수,82.64,,,,,,,
202501,26,부산광역시,26500,수영구,2104,2박 방문자수,86.66,,,,,,,
202501,26,부산광역시,26500,수영구,2105,3박 방문자수,85.95,,,,,,,
202501,26,부산광역시,26530,사상구,2101,타권역 방문자 비중,77.87,,,,,,,
202501,26,부산광역시,26530,사상구,2102,숙박 비중,64.11,,,,,,,
202501,26,부산광역시,26530,사상구,2103,1박 방문자수,68.39,,,,,,,
202501,26,부산광역시,26530,사상구,2105,3박 방문자수,80,,,,,,,
202501,26,부산광역시,26710,기장군,2101,타권역 방문자 비중,89,,,,,,,
202501,26,부산광역시,26710,기장군,2102,숙박 비중,63.06,,,,,,,
202501,26,부산광역시,26710,기장군,2103,1박 방문자수,79.27,,,,,,,
202501,26,부산광역시,26710,기장군,2104,2박 방문자수,80.14,,,,,,,
202501,26,부산광역시,26710,기장군,2105,3박 방문자수,80.98,,,,,,,
202502,26,부산광역시,26110,중구,2101,타권역 방문자 비중,113.48,,,,,,,
202502,26,부산광역시,26110,중구,2102,숙박 비중,55.92,,,,,,,
202502,26,부산광역시,26110,중구,2103,1박 방문자수,65.32,,,,,,,
202502,26,부산광역시,26110,중구,2104,2박 방문자수,65.18,,,,,,,
202502,26,부산광역시,26110,중구,2105,3박 방문자수,66.56,,,,,,,
202502,26,부산광역시,26140,서구,2101,타권역 방문자 비중,82.89,,,,,,,
202502,26,부산광역시,26140,서구,2102,숙박 비중,62.97,,,,,,,
202502,26,부산광역시,26140,서구,2103,1박 방문자수,61.39,,,,,,,
202502,26,부산광역시,26140,서구,2104,2박 방문자수,64.58,,,,,,,
202502,26,부산광역시,26140,서구,2105,3박 방문자수,69.85,,,,,,,
202502,26,부산광역시,26170,동구,2101,타권역 방문자 비중,108.49,,,,,,,
202502,26,부산광역시,26170,동구,2102,숙박 비중,55.33,,,,,,,
202502,26,부산광역시,26170,동구,2103,1박 방문자수,64.46,,,,,,,
202502,26,부산광역시,26170,동구,2104,2박 방문자수,64.9,,,,,,,
202502,26,부산광역시,26170,동구,2105,3박 방문자수,66.31,,,,,,,
202502,26,부산광역시,26200,영도구,2101,타권역 방문자 비중,72.34,,,,,,,
202502,26,부산광역시,26200,영도구,2102,숙박 비중,59.6,,,,,,,
202502,26,부산광역시,26200,영도구,2103,1박 방문자수,58.02,,,,,,,
202502,26,부산광역시,26200,영도구,2104,2박 방문자수,61.42,,,,,,,
202502,26,부산광역시,26200,영도구,2105,3박 방문자수,66.95,,,,,,,
202502,26,부산광역시,26230,부산진구,2101,타권역 방문자 비중,81.01,,,,,,,
202502,26,부산광역시,26230,부산진구,2102,숙박 비중,60.87,,,,,,,
202502,26,부산광역시,26230,부산진구,2103,1박 방문자수,87.92,,,,,,,
202502,26,부산광역시,26230,부산진구,2104,2박 방문자수,80.49,,,,,,,
202502,26,부산광역시,26230,부산진구,2105,3박 방문자수,99.8,,,,,,,
202502,26,부산광역시,26260,동래구,2101,타권역 방문자 비중,73.27,,,,,,,
202502,26,부산광역시,26260,동래구,2102,숙박 비중,60.45,,,,,,,
202502,26,부산광역시,26260,동래구,2103,1박 방문자수,68.09,,,,,,,
202502,26,부산광역시,26260,동래구,2104,2박 방문자수,69.9,,,,,,,
202502,26,부산광역시,26260,동래구,2105,3박 방문자수,85.81,,,,,,,
202502,26,부산광역시,26290,남구,2102,숙박 비중,63.29,,,,,,,
202502,26,부산광역시,26290,남구,2103,1박 방문자수,66,,,,,,,
202502,26,부산광역시,26290,남구,2104,2박 방문자수,68.1,,,,,,,
202502,26,부산광역시,26290,남구,2105,3박 방문자수,83.58,,,,,,,
202502,26,부산광역시,26320,북구,2101,타권역 방문자 비중,53.02,,,,,,,
202502,26,부산광역시,26320,북구,2102,숙박 비중,62.13,,,,,,,
202502,26,부산광역시,26320,북구,2103,1박 방문자수,61.84,,,,,,,
202502,26,부산광역시,26320,북구,2104,2박 방문자수,64.39,,,,,,,
202502,26,부산광역시,26320,북구,2105,3박 방문자수,75.9,,,,,,,
202502,26,부산광역시,26350,해운대구,2101,타권역 방문자 비중,72.68,,,,,,,
202502,26,부산광역시,26350,해운대구,2102,숙박 비중,72.54,,,,,,,
202502,26,부산광역시,26350,해운대구,2103,1박 방문자수,109.66,,,,,,,
202502,26,부산광역시,26350,해운대구,2104,2박 방문자수,115.7,,,,,,,
202502,26,부산광역시,26350,해운대구,2105,3박 방문자수,105.3,,,,,,,
202502,26,부산광역시,26380,사하구,2101,타권역 방문자 비중,54.73,,,,,,,
202502,26,부산광역시,26380,사하구,2102,숙박 비중,65,,,,,,,
202502,26,부산광역시,26380,사하구,2103,1박 방문자수,62.8,,,,,,,
202502,26,부산광역시,26380,사하구,2104,2박 방문자수,65.97,,,,,,,
202502,26,부산광역시,26380,사하구,2105,3박 방문자수,81.55,,,,,,,
202502,26,부산광역시,26410,금정구,2101,타권역 방문자 비중,68.24,,,,,,,
202502,26,부산광역시,26410,금정구,2102,숙박 비중,59.5,,,,,,,
202502,26,부산광역시,26410,금정구,2103,1박 방문자수,61.62,,,,,,,
202502,26,부산광역시,26410,금정구,2104,2박 방문자수,65.16,,,,,,,
202502,26,부산광역시,26410,금정구,2105,3박 방문자수,77.36,,,,,,,
202502,26,부산광역시,26440,강서구,2101,타권역 방문자 비중,91.19,,,,,,,
202502,26,부산광역시,26440,강서구,2102,숙박 비중,54.82,,,,,,,
202502,26,부산광역시,26440,강서구,2103,1박 방문자수,63.08,,,,,,,
202502,26,부산광역시,26440,강서구,2104,2박 방문자수,63.29,,,,,,,
202502,26,부산광역시,26440,강서구,2105,3박 방문자수,73.07,,,,,,,
202502,26,부산광역시,26470,연제구,2101,타권역 방문자 비중,88.21,,,,,,,
202502,26,부산광역시,26470,연제구,2102,숙박 비중,59.04,,,,,,,
202502,26,부산광역시,26470,연제구,2103,1박 방문자수,63.27,,,,,,,
202502,26,부산광역시,26470,연제구,2104,2박 방문자수,65.42,,,,,,,
202502,26,부산광역시,26470,연제구,2105,3박 방문자수,76.08,,,,,,,
202502,26,부산광역시,26500,수영구,2101,타권역 방문자 비중,84.3,,,,,,,
202502,26,부산광역시,26500,수영구,2102,숙박 비중,67.15,,,,,,,
202502,26,부산광역시,26500,수영구,2103,1박 방문자수,78.21,,,,,,,
202502,26,부산광역시,26500,수영구,2104,2박 방문자수,80.75,,,,,,,
202502,26,부산광역시,26500,수영구,2105,3박 방문자수,77.69,,,,,,,
202502,26,부산광역시,26530,사상구,2101,타권역 방문자 비중,76.21,,,,,,,
202502,26,부산광역시,26530,사상구,2102,숙박 비중,60.35,,,,,,,
202502,26,부산광역시,26530,사상구,2103,1박 방문자수,63.42,,,,,,,
202502,26,부산광역시,26530,사상구,2104,2박 방문자수,64.63,,,,,,,
202502,26,부산광역시,26530,사상구,2105,3박 방문자수,74.71,,,,,,,
202502,26,부산광역시,26710,기장군,2101,타권역 방문자 비중,83.49,,,,,,,
202502,26,부산광역시,26710,기장군,2102,숙박 비중,61.93,,,,,,,
202502,26,부산광역시,26710,기장군,2103,1박 방문자수,73.21,,,,,,,
202502,26,부산광역시,26710,기장군,2104,2박 방문자수,70.44,,,,,,,
202502,26,부산광역시,26710,기장군,2105,3박 방문자수,74.53,,,,,,,
202503,26,부산광역시,26110,중구,2101,타권역 방문자 비중,115.3,,,,,,,
202503,26,부산광역시,26110,중구,2102,숙박 비중,55.22,,,,,,,
202503,26,부산광역시,26110,중구,2103,1박 방문자수,65.84,,,,,,,
202503,26,부산광역시,26110,중구,2104,2박 방문자수,64.72,,,,,,,
202503,26,부산광역시,26110,중구,2105,3박 방문자수,66.21,,,,,,,
202503,26,부산광역시,26140,서구,2101,타권역 방문자 비중,86.32,,,,,,,
202503,26,부산광역시,26140,서구,2102,숙박 비중,62.73,,,,,,,
202503,26,부산광역시,26140,서구,2103,1박 방문자수,63.19,,,,,,,
202503,26,부산광역시,26140,서구,2104,2박 방문자수,65.76,,,,,,,
202503,26,부산광역시,26140,서구,2105,3박 방문자수,73.54,,,,,,,
202503,26,부산광역시,26170,동구,2101,타권역 방문자 비중,107.12,,,,,,,
202503,26,부산광역시,26170,동구,2102,숙박 비중,55.71,,,,,,,
202503,26,부산광역시,26170,동구,2103,1박 방문자수,65.02,,,,,,,
202503,26,부산광역시,26170,동구,2104,2박 방문자수,65.55,,,,,,,
202503,26,부산광역시,26170,동구,2105,3박 방문자수,67.92,,,,,,,
202503,26,부산광역시,26200,영도구,2101,타권역 방문자 비중,76.24,,,,,,,
202503,26,부산광역시,26200,영도구,2102,숙박 비중,61.45,,,,,,,
202503,26,부산광역시,26200,영도구,2103,1박 방문자수,59.7,,,,,,,
202503,26,부산광역시,26200,영도구,2104,2박 방문자수,63.56,,,,,,,
202503,26,부산광역시,26200,영도구,2105,3박 방문자수,73.69,,,,,,,
202503,26,부산광역시,26230,부산진구,2101,타권역 방문자 비중,82.45,,,,,,,
202503,26,부산광역시,26230,부산진구,2102,숙박 비중,61.5,,,,,,,
202503,26,부산광역시,26230,부산진구,2103,1박 방문자수,92.05,,,,,,,
202503,26,부산광역시,26230,부산진구,2104,2박 방문자수,86.22,,,,,,,
202503,26,부산광역시,26230,부산진구,2105,3박 방문자수,114.4,,,,,,,
202503,26,부산광역시,26260,동래구,2101,타권역 방문자 비중,75.97,,,,,,,
202503,26,부산광역시,26260,동래구,2102,숙박 비중,59.72,,,,,,,
202503,26,부산광역시,26260,동래구,2103,1박 방문자수,70.39,,,,,,,
202503,26,부산광역시,26260,동래구,2104,2박 방문자수,73.53,,,,,,,
202503,26,부산광역시,26260,동래구,2105,3박 방문자수,87.23,,,,,,,
202503,26,부산광역시,26290,남구,2101,타권역 방문자 비중,71.26,,,,,,,
202503,26,부산광역시,26290,남구,2102,숙박 비중,64.36,,,,,,,
202503,26,부산광역시,26290,남구,2103,1박 방문자수,69.83,,,,,,,
202503,26,부산광역시,26290,남구,2104,2박 방문자수,73,,,,,,,
202503,26,부산광역시,26290,남구,2105,3박 방문자수,99.65,,,,,,,
202503,26,부산광역시,26320,북구,2101,타권역 방문자 비중,55.51,,,,,,,
202503,26,부산광역시,26320,북구,2102,숙박 비중,63.56,,,,,,,
202503,26,부산광역시,26320,북구,2103,1박 방문자수,64.68,,,,,,,
202503,26,부산광역시,26320,북구,2104,2박 방문자수,69.28,,,,,,,
202503,26,부산광역시,26320,북구,2105,3박 방문자수,80.83,,,,,,,
202503,26,부산광역시,26350,해운대구,2101,타권역 방문자 비중,72.61,,,,,,,
202503,26,부산광역시,26350,해운대구,2102,숙박 비중,69.35,,,,,,,
202503,26,부산광역시,26350,해운대구,2103,1박 방문자수,107.98,,,,,,,
202503,26,부산광역시,26350,해운대구,2104,2박 방문자수,108.69,,,,,,,
202503,26,부산광역시,26350,해운대구,2105,3박 방문자수,108.25,,,,,,,
202503,26,부산광역시,26380,사하구,2101,타권역 방문자 비중,59.06,,,,,,,
202503,26,부산광역시,26380,사하구,2102,숙박 비중,66.38,,,,,,,
202503,26,부산광역시,26380,사하구,2103,1박 방문자수,66.44,,,,,,,
202503,26,부산광역시,26380,사하구,2104,2박 방문자수,70.37,,,,,,,
202503,26,부산광역시,26380,사하구,2105,3박 방문자수,90.54,,,,,,,
202503,26,부산광역시,26410,금정구,2101,타권역 방문자 비중,76.1,,,,,,,
202503,26,부산광역시,26410,금정구,2102,숙박 비중,60.75,,,,,,,
202503,26,부산광역시,26410,금정구,2103,1박 방문자수,64.65,,,,,,,
202503,26,부산광역시,26410,금정구,2104,2박 방문자수,68.76,,,,,,,
202503,26,부산광역시,26410,금정구,2105,3박 방문자수,95.4,,,,,,,
202503,26,부산광역시,26440,강서구,2101,타권역 방문자 비중,92.89,,,,,,,
202503,26,부산광역시,26440,강서구,2102,숙박 비중,55.18,,,,,,,
202503,26,부산광역시,26440,강서구,2103,1박 방문자수,65.13,,,,,,,
202503,26,부산광역시,26440,강서구,2104,2박 방문자수,65.62,,,,,,,
202503,26,부산광역시,26440,강서구,2105,3박 방문자수,73.93,,,,,,,
202503,26,부산광역시,26470,연제구,2101,타권역 방문자 비중,90.55,,,,,,,
202503,26,부산광역시,26470,연제구,2102,숙박 비중,59.84,,,,,,,
202503,26,부산광역시,26470,연제구,2103,1박 방문자수,65.9,,,,,,,
202503,26,부산광역시,26470,연제구,2104,2박 방문자수,68.94,,,,,,,
202503,26,부산광역시,26470,연제구,2105,3박 방문자수,79.94,,,,,,,
202503,26,부산광역시,26500,수영구,2101,타권역 방문자 비중,84.96,,,,,,,
202503,26,부산광역시,26500,수영구,2102,숙박 비중,64.67,,,,,,,
202503,26,부산광역시,26500,수영구,2103,1박 방문자수,77.32,,,,,,,
202503,26,부산광역시,26500,수영구,2104,2박 방문자수,77.71,,,,,,,
202503,26,부산광역시,26500,수영구,2105,3박 방문자수,79.75,,,,,,,
202503,26,부산광역시,26530,사상구,2101,타권역 방문자 비중,81.24,,,,,,,
202503,26,부산광역시,26530,사상구,2102,숙박 비중,61.12,,,,,,,
202503,26,부산광역시,26530,사상구,2103,1박 방문자수,66.41,,,,,,,
202503,26,부산광역시,26530,사상구,2104,2박 방문자수,68.19,,,,,,,
202503,26,부산광역시,26530,사상구,2105,3박 방문자수,81.59,,,,,,,
202503,26,부산광역시,26710,기장군,2101,타권역 방문자 비중,85.48,,,,,,,
202503,26,부산광역시,26710,기장군,2102,숙박 비중,59.46,,,,,,,
202503,26,부산광역시,26710,기장군,2103,1박 방문자수,71.9,,,,,,,
202503,26,부산광역시,26710,기장군,2104,2박 방문자수,70.11,,,,,,,
202503,26,부산광역시,26710,기장군,2105,3박 방문자수,76.95,,,,,,,
202504,26,부산광역시,26110,중구,2101,타권역 방문자 비중,113.45,,,,,,,
202504,26,부산광역시,26110,중구,2102,숙박 비중,54.62,,,,,,,
202504,26,부산광역시,26110,중구,2103,1박 방문자수,63.96,,,,,,,
202504,26,부산광역시,26110,중구,2104,2박 방문자수,63.99,,,,,,,
202504,26,부산광역시,26110,중구,2105,3박 방문자수,64.55,,,,,,,
202504,26,부산광역시,26140,서구,2101,타권역 방문자 비중,83.11,,,,,,,
202504,26,부산광역시,26140,서구,2102,숙박 비중,61.18,,,,,,,
202504,26,부산광역시,26140,서구,2103,1박 방문자수,61.01,,,,,,,
202504,26,부산광역시,26140,서구,2104,2박 방문자수,64.72,,,,,,,
202504,26,부산광역시,26140,서구,2105,3박 방문자수,69.56,,,,,,,
202504,26,부산광역시,26170,동구,2101,타권역 방문자 비중,105.18,,,,,,,
202504,26,부산광역시,26170,동구,2102,숙박 비중,54.89,,,,,,,
202504,26,부산광역시,26170,동구,2103,1박 방문자수,63.13,,,,,,,
202504,26,부산광역시,26170,동구,2104,2박 방문자수,63.86,,,,,,,
202504,26,부산광역시,26170,동구,2105,3박 방문자수,66.54,,,,,,,
202504,26,부산광역시,26200,영도구,2101,타권역 방문자 비중,71.25,,,,,,,
202504,26,부산광역시,26200,영도구,2102,숙박 비중,58.11,,,,,,,
202504,26,부산광역시,26200,영도구,2103,1박 방문자수,57.84,,,,,,,
202504,26,부산광역시,26200,영도구,2104,2박 방문자수,61.36,,,,,,,
202504,26,부산광역시,26200,영도구,2105,3박 방문자수,64.37,,,,,,,
202504,26,부산광역시,26230,부산진구,2101,타권역 방문자 비중,77.89,,,,,,,
202504,26,부산광역시,26230,부산진구,2102,숙박 비중,59.54,,,,,,,
202504,26,부산광역시,26230,부산진구,2103,1박 방문자수,84.13,,,,,,,
202504,26,부산광역시,26230,부산진구,2104,2박 방문자수,79.13,,,,,,,
202504,26,부산광역시,26230,부산진구,2105,3박 방문자수,94.78,,,,,,,
202504,26,부산광역시,26260,동래구,2101,타권역 방문자 비중,72.74,,,,,,,
202504,26,부산광역시,26260,동래구,2102,숙박 비중,58.34,,,,,,,
202504,26,부산광역시,26260,동래구,2103,1박 방문자수,67.24,,,,,,,
202504,26,부산광역시,26260,동래구,2104,2박 방문자수,69.78,,,,,,,
202504,26,부산광역시,26260,동래구,2105,3박 방문자수,79.7,,,,,,,
202504,26,부산광역시,26290,남구,2101,타권역 방문자 비중,63.84,,,,,,,
202504,26,부산광역시,26290,남구,2102,숙박 비중,61.08,,,,,,,
202504,26,부산광역시,26290,남구,2103,1박 방문자수,65.71,,,,,,,
202504,26,부산광역시,26290,남구,2104,2박 방문자수,68.14,,,,,,,
202504,26,부산광역시,26290,남구,2105,3박 방문자수,76.9,,,,,,,
202504,26,부산광역시,26320,북구,2101,타권역 방문자 비중,53.09,,,,,,,
202504,26,부산광역시,26320,북구,2102,숙박 비중,61.03,,,,,,,
202504,26,부산광역시,26320,북구,2103,1박 방문자수,62.14,,,,,,,
202504,26,부산광역시,26320,북구,2104,2박 방문자수,66,,,,,,,
202504,26,부산광역시,26320,북구,2105,3박 방문자수,73.73,,,,,,,
202504,26,부산광역시,26350,해운대구,2101,타권역 방문자 비중,69.72,,,,,,,
202504,26,부산광역시,26350,해운대구,2102,숙박 비중,68.83,,,,,,,
202504,26,부산광역시,26350,해운대구,2103,1박 방문자수,102.75,,,,,,,
202504,26,부산광역시,26350,해운대구,2104,2박 방문자수,104.2,,,,,,,
202504,26,부산광역시,26350,해운대구,2105,3박 방문자수,98.16,,,,,,,
202504,26,부산광역시,26380,사하구,2101,타권역 방문자 비중,53.13,,,,,,,
202504,26,부산광역시,26380,사하구,2102,숙박 비중,63.62,,,,,,,
202504,26,부산광역시,26380,사하구,2103,1박 방문자수,63.3,,,,,,,
202504,26,부산광역시,26380,사하구,2104,2박 방문자수,66.65,,,,,,,
202504,26,부산광역시,26380,사하구,2105,3박 방문자수,77.4,,,,,,,
202504,26,부산광역시,26410,금정구,2101,타권역 방문자 비중,68.21,,,,,,,
202504,26,부산광역시,26410,금정구,2102,숙박 비중,57.59,,,,,,,
202504,26,부산광역시,26410,금정구,2103,1박 방문자수,61.1,,,,,,,
202504,26,부산광역시,26410,금정구,2104,2박 방문자수,65.4,,,,,,,
202504,26,부산광역시,26410,금정구,2105,3박 방문자수,74.25,,,,,,,
202504,26,부산광역시,26440,강서구,2101,타권역 방문자 비중,90.96,,,,,,,
202504,26,부산광역시,26440,강서구,2102,숙박 비중,54.07,,,,,,,
202504,26,부산광역시,26440,강서구,2103,1박 방문자수,63.34,,,,,,,
202504,26,부산광역시,26440,강서구,2104,2박 방문자수,64.25,,,,,,,
202504,26,부산광역시,26440,강서구,2105,3박 방문자수,70.66,,,,,,,
202504,26,부산광역시,26470,연제구,2101,타권역 방문자 비중,86.48,,,,,,,
202504,26,부산광역시,26470,연제구,2102,숙박 비중,58.39,,,,,,,
202504,26,부산광역시,26470,연제구,2103,1박 방문자수,63.54,,,,,,,
202504,26,부산광역시,26470,연제구,2104,2박 방문자수,66.26,,,,,,,
202504,26,부산광역시,26470,연제구,2105,3박 방문자수,74.43,,,,,,,
202504,26,부산광역시,26500,수영구,2101,타권역 방문자 비중,82.82,,,,,,,
202504,26,부산광역시,26500,수영구,2102,숙박 비중,63.65,,,,,,,
202504,26,부산광역시,26500,수영구,2103,1박 방문자수,74.69,,,,,,,
202504,26,부산광역시,26500,수영구,2104,2박 방문자수,75.2,,,,,,,
202504,26,부산광역시,26500,수영구,2105,3박 방문자수,74.66,,,,,,,
202504,26,부산광역시,26530,사상구,2101,타권역 방문자 비중,75.31,,,,,,,
202504,26,부산광역시,26530,사상구,2102,숙박 비중,58.65,,,,,,,
202504,26,부산광역시,26530,사상구,2103,1박 방문자수,63.5,,,,,,,
202504,26,부산광역시,26530,사상구,2104,2박 방문자수,64.88,,,,,,,
202504,26,부산광역시,26530,사상구,2105,3박 방문자수,71.45,,,,,,,
202504,26,부산광역시,26710,기장군,2101,타권역 방문자 비중,83.57,,,,,,,
202504,26,부산광역시,26710,기장군,2102,숙박 비중,58.61,,,,,,,
202504,26,부산광역시,26710,기장군,2103,1박 방문자수,70.01,,,,,,,
202504,26,부산광역시,26710,기장군,2104,2박 방문자수,68.11,,,,,,,
202504,26,부산광역시,26710,기장군,2105,3박 방문자수,71.75,,,,,,,
202505,26,부산광역시,26110,중구,2101,타권역 방문자 비중,116.96,,,,,,,
202505,26,부산광역시,26110,중구,2102,숙박 비중,55.78,,,,,,,
202505,26,부산광역시,26110,중구,2103,1박 방문자수,68.19,,,,,,,
202505,26,부산광역시,26110,중구,2104,2박 방문자수,68.2,,,,,,,
202505,26,부산광역시,26110,중구,2105,3박 방문자수,67.6,,,,,,,
202505,26,부산광역시,26140,서구,2101,타권역 방문자 비중,85.92,,,,,,,
202505,26,부산광역시,26140,서구,2102,숙박 비중,63.13,,,,,,,
202505,26,부산광역시,26140,서구,2103,1박 방문자수,63.67,,,,,,,
202505,26,부산광역시,26140,서구,2104,2박 방문자수,67.71,,,,,,,
202505,26,부산광역시,26140,서구,2105,3박 방문자수,73.74,,,,,,,
202505,26,부산광역시,26170,동구,2101,타권역 방문자 비중,108.63,,,,,,,
202505,26,부산광역시,26170,동구,2102,숙박 비중,56.11,,,,,,,
202505,26,부산광역시,26170,동구,2103,1박 방문자수,66.93,,,,,,,
202505,26,부산광역시,26170,동구,2104,2박 방문자수,67.45,,,,,,,
202505,26,부산광역시,26170,동구,2105,3박 방문자수,70.58,,,,,,,
202505,26,부산광역시,26200,영도구,2101,타권역 방문자 비중,77.31,,,,,,,
202505,26,부산광역시,26200,영도구,2102,숙박 비중,60.29,,,,,,,
202505,26,부산광역시,26200,영도구,2103,1박 방문자수,60.96,,,,,,,
202505,26,부산광역시,26200,영도구,2104,2박 방문자수,64.1,,,,,,,
202505,26,부산광역시,26200,영도구,2105,3박 방문자수,70.12,,,,,,,
202505,26,부산광역시,26230,부산진구,2101,타권역 방문자 비중,81.36,,,,,,,
202505,26,부산광역시,26230,부산진구,2102,숙박 비중,61.81,,,,,,,
202505,26,부산광역시,26230,부산진구,2103,1박 방문자수,94.65,,,,,,,
202505,26,부산광역시,26230,부산진구,2104,2박 방문자수,89.58,,,,,,,
202505,26,부산광역시,26230,부산진구,2105,3박 방문자수,114.02,,,,,,,
202505,26,부산광역시,26260,동래구,2101,타권역 방문자 비중,76.41,,,,,,,
202505,26,부산광역시,26260,동래구,2102,숙박 비중,60.99,,,,,,,
202505,26,부산광역시,26260,동래구,2103,1박 방문자수,72.37,,,,,,,
202505,26,부산광역시,26260,동래구,2104,2박 방문자수,75.41,,,,,,,
202505,26,부산광역시,26260,동래구,2105,3박 방문자수,96.45,,,,,,,
202505,26,부산광역시,26290,남구,2101,타권역 방문자 비중,65.8,,,,,,,
202505,26,부산광역시,26290,남구,2102,숙박 비중,64.64,,,,,,,
202505,26,부산광역시,26290,남구,2103,1박 방문자수,70.06,,,,,,,
202505,26,부산광역시,26290,남구,2104,2박 방문자수,73.8,,,,,,,
202505,26,부산광역시,26290,남구,2105,3박 방문자수,90.61,,,,,,,
202505,26,부산광역시,26320,북구,2101,타권역 방문자 비중,57.6,,,,,,,
202505,26,부산광역시,26320,북구,2102,숙박 비중,65.05,,,,,,,
202505,26,부산광역시,26320,북구,2103,1박 방문자수,66.27,,,,,,,
202505,26,부산광역시,26320,북구,2104,2박 방문자수,70.89,,,,,,,
202505,26,부산광역시,26320,북구,2105,3박 방문자수,89.27,,,,,,,
202505,26,부산광역시,26350,해운대구,2101,타권역 방문자 비중,76.06,,,,,,,
202505,26,부산광역시,26350,해운대구,2102,숙박 비중,72.81,,,,,,,
202505,26,부산광역시,26350,해운대구,2103,1박 방문자수,118.47,,,,,,,
202505,26,부산광역시,26350,해운대구,2104,2박 방문자수,134.12,,,,,,,
202505,26,부산광역시,26350,해운대구,2105,3박 방문자수,126.53,,,,,,,
202505,26,부산광역시,26380,사하구,2101,타권역 방문자 비중,57.49,,,,,,,
202505,26,부산광역시,26380,사하구,2102,숙박 비중,66.75,,,,,,,
202505,26,부산광역시,26380,사하구,2103,1박 방문자수,67.16,,,,,,,
202505,26,부산광역시,26380,사하구,2104,2박 방문자수,71.15,,,,,,,
202505,26,부산광역시,26380,사하구,2105,3박 방문자수,90.94,,,,,,,
202505,26,부산광역시,26410,금정구,2101,타권역 방문자 비중,70.19,,,,,,,
202505,26,부산광역시,26410,금정구,2102,숙박 비중,59.76,,,,,,,
202505,26,부산광역시,26410,금정구,2103,1박 방문자수,64.25,,,,,,,
202505,26,부산광역시,26410,금정구,2105,3박 방문자수,84.52,,,,,,,
202505,26,부산광역시,26440,강서구,2101,타권역 방문자 비중,93.09,,,,,,,
202505,26,부산광역시,26440,강서구,2102,숙박 비중,56.04,,,,,,,
202505,26,부산광역시,26440,강서구,2103,1박 방문자수,66.58,,,,,,,
202505,26,부산광역시,26440,강서구,2104,2박 방문자수,68.03,,,,,,,
202505,26,부산광역시,26440,강서구,2105,3박 방문자수,78.93,,,,,,,
202505,26,부산광역시,26470,연제구,2101,타권역 방문자 비중,88.5,,,,,,,
202505,26,부산광역시,26470,연제구,2102,숙박 비중,61.32,,,,,,,
202505,26,부산광역시,26470,연제구,2103,1박 방문자수,67.11,,,,,,,
202505,26,부산광역시,26470,연제구,2104,2박 방문자수,70.29,,,,,,,
202505,26,부산광역시,26470,연제구,2105,3박 방문자수,85.85,,,,,,,
202505,26,부산광역시,26500,수영구,2101,타권역 방문자 비중,89.15,,,,,,,
202505,26,부산광역시,26500,수영구,2102,숙박 비중,65.73,,,,,,,
202505,26,부산광역시,26500,수영구,2103,1박 방문자수,81.77,,,,,,,
202505,26,부산광역시,26500,수영구,2104,2박 방문자수,85.18,,,,,,,
202505,26,부산광역시,26500,수영구,2105,3박 방문자수,86.72,,,,,,,
202505,26,부산광역시,26530,사상구,2101,타권역 방문자 비중,77.51,,,,,,,
202505,26,부산광역시,26530,사상구,2102,숙박 비중,61.8,,,,,,,
202505,26,부산광역시,26530,사상구,2103,1박 방문자수,66.93,,,,,,,
202505,26,부산광역시,26530,사상구,2104,2박 방문자수,68.91,,,,,,,
202505,26,부산광역시,26530,사상구,2105,3박 방문자수,80.63,,,,,,,
202505,26,부산광역시,26710,기장군,2101,타권역 방문자 비중,89.48,,,,,,,
202505,26,부산광역시,26710,기장군,2102,숙박 비중,59.8,,,,,,,
202505,26,부산광역시,26710,기장군,2103,1박 방문자수,74.98,,,,,,,
202505,26,부산광역시,26710,기장군,2104,2박 방문자수,74.48,,,,,,,
202505,26,부산광역시,26710,기장군,2105,3박 방문자수,81.03,,,,,,,
202506,26,부산광역시,26110,중구,2101,타권역 방문자 비중,114.77,,,,,,,
202506,26,부산광역시,26110,중구,2102,숙박 비중,54.82,,,,,,,
202506,26,부산광역시,26110,중구,2103,1박 방문자수,65.37,,,,,,,
202506,26,부산광역시,26110,중구,2104,2박 방문자수,65.38,,,,,,,
202506,26,부산광역시,26110,중구,2105,3박 방문자수,65.15,,,,,,,
202506,26,부산광역시,26140,서구,2101,타권역 방문자 비중,83.75,,,,,,,
202506,26,부산광역시,26140,서구,2102,숙박 비중,61.95,,,,,,,
202506,26,부산광역시,26140,서구,2103,1박 방문자수,62.07,,,,,,,
202506,26,부산광역시,26140,서구,2104,2박 방문자수,66.24,,,,,,,
202506,26,부산광역시,26140,서구,2105,3박 방문자수,71.44,,,,,,,
202506,26,부산광역시,26170,동구,2101,타권역 방문자 비중,107.36,,,,,,,
202506,26,부산광역시,26170,동구,2102,숙박 비중,55.33,,,,,,,
202506,26,부산광역시,26170,동구,2103,1박 방문자수,65.19,,,,,,,
202506,26,부산광역시,26170,동구,2104,2박 방문자수,65.65,,,,,,,
202506,26,부산광역시,26170,동구,2105,3박 방문자수,67.57,,,,,,,
202506,26,부산광역시,26200,영도구,2101,타권역 방문자 비중,74.22,,,,,,,
202506,26,부산광역시,26200,영도구,2102,숙박 비중,58.48,,,,,,,
202506,26,부산광역시,26200,영도구,2103,1박 방문자수,58.88,,,,,,,
202506,26,부산광역시,26200,영도구,2104,2박 방문자수,62.27,,,,,,,
202506,26,부산광역시,26200,영도구,2105,3박 방문자수,66.81,,,,,,,
202506,26,부산광역시,26230,부산진구,2101,타권역 방문자 비중,79.51,,,,,,,
202506,26,부산광역시,26230,부산진구,2102,숙박 비중,60.04,,,,,,,
202506,26,부산광역시,26230,부산진구,2103,1박 방문자수,88.82,,,,,,,
202506,26,부산광역시,26230,부산진구,2104,2박 방문자수,82.79,,,,,,,
202506,26,부산광역시,26230,부산진구,2105,3박 방문자수,100.55,,,,,,,
202506,26,부산광역시,26260,동래구,2101,타권역 방문자 비중,73.85,,,,,,,
202506,26,부산광역시,26260,동래구,2102,숙박 비중,58.48,,,,,,,
202506,26,부산광역시,26260,동래구,2103,1박 방문자수,68.36,,,,,,,
202506,26,부산광역시,26260,동래구,2104,2박 방문자수,70.35,,,,,,,
202506,26,부산광역시,26260,동래구,2105,3박 방문자수,84.01,,,,,,,
202506,26,부산광역시,26290,남구,2101,타권역 방문자 비중,64.16,,,,,,,
202506,26,부산광역시,26290,남구,2102,숙박 비중,61.84,,,,,,,
202506,26,부산광역시,26290,남구,2103,1박 방문자수,66.78,,,,,,,
202506,26,부산광역시,26290,남구,2104,2박 방문자수,69.58,,,,,,,
202506,26,부산광역시,26290,남구,2105,3박 방문자수,82.59,,,,,,,
202506,26,부산광역시,26320,북구,2101,타권역 방문자 비중,54.68,,,,,,,
202506,26,부산광역시,26320,북구,2102,숙박 비중,61.74,,,,,,,
202506,26,부산광역시,26320,북구,2103,1박 방문자수,62.99,,,,,,,
202506,26,부산광역시,26320,북구,2104,2박 방문자수,66.3,,,,,,,
202506,26,부산광역시,26320,북구,2105,3박 방문자수,78.68,,,,,,,
202506,26,부산광역시,26350,해운대구,2101,타권역 방문자 비중,73.35,,,,,,,
202506,26,부산광역시,26350,해운대구,2102,숙박 비중,69.6,,,,,,,
202506,26,부산광역시,26350,해운대구,2103,1박 방문자수,109.01,,,,,,,
202506,26,부산광역시,26350,해운대구,2104,2박 방문자수,119.27,,,,,,,
202506,26,부산광역시,26350,해운대구,2105,3박 방문자수,107.31,,,,,,,
202506,26,부산광역시,26380,사하구,2101,타권역 방문자 비중,53.87,,,,,,,
202506,26,부산광역시,26380,사하구,2102,숙박 비중,63.69,,,,,,,
202506,26,부산광역시,26380,사하구,2103,1박 방문자수,64.1,,,,,,,
202506,26,부산광역시,26380,사하구,2104,2박 방문자수,66.94,,,,,,,
202506,26,부산광역시,26380,사하구,2105,3박 방문자수,80.65,,,,,,,
202506,26,부산광역시,26410,금정구,2101,타권역 방문자 비중,66.48,,,,,,,
202506,26,부산광역시,26410,금정구,2102,숙박 비중,58.12,,,,,,,
202506,26,부산광역시,26410,금정구,2103,1박 방문자수,61.76,,,,,,,
202506,26,부산광역시,26410,금정구,2104,2박 방문자수,65.37,,,,,,,
202506,26,부산광역시,26410,금정구,2105,3박 방문자수,76.92,,,,,,,
202506,26,부산광역시,26440,강서구,2101,타권역 방문자 비중,90.66,,,,,,,
202506,26,부산광역시,26440,강서구,2102,숙박 비중,54.88,,,,,,,
202506,26,부산광역시,26440,강서구,2103,1박 방문자수,64.68,,,,,,,
202506,26,부산광역시,26440,강서구,2104,2박 방문자수,64.76,,,,,,,
202506,26,부산광역시,26440,강서구,2105,3박 방문자수,73.63,,,,,,,
202506,26,부산광역시,26470,연제구,2101,타권역 방문자 비중,86.66,,,,,,,
202506,26,부산광역시,26470,연제구,2102,숙박 비중,58.92,,,,,,,
202506,26,부산광역시,26470,연제구,2103,1박 방문자수,64.48,,,,,,,
202506,26,부산광역시,26470,연제구,2104,2박 방문자수,66.47,,,,,,,
202506,26,부산광역시,26470,연제구,2105,3박 방문자수,77.36,,,,,,,
202506,26,부산광역시,26500,수영구,2101,타권역 방문자 비중,86.03,,,,,,,
202506,26,부산광역시,26500,수영구,2102,숙박 비중,64.44,,,,,,,
202506,26,부산광역시,26500,수영구,2103,1박 방문자수,78.3,,,,,,,
202506,26,부산광역시,26500,수영구,2104,2박 방문자수,80.52,,,,,,,
202506,26,부산광역시,26500,수영구,2105,3박 방문자수,78.76,,,,,,,
202506,26,부산광역시,26530,사상구,2101,타권역 방문자 비중,74.9,,,,,,,
202506,26,부산광역시,26530,사상구,2102,숙박 비중,59.59,,,,,,,
202506,26,부산광역시,26530,사상구,2103,1박 방문자수,64.27,,,,,,,
202506,26,부산광역시,26530,사상구,2104,2박 방문자수,65.6,,,,,,,
202506,26,부산광역시,26530,사상구,2105,3박 방문자수,73.73,,,,,,,
202506,26,부산광역시,26710,기장군,2101,타권역 방문자 비중,85.33,,,,,,,
202506,26,부산광역시,26710,기장군,2102,숙박 비중,59,,,,,,,
202506,26,부산광역시,26710,기장군,2103,1박 방문자수,71.8,,,,,,,
202506,26,부산광역시,26710,기장군,2104,2박 방문자수,70.65,,,,,,,
202506,26,부산광역시,26710,기장군,2105,3박 방문자수,73.96,,,,,,,
202507,26,부산광역시,26110,중구,2101,타권역 방문자 비중,114.49,,,,,,,
202507,26,부산광역시,26110,중구,2102,숙박 비중,55.47,,,,,,,
202507,26,부산광역시,26110,중구,2103,1박 방문자수,66.3,,,,,,,
202507,26,부산광역시,26110,중구,2104,2박 방문자수,67.37,,,,,,,
202507,26,부산광역시,26110,중구,2105,3박 방문자수,67.86,,,,,,,
202507,26,부산광역시,26140,서구,2101,타권역 방문자 비중,84.77,,,,,,,
202507,26,부산광역시,26140,서구,2102,숙박 비중,62.94,,,,,,,
202507,26,부산광역시,26140,서구,2103,1박 방문자수,63.25,,,,,,,
202507,26,부산광역시,26140,서구,2104,2박 방문자수,68.48,,,,,,,
202507,26,부산광역시,26140,서구,2105,3박 방문자수,72.87,,,,,,,
202507,26,부산광역시,26170,동구,2101,타권역 방문자 비중,109.66,,,,,,,
202507,26,부산광역시,26170,동구,2102,숙박 비중,55.62,,,,,,,
202507,26,부산광역시,26170,동구,2103,1박 방문자수,66.82,,,,,,,
202507,26,부산광역시,26170,동구,2104,2박 방문자수,67.96,,,,,,,
202507,26,부산광역시,26170,동구,2105,3박 방문자수,71.13,,,,,,,
202507,26,부산광역시,26200,영도구,2101,타권역 방문자 비중,73.76,,,,,,,
202507,26,부산광역시,26200,영도구,2102,숙박 비중,59.38,,,,,,,
202507,26,부산광역시,26200,영도구,2103,1박 방문자수,59.34,,,,,,,
202507,26,부산광역시,26200,영도구,2104,2박 방문자수,63.02,,,,,,,
202507,26,부산광역시,26200,영도구,2105,3박 방문자수,67.51,,,,,,,
202507,26,부산광역시,26230,부산진구,2101,타권역 방문자 비중,80.34,,,,,,,
202507,26,부산광역시,26230,부산진구,2102,숙박 비중,61.01,,,,,,,
202507,26,부산광역시,26230,부산진구,2103,1박 방문자수,92.87,,,,,,,
202507,26,부산광역시,26230,부산진구,2104,2박 방문자수,89.1,,,,,,,
202507,26,부산광역시,26230,부산진구,2105,3박 방문자수,108.13,,,,,,,
202507,26,부산광역시,26260,동래구,2101,타권역 방문자 비중,74.45,,,,,,,
202507,26,부산광역시,26260,동래구,2102,숙박 비중,59.23,,,,,,,
202507,26,부산광역시,26260,동래구,2103,1박 방문자수,69.83,,,,,,,
202507,26,부산광역시,26260,동래구,2104,2박 방문자수,72.4,,,,,,,
202507,26,부산광역시,26260,동래구,2105,3박 방문자수,89.44,,,,,,,
202507,26,부산광역시,26290,남구,2101,타권역 방문자 비중,65.02,,,,,,,
202507,26,부산광역시,26290,남구,2102,숙박 비중,62.85,,,,,,,
202507,26,부산광역시,26290,남구,2103,1박 방문자수,68.06,,,,,,,
202507,26,부산광역시,26290,남구,2104,2박 방문자수,71.19,,,,,,,
202507,26,부산광역시,26290,남구,2105,3박 방문자수,85.75,,,,,,,
202507,26,부산광역시,26320,북구,2101,타권역 방문자 비중,54.57,,,,,,,
202507,26,부산광역시,26320,북구,2102,숙박 비중,62.62,,,,,,,
202507,26,부산광역시,26320,북구,2103,1박 방문자수,63.63,,,,,,,
202507,26,부산광역시,26320,북구,2104,2박 방문자수,67.83,,,,,,,
202507,26,부산광역시,26320,북구,2105,3박 방문자수,81.11,,,,,,,
202507,26,부산광역시,26350,해운대구,2101,타권역 방문자 비중,75.78,,,,,,,
202507,26,부산광역시,26350,해운대구,2102,숙박 비중,72.29,,,,,,,
202507,26,부산광역시,26350,해운대구,2103,1박 방문자수,118.18,,,,,,,
202507,26,부산광역시,26350,해운대구,2104,2박 방문자수,143.32,,,,,,,
202507,26,부산광역시,26350,해운대구,2105,3박 방문자수,123.97,,,,,,,
202507,26,부산광역시,26380,사하구,2101,타권역 방문자 비중,55.06,,,,,,,
202507,26,부산광역시,26380,사하구,2102,숙박 비중,64.52,,,,,,,
202507,26,부산광역시,26380,사하구,2103,1박 방문자수,64.89,,,,,,,
202507,26,부산광역시,26380,사하구,2104,2박 방문자수,68.58,,,,,,,
202507,26,부산광역시,26380,사하구,2105,3박 방문자수,85.58,,,,,,,
202507,26,부산광역시,26410,금정구,2101,타권역 방문자 비중,67.19,,,,,,,
202507,26,부산광역시,26410,금정구,2102,숙박 비중,60.42,,,,,,,
202507,26,부산광역시,26410,금정구,2103,1박 방문자수,63.87,,,,,,,
202507,26,부산광역시,26410,금정구,2104,2박 방문자수,67.96,,,,,,,
202507,26,부산광역시,26410,금정구,2105,3박 방문자수,82.25,,,,,,,
202507,26,부산광역시,26440,강서구,2101,타권역 방문자 비중,90.85,,,,,,,
202507,26,부산광역시,26440,강서구,2102,숙박 비중,55.57,,,,,,,
202507,26,부산광역시,26440,강서구,2103,1박 방문자수,65.66,,,,,,,
202507,26,부산광역시,26440,강서구,2104,2박 방문자수,66.47,,,,,,,
202507,26,부산광역시,26440,강서구,2105,3박 방문자수,77.72,,,,,,,
202507,26,부산광역시,26470,연제구,2101,타권역 방문자 비중,88.52,,,,,,,
202507,26,부산광역시,26470,연제구,2102,숙박 비중,59.76,,,,,,,
202507,26,부산광역시,26470,연제구,2103,1박 방문자수,65.89,,,,,,,
202507,26,부산광역시,26470,연제구,2104,2박 방문자수,68.66,,,,,,,
202507,26,부산광역시,26470,연제구,2105,3박 방문자수,81.63,,,,,,,
202507,26,부산광역시,26500,수영구,2101,타권역 방문자 비중,88.51,,,,,,,
202507,26,부산광역시,26500,수영구,2102,숙박 비중,65.57,,,,,,,
202507,26,부산광역시,26500,수영구,2103,1박 방문자수,82.94,,,,,,,
202507,26,부산광역시,26500,수영구,2104,2박 방문자수,87.53,,,,,,,
202507,26,부산광역시,26500,수영구,2105,3박 방문자수,83.17,,,,,,,
202507,26,부산광역시,26530,사상구,2101,타권역 방문자 비중,75.6,,,,,,,
202507,26,부산광역시,26530,사상구,2102,숙박 비중,60.5,,,,,,,
202507,26,부산광역시,26530,사상구,2103,1박 방문자수,65.17,,,,,,,
202507,26,부산광역시,26530,사상구,2104,2박 방문자수,67.12,,,,,,,
202507,26,부산광역시,26530,사상구,2105,3박 방문자수,77.46,,,,,,,
202507,26,부산광역시,26710,기장군,2101,타권역 방문자 비중,84.58,,,,,,,
202507,26,부산광역시,26710,기장군,2102,숙박 비중,60.93,,,,,,,
202507,26,부산광역시,26710,기장군,2103,1박 방문자수,74.11,,,,,,,
202507,26,부산광역시,26710,기장군,2104,2박 방문자수,74.97,,,,,,,
202507,26,부산광역시,26710,기장군,2105,3박 방문자수,78.5,,,,,,,
202508,26,부산광역시,26110,중구,2101,타권역 방문자 비중,115.9,,,,,,,
202508,26,부산광역시,26110,중구,2102,숙박 비중,56.41,,,,,,,
202508,26,부산광역시,26110,중구,2103,1박 방문자수,68.15,,,,,,,
202508,26,부산광역시,26110,중구,2104,2박 방문자수,69.21,,,,,,,
202508,26,부산광역시,26110,중구,2105,3박 방문자수,67.77,,,,,,,
202508,26,부산광역시,26140,서구,2101,타권역 방문자 비중,85.79,,,,,,,
202508,26,부산광역시,26140,서구,2102,숙박 비중,65.09,,,,,,,
202508,26,부산광역시,26140,서구,2103,1박 방문자수,64.95,,,,,,,
202508,26,부산광역시,26140,서구,2104,2박 방문자수,70.56,,,,,,,
202508,26,부산광역시,26140,서구,2105,3박 방문자수,73.52,,,,,,,
202508,26,부산광역시,26170,동구,2101,타권역 방문자 비중,111.28,,,,,,,
202508,26,부산광역시,26170,동구,2102,숙박 비중,56.39,,,,,,,
202508,26,부산광역시,26170,동구,2103,1박 방문자수,68.87,,,,,,,
202508,26,부산광역시,26170,동구,2104,2박 방문자수,70.65,,,,,,,
202508,26,부산광역시,26170,동구,2105,3박 방문자수,69.04,,,,,,,
202508,26,부산광역시,26200,영도구,2101,타권역 방문자 비중,76.74,,,,,,,
202508,26,부산광역시,26200,영도구,2102,숙박 비중,61.44,,,,,,,
202508,26,부산광역시,26200,영도구,2103,1박 방문자수,61.45,,,,,,,
202508,26,부산광역시,26200,영도구,2104,2박 방문자수,65.07,,,,,,,
202508,26,부산광역시,26200,영도구,2105,3박 방문자수,68.64,,,,,,,
202508,26,부산광역시,26230,부산진구,2101,타권역 방문자 비중,81.51,,,,,,,
202508,26,부산광역시,26230,부산진구,2102,숙박 비중,62.27,,,,,,,
202508,26,부산광역시,26230,부산진구,2103,1박 방문자수,97.98,,,,,,,
202508,26,부산광역시,26230,부산진구,2104,2박 방문자수,95.09,,,,,,,
202508,26,부산광역시,26230,부산진구,2105,3박 방문자수,106.84,,,,,,,
202508,26,부산광역시,26260,동래구,2101,타권역 방문자 비중,74.27,,,,,,,
202508,26,부산광역시,26260,동래구,2102,숙박 비중,59.82,,,,,,,
202508,26,부산광역시,26260,동래구,2103,1박 방문자수,70.96,,,,,,,
202508,26,부산광역시,26260,동래구,2104,2박 방문자수,74.44,,,,,,,
202508,26,부산광역시,26260,동래구,2105,3박 방문자수,86.91,,,,,,,
202508,26,부산광역시,26290,남구,2101,타권역 방문자 비중,65.73,,,,,,,
202508,26,부산광역시,26290,남구,2102,숙박 비중,64.37,,,,,,,
202508,26,부산광역시,26290,남구,2103,1박 방문자수,69.81,,,,,,,
202508,26,부산광역시,26290,남구,2104,2박 방문자수,74.05,,,,,,,
202508,26,부산광역시,26290,남구,2105,3박 방문자수,86.26,,,,,,,
202508,26,부산광역시,26320,북구,2101,타권역 방문자 비중,54.93,,,,,,,
202508,26,부산광역시,26320,북구,2102,숙박 비중,63.7,,,,,,,
202508,26,부산광역시,26320,북구,2103,1박 방문자수,65,,,,,,,
202508,26,부산광역시,26320,북구,2104,2박 방문자수,69.63,,,,,,,
202508,26,부산광역시,26320,북구,2105,3박 방문자수,79.85,,,,,,,
202508,26,부산광역시,26350,해운대구,2101,타권역 방문자 비중,78.25,,,,,,,
202508,26,부산광역시,26350,해운대구,2102,숙박 비중,73.68,,,,,,,
202508,26,부산광역시,26350,해운대구,2103,1박 방문자수,126.11,,,,,,,
202508,26,부산광역시,26350,해운대구,2104,2박 방문자수,159.8,,,,,,,
202508,26,부산광역시,26350,해운대구,2105,3박 방문자수,122.83,,,,,,,
202508,26,부산광역시,26380,사하구,2101,타권역 방문자 비중,56.3,,,,,,,
202508,26,부산광역시,26380,사하구,2102,숙박 비중,65.07,,,,,,,
202508,26,부산광역시,26380,사하구,2103,1박 방문자수,66.19,,,,,,,
202508,26,부산광역시,26380,사하구,2104,2박 방문자수,70.84,,,,,,,
202508,26,부산광역시,26380,사하구,2105,3박 방문자수,83.32,,,,,,,
202508,26,부산광역시,26410,금정구,2101,타권역 방문자 비중,68.59,,,,,,,
202508,26,부산광역시,26410,금정구,2102,숙박 비중,60.67,,,,,,,
202508,26,부산광역시,26410,금정구,2103,1박 방문자수,64.39,,,,,,,
202508,26,부산광역시,26410,금정구,2104,2박 방문자수,69.06,,,,,,,
202508,26,부산광역시,26410,금정구,2105,3박 방문자수,79.87,,,,,,,
202508,26,부산광역시,26440,강서구,2101,타권역 방문자 비중,91.98,,,,,,,
202508,26,부산광역시,26440,강서구,2102,숙박 비중,55.79,,,,,,,
202508,26,부산광역시,26440,강서구,2103,1박 방문자수,66.87,,,,,,,
202508,26,부산광역시,26440,강서구,2104,2박 방문자수,67.84,,,,,,,
202508,26,부산광역시,26440,강서구,2105,3박 방문자수,75.94,,,,,,,
202508,26,부산광역시,26470,연제구,2101,타권역 방문자 비중,88.46,,,,,,,
202508,26,부산광역시,26470,연제구,2102,숙박 비중,60.83,,,,,,,
202508,26,부산광역시,26470,연제구,2103,1박 방문자수,67.52,,,,,,,
202508,26,부산광역시,26470,연제구,2104,2박 방문자수,69.99,,,,,,,
202508,26,부산광역시,26470,연제구,2105,3박 방문자수,80.91,,,,,,,
202508,26,부산광역시,26500,수영구,2101,타권역 방문자 비중,91.31,,,,,,,
202508,26,부산광역시,26500,수영구,2102,숙박 비중,66.26,,,,,,,
202508,26,부산광역시,26500,수영구,2103,1박 방문자수,87.05,,,,,,,
202508,26,부산광역시,26500,수영구,2104,2박 방문자수,93.28,,,,,,,
202508,26,부산광역시,26500,수영구,2105,3박 방문자수,83.05,,,,,,,
202508,26,부산광역시,26530,사상구,2101,타권역 방문자 비중,76.16,,,,,,,
202508,26,부산광역시,26530,사상구,2102,숙박 비중,61.87,,,,,,,
202508,26,부산광역시,26530,사상구,2103,1박 방문자수,66.75,,,,,,,
202508,26,부산광역시,26530,사상구,2104,2박 방문자수,69.18,,,,,,,
202508,26,부산광역시,26530,사상구,2105,3박 방문자수,77.03,,,,,,,
202508,26,부산광역시,26710,기장군,2101,타권역 방문자 비중,88.25,,,,,,,
202508,26,부산광역시,26710,기장군,2102,숙박 비중,61.45,,,,,,,
202508,26,부산광역시,26710,기장군,2103,1박 방문자수,78.3,,,,,,,
202508,26,부산광역시,26710,기장군,2104,2박 방문자수,79.62,,,,,,,
202508,26,부산광역시,26710,기장군,2105,3박 방문자수,77.18,,,,,,,
202509,26,부산광역시,26110,중구,2101,타권역 방문자 비중,114.04,,,,,,,
202509,26,부산광역시,26110,중구,2102,숙박 비중,54.77,,,,,,,
202509,26,부산광역시,26110,중구,2103,1박 방문자수,64.63,,,,,,,
202509,26,부산광역시,26110,중구,2104,2박 방문자수,65.73,,,,,,,
202509,26,부산광역시,26110,중구,2105,3박 방문자수,68.59,,,,,,,
202509,26,부산광역시,26140,서구,2101,타권역 방문자 비중,85.64,,,,,,,
202509,26,부산광역시,26140,서구,2102,숙박 비중,61.5,,,,,,,
202509,26,부산광역시,26140,서구,2103,1박 방문자수,62.47,,,,,,,
202509,26,부산광역시,26140,서구,2104,2박 방문자수,66.37,,,,,,,
202509,26,부산광역시,26140,서구,2105,3박 방문자수,73.31,,,,,,,
202509,26,부산광역시,26170,동구,2101,타권역 방문자 비중,105.7,,,,,,,
202509,26,부산광역시,26170,동구,2102,숙박 비중,55.55,,,,,,,
202509,26,부산광역시,26170,동구,2103,1박 방문자수,64.72,,,,,,,
202509,26,부산광역시,26170,동구,2104,2박 방문자수,65.93,,,,,,,
202509,26,부산광역시,26170,동구,2105,3박 방문자수,68.71,,,,,,,
202509,26,부산광역시,26200,영도구,2101,타권역 방문자 비중,75.28,,,,,,,
202509,26,부산광역시,26200,영도구,2102,숙박 비중,59.99,,,,,,,
202509,26,부산광역시,26200,영도구,2103,1박 방문자수,59.14,,,,,,,
202509,26,부산광역시,26200,영도구,2104,2박 방문자수,63.01,,,,,,,
202509,26,부산광역시,26200,영도구,2105,3박 방문자수,71.75,,,,,,,
202509,26,부산광역시,26230,부산진구,2101,타권역 방문자 비중,80.17,,,,,,,
202509,26,부산광역시,26230,부산진구,2102,숙박 비중,59.49,,,,,,,
202509,26,부산광역시,26230,부산진구,2103,1박 방문자수,87.41,,,,,,,
202509,26,부산광역시,26230,부산진구,2104,2박 방문자수,83.63,,,,,,,
202509,26,부산광역시,26230,부산진구,2105,3박 방문자수,106.54,,,,,,,
202509,26,부산광역시,26260,동래구,2101,타권역 방문자 비중,71.69,,,,,,,
202509,26,부산광역시,26260,동래구,2102,숙박 비중,58.44,,,,,,,
202509,26,부산광역시,26260,동래구,2103,1박 방문자수,67.67,,,,,,,
202509,26,부산광역시,26260,동래구,2104,2박 방문자수,69.91,,,,,,,
202509,26,부산광역시,26260,동래구,2105,3박 방문자수,83.4,,,,,,,
202509,26,부산광역시,26290,남구,2101,타권역 방문자 비중,68.11,,,,,,,
202509,26,부산광역시,26290,남구,2102,숙박 비중,61.61,,,,,,,
202509,26,부산광역시,26290,남구,2103,1박 방문자수,67.2,,,,,,,
202509,26,부산광역시,26290,남구,2104,2박 방문자수,70.18,,,,,,,
202509,26,부산광역시,26290,남구,2105,3박 방문자수,90.9,,,,,,,
202509,26,부산광역시,26320,북구,2101,타권역 방문자 비중,53.92,,,,,,,
202509,26,부산광역시,26320,북구,2102,숙박 비중,60.63,,,,,,,
202509,26,부산광역시,26320,북구,2103,1박 방문자수,61.95,,,,,,,
202509,26,부산광역시,26320,북구,2104,2박 방문자수,66.17,,,,,,,
202509,26,부산광역시,26320,북구,2105,3박 방문자수,76.88,,,,,,,
202509,26,부산광역시,26350,해운대구,2101,타권역 방문자 비중,72.04,,,,,,,
202509,26,부산광역시,26350,해운대구,2102,숙박 비중,68.13,,,,,,,
202509,26,부산광역시,26350,해운대구,2103,1박 방문자수,104.73,,,,,,,
202509,26,부산광역시,26350,해운대구,2104,2박 방문자수,113.77,,,,,,,
202509,26,부산광역시,26350,해운대구,2105,3박 방문자수,109.35,,,,,,,
202509,26,부산광역시,26380,사하구,2101,타권역 방문자 비중,55.54,,,,,,,
202509,26,부산광역시,26380,사하구,2102,숙박 비중,62.47,,,,,,,
202509,26,부산광역시,26380,사하구,2103,1박 방문자수,63.47,,,,,,,
202509,26,부산광역시,26380,사하구,2104,2박 방문자수,67.08,,,,,,,
202509,26,부산광역시,26380,사하구,2105,3박 방문자수,83.35,,,,,,,
202509,26,부산광역시,26410,금정구,2101,타권역 방문자 비중,71.91,,,,,,,
202509,26,부산광역시,26410,금정구,2102,숙박 비중,58.51,,,,,,,
202509,26,부산광역시,26410,금정구,2103,1박 방문자수,62.11,,,,,,,
202509,26,부산광역시,26410,금정구,2104,2박 방문자수,66.65,,,,,,,
202509,26,부산광역시,26410,금정구,2105,3박 방문자수,86.68,,,,,,,
202509,26,부산광역시,26440,강서구,2101,타권역 방문자 비중,89.05,,,,,,,
202509,26,부산광역시,26440,강서구,2102,숙박 비중,54.41,,,,,,,
202509,26,부산광역시,26440,강서구,2103,1박 방문자수,64.52,,,,,,,
202509,26,부산광역시,26440,강서구,2104,2박 방문자수,64.96,,,,,,,
202509,26,부산광역시,26440,강서구,2105,3박 방문자수,73.8,,,,,,,
202509,26,부산광역시,26470,연제구,2101,타권역 방문자 비중,86,,,,,,,
202509,26,부산광역시,26470,연제구,2102,숙박 비중,58.46,,,,,,,
202509,26,부산광역시,26470,연제구,2103,1박 방문자수,64.07,,,,,,,
202509,26,부산광역시,26470,연제구,2104,2박 방문자수,66.28,,,,,,,
202509,26,부산광역시,26470,연제구,2105,3박 방문자수,77.58,,,,,,,
202509,26,부산광역시,26500,수영구,2101,타권역 방문자 비중,84.84,,,,,,,
202509,26,부산광역시,26500,수영구,2102,숙박 비중,62.76,,,,,,,
202509,26,부산광역시,26500,수영구,2103,1박 방문자수,76.57,,,,,,,
202509,26,부산광역시,26500,수영구,2104,2박 방문자수,78.39,,,,,,,
202509,26,부산광역시,26500,수영구,2105,3박 방문자수,79.5,,,,,,,
202509,26,부산광역시,26530,사상구,2101,타권역 방문자 비중,79.64,,,,,,,
202509,26,부산광역시,26530,사상구,2102,숙박 비중,58.86,,,,,,,
202509,26,부산광역시,26530,사상구,2103,1박 방문자수,64.61,,,,,,,
202509,26,부산광역시,26530,사상구,2104,2박 방문자수,66.99,,,,,,,
202509,26,부산광역시,26530,사상구,2105,3박 방문자수,79.16,,,,,,,
202509,26,부산광역시,26710,기장군,2101,타권역 방문자 비중,82.05,,,,,,,
202509,26,부산광역시,26710,기장군,2102,숙박 비중,59.33,,,,,,,
202509,26,부산광역시,26710,기장군,2103,1박 방문자수,71.47,,,,,,,
202509,26,부산광역시,26710,기장군,2104,2박 방문자수,70.09,,,,,,,
202509,26,부산광역시,26710,기장군,2105,3박 방문자수,74.84,,,,,,,
202510,26,부산광역시,26110,중구,2101,타권역 방문자 비중,117.28,,,,,,,
202510,26,부산광역시,26110,중구,2102,숙박 비중,55.92,,,,,,,
202510,26,부산광역시,26110,중구,2103,1박 방문자수,68.15,,,,,,,
202510,26,부산광역시,26110,중구,2104,2박 방문자수,70.26,,,,,,,
202510,26,부산광역시,26110,중구,2105,3박 방문자수,68.57,,,,,,,
202510,26,부산광역시,26140,서구,2101,타권역 방문자 비중,86.67,,,,,,,
202510,26,부산광역시,26140,서구,2102,숙박 비중,65.24,,,,,,,
202510,26,부산광역시,26140,서구,2103,1박 방문자수,65.28,,,,,,,
202510,26,부산광역시,26140,서구,2104,2박 방문자수,70.96,,,,,,,
202510,26,부산광역시,26140,서구,2105,3박 방문자수,77.1,,,,,,,
202510,26,부산광역시,26170,동구,2101,타권역 방문자 비중,107.92,,,,,,,
202510,26,부산광역시,26170,동구,2102,숙박 비중,57.23,,,,,,,
202510,26,부산광역시,26170,동구,2103,1박 방문자수,67.45,,,,,,,
202510,26,부산광역시,26170,동구,2104,2박 방문자수,70.12,,,,,,,
202510,26,부산광역시,26170,동구,2105,3박 방문자수,71.89,,,,,,,
202510,26,부산광역시,26200,영도구,2101,타권역 방문자 비중,79.82,,,,,,,
202510,26,부산광역시,26200,영도구,2102,숙박 비중,62.62,,,,,,,
202510,26,부산광역시,26200,영도구,2103,1박 방문자수,62.66,,,,,,,
202510,26,부산광역시,26200,영도구,2104,2박 방문자수,67.86,,,,,,,
202510,26,부산광역시,26200,영도구,2105,3박 방문자수,72.89,,,,,,,
202510,26,부산광역시,26230,부산진구,2101,타권역 방문자 비중,81.7,,,,,,,
202510,26,부산광역시,26230,부산진구,2102,숙박 비중,63.06,,,,,,,
202510,26,부산광역시,26230,부산진구,2103,1박 방문자수,98.22,,,,,,,
202510,26,부산광역시,26230,부산진구,2104,2박 방문자수,97.24,,,,,,,
202510,26,부산광역시,26230,부산진구,2105,3박 방문자수,118.95,,,,,,,
202510,26,부산광역시,26260,동래구,2101,타권역 방문자 비중,74.68,,,,,,,
202510,26,부산광역시,26260,동래구,2102,숙박 비중,63.52,,,,,,,
202510,26,부산광역시,26260,동래구,2103,1박 방문자수,74.64,,,,,,,
202510,26,부산광역시,26260,동래구,2104,2박 방문자수,80.45,,,,,,,
202510,26,부산광역시,26260,동래구,2105,3박 방문자수,100.37,,,,,,,
202510,26,부산광역시,26290,남구,2101,타권역 방문자 비중,66.95,,,,,,,
202510,26,부산광역시,26290,남구,2102,숙박 비중,67.04,,,,,,,
202510,26,부산광역시,26290,남구,2103,1박 방문자수,71.78,,,,,,,
202510,26,부산광역시,26290,남구,2104,2박 방문자수,78.59,,,,,,,
202510,26,부산광역시,26290,남구,2105,3박 방문자수,96.08,,,,,,,
202510,26,부산광역시,26320,북구,2101,타권역 방문자 비중,58.02,,,,,,,
202510,26,부산광역시,26320,북구,2102,숙박 비중,68.21,,,,,,,
202510,26,부산광역시,26320,북구,2103,1박 방문자수,68.99,,,,,,,
202510,26,부산광역시,26320,북구,2104,2박 방문자수,75.97,,,,,,,
202510,26,부산광역시,26320,북구,2105,3박 방문자수,93.24,,,,,,,
202510,26,부산광역시,26350,해운대구,2101,타권역 방문자 비중,76.05,,,,,,,
202510,26,부산광역시,26350,해운대구,2102,숙박 비중,73.75,,,,,,,
202510,26,부산광역시,26350,해운대구,2103,1박 방문자수,117.25,,,,,,,
202510,26,부산광역시,26350,해운대구,2104,2박 방문자수,142.91,,,,,,,
202510,26,부산광역시,26350,해운대구,2105,3박 방문자수,141.15,,,,,,,
202510,26,부산광역시,26380,사하구,2101,타권역 방문자 비중,58.7,,,,,,,
202510,26,부산광역시,26380,사하구,2102,숙박 비중,69.67,,,,,,,
202510,26,부산광역시,26380,사하구,2103,1박 방문자수,70.39,,,,,,,
202510,26,부산광역시,26380,사하구,2104,2박 방문자수,76.12,,,,,,,
202510,26,부산광역시,26380,사하구,2105,3박 방문자수,95.67,,,,,,,
202510,26,부산광역시,26410,금정구,2101,타권역 방문자 비중,71.96,,,,,,,
202510,26,부산광역시,26410,금정구,2102,숙박 비중,62.39,,,,,,,
202510,26,부산광역시,26410,금정구,2103,1박 방문자수,66.75,,,,,,,
202510,26,부산광역시,26410,금정구,2104,2박 방문자수,73.33,,,,,,,
202510,26,부산광역시,26410,금정구,2105,3박 방문자수,88.35,,,,,,,
202510,26,부산광역시,26440,강서구,2101,타권역 방문자 비중,93.88,,,,,,,
202510,26,부산광역시,26440,강서구,2102,숙박 비중,56.75,,,,,,,
202510,26,부산광역시,26440,강서구,2103,1박 방문자수,69.32,,,,,,,
202510,26,부산광역시,26440,강서구,2104,2박 방문자수,70.62,,,,,,,
202510,26,부산광역시,26440,강서구,2105,3박 방문자수,81.06,,,,,,,
202510,26,부산광역시,26470,연제구,2101,타권역 방문자 비중,89.57,,,,,,,
202510,26,부산광역시,26470,연제구,2102,숙박 비중,64.01,,,,,,,
202510,26,부산광역시,26470,연제구,2103,1박 방문자수,70.19,,,,,,,
202510,26,부산광역시,26470,연제구,2104,2박 방문자수,75.6,,,,,,,
202510,26,부산광역시,26470,연제구,2105,3박 방문자수,90.04,,,,,,,
202510,26,부산광역시,26500,수영구,2101,타권역 방문자 비중,88.65,,,,,,,
202510,26,부산광역시,26500,수영구,2102,숙박 비중,65.95,,,,,,,
202510,26,부산광역시,26500,수영구,2103,1박 방문자수,82.43,,,,,,,
202510,26,부산광역시,26500,수영구,2104,2박 방문자수,87.85,,,,,,,
202510,26,부산광역시,26500,수영구,2105,3박 방문자수,91.55,,,,,,,
202510,26,부산광역시,26530,사상구,2101,타권역 방문자 비중,78.91,,,,,,,
202510,26,부산광역시,26530,사상구,2102,숙박 비중,64.17,,,,,,,
202510,26,부산광역시,26530,사상구,2103,1박 방문자수,69.86,,,,,,,
202510,26,부산광역시,26530,사상구,2104,2박 방문자수,72.93,,,,,,,
202510,26,부산광역시,26530,사상구,2105,3박 방문자수,84.52,,,,,,,
202510,26,부산광역시,26710,기장군,2101,타권역 방문자 비중,90.57,,,,,,,
202510,26,부산광역시,26710,기장군,2102,숙박 비중,60.56,,,,,,,
202510,26,부산광역시,26710,기장군,2103,1박 방문자수,76.73,,,,,,,
202510,26,부산광역시,26710,기장군,2104,2박 방문자수,79.03,,,,,,,
202510,26,부산광역시,26710,기장군,2105,3박 방문자수,85.85,,,,,,,
202511,26,부산광역시,26110,중구,2101,타권역 방문자 비중,114.56,,,,,,,
202511,26,부산광역시,26110,중구,2102,숙박 비중,55.11,,,,,,,
202511,26,부산광역시,26110,중구,2103,1박 방문자수,66.81,,,,,,,
202511,26,부산광역시,26110,중구,2104,2박 방문자수,65.35,,,,,,,
202511,26,부산광역시,26110,중구,2105,3박 방문자수,66.29,,,,,,,
202511,26,부산광역시,26140,서구,2101,타권역 방문자 비중,83.39,,,,,,,
202511,26,부산광역시,26140,서구,2102,숙박 비중,61.67,,,,,,,
202511,26,부산광역시,26140,서구,2103,1박 방문자수,63.05,,,,,,,
202511,26,부산광역시,26140,서구,2104,2박 방문자수,65.37,,,,,,,
202511,26,부산광역시,26140,서구,2105,3박 방문자수,70.5,,,,,,,
202511,26,부산광역시,26170,동구,2101,타권역 방문자 비중,107.49,,,,,,,
202511,26,부산광역시,26170,동구,2102,숙박 비중,55.32,,,,,,,
202511,26,부산광역시,26170,동구,2103,1박 방문자수,65.67,,,,,,,
202511,26,부산광역시,26170,동구,2104,2박 방문자수,65.5,,,,,,,
202511,26,부산광역시,26170,동구,2105,3박 방문자수,67.88,,,,,,,
202511,26,부산광역시,26200,영도구,2101,타권역 방문자 비중,73.73,,,,,,,
202511,26,부산광역시,26200,영도구,2102,숙박 비중,58.99,,,,,,,
202511,26,부산광역시,26200,영도구,2103,1박 방문자수,59.72,,,,,,,
202511,26,부산광역시,26200,영도구,2104,2박 방문자수,62.37,,,,,,,
202511,26,부산광역시,26200,영도구,2105,3박 방문자수,66.48,,,,,,,
202511,26,부산광역시,26230,부산진구,2101,타권역 방문자 비중,79.87,,,,,,,
202511,26,부산광역시,26230,부산진구,2102,숙박 비중,59.17,,,,,,,
202511,26,부산광역시,26230,부산진구,2103,1박 방문자수,89,,,,,,,
202511,26,부산광역시,26230,부산진구,2104,2박 방문자수,81.8,,,,,,,
202511,26,부산광역시,26230,부산진구,2105,3박 방문자수,100.02,,,,,,,
202511,26,부산광역시,26260,동래구,2101,타권역 방문자 비중,72.03,,,,,,,
202511,26,부산광역시,26260,동래구,2102,숙박 비중,58.36,,,,,,,
202511,26,부산광역시,26260,동래구,2103,1박 방문자수,68.5,,,,,,,
202511,26,부산광역시,26260,동래구,2104,2박 방문자수,69.91,,,,,,,
202511,26,부산광역시,26260,동래구,2105,3박 방문자수,81.65,,,,,,,
202511,26,부산광역시,26290,남구,2101,타권역 방문자 비중,65.16,,,,,,,
202511,26,부산광역시,26290,남구,2102,숙박 비중,61.32,,,,,,,
202511,26,부산광역시,26290,남구,2103,1박 방문자수,67.9,,,,,,,
202511,26,부산광역시,26290,남구,2104,2박 방문자수,69.16,,,,,,,
202511,26,부산광역시,26290,남구,2105,3박 방문자수,82.74,,,,,,,
202511,26,부산광역시,26320,북구,2101,타권역 방문자 비중,54.77,,,,,,,
202511,26,부산광역시,26320,북구,2102,숙박 비중,60.61,,,,,,,
202511,26,부산광역시,26320,북구,2103,1박 방문자수,63.17,,,,,,,
202511,26,부산광역시,26320,북구,2104,2박 방문자수,65.66,,,,,,,
202511,26,부산광역시,26320,북구,2105,3박 방문자수,75.51,,,,,,,
202511,26,부산광역시,26350,해운대구,2101,타권역 방문자 비중,73.61,,,,,,,
202511,26,부산광역시,26350,해운대구,2102,숙박 비중,69.34,,,,,,,
202511,26,부산광역시,26350,해운대구,2103,1박 방문자수,113.95,,,,,,,
202511,26,부산광역시,26350,해운대구,2104,2박 방문자수,111.83,,,,,,,
202511,26,부산광역시,26350,해운대구,2105,3박 방문자수,108.8,,,,,,,
202511,26,부산광역시,26380,사하구,2101,타권역 방문자 비중,54.21,,,,,,,
202511,26,부산광역시,26380,사하구,2102,숙박 비중,62.61,,,,,,,
202511,26,부산광역시,26380,사하구,2103,1박 방문자수,64.25,,,,,,,
202511,26,부산광역시,26380,사하구,2104,2박 방문자수,66.3,,,,,,,
202511,26,부산광역시,26380,사하구,2105,3박 방문자수,80.12,,,,,,,
202511,26,부산광역시,26410,금정구,2101,타권역 방문자 비중,68.54,,,,,,,
202511,26,부산광역시,26410,금정구,2102,숙박 비중,57.28,,,,,,,
202511,26,부산광역시,26410,금정구,2103,1박 방문자수,62.56,,,,,,,
202511,26,부산광역시,26410,금정구,2104,2박 방문자수,65.52,,,,,,,
202511,26,부산광역시,26410,금정구,2105,3박 방문자수,76.03,,,,,,,
202511,26,부산광역시,26440,강서구,2101,타권역 방문자 비중,90.39,,,,,,,
202511,26,부산광역시,26440,강서구,2102,숙박 비중,54.59,,,,,,,
202511,26,부산광역시,26440,강서구,2103,1박 방문자수,65.45,,,,,,,
202511,26,부산광역시,26440,강서구,2104,2박 방문자수,65.18,,,,,,,
202511,26,부산광역시,26440,강서구,2105,3박 방문자수,74.72,,,,,,,
202511,26,부산광역시,26470,연제구,2101,타권역 방문자 비중,87.17,,,,,,,
202511,26,부산광역시,26470,연제구,2102,숙박 비중,59.05,,,,,,,
202511,26,부산광역시,26470,연제구,2103,1박 방문자수,65.72,,,,,,,
202511,26,부산광역시,26470,연제구,2104,2박 방문자수,66.82,,,,,,,
202511,26,부산광역시,26470,연제구,2105,3박 방문자수,78.05,,,,,,,
202511,26,부산광역시,26500,수영구,2101,타권역 방문자 비중,86.44,,,,,,,
202511,26,부산광역시,26500,수영구,2102,숙박 비중,63.02,,,,,,,
202511,26,부산광역시,26500,수영구,2103,1박 방문자수,79.28,,,,,,,
202511,26,부산광역시,26500,수영구,2104,2박 방문자수,77.88,,,,,,,
202511,26,부산광역시,26500,수영구,2105,3박 방문자수,78.19,,,,,,,
202511,26,부산광역시,26530,사상구,2101,타권역 방문자 비중,76.75,,,,,,,
202511,26,부산광역시,26530,사상구,2102,숙박 비중,59.11,,,,,,,
202511,26,부산광역시,26530,사상구,2103,1박 방문자수,65.29,,,,,,,
202511,26,부산광역시,26530,사상구,2104,2박 방문자수,65.3,,,,,,,
202511,26,부산광역시,26530,사상구,2105,3박 방문자수,74.98,,,,,,,
202511,26,부산광역시,26710,기장군,2101,타권역 방문자 비중,84.79,,,,,,,
202511,26,부산광역시,26710,기장군,2102,숙박 비중,58.79,,,,,,,
202511,26,부산광역시,26710,기장군,2103,1박 방문자수,72.82,,,,,,,
202511,26,부산광역시,26710,기장군,2104,2박 방문자수,68.6,,,,,,,
202511,26,부산광역시,26710,기장군,2105,3박 방문자수,75.01,,,,,,,
202512,26,부산광역시,26110,중구,2101,타권역 방문자 비중,116.18,,,,,,,
202512,26,부산광역시,26110,중구,2102,숙박 비중,55.2,,,,,,,
202512,26,부산광역시,26110,중구,2103,1박 방문자수,67.88,,,,,,,
202512,26,부산광역시,26110,중구,2104,2박 방문자수,66.2,,,,,,,
202512,26,부산광역시,26110,중구,2105,3박 방문자수,66.4,,,,,,,
202512,26,부산광역시,26140,서구,2101,타권역 방문자 비중,82.73,,,,,,,
202512,26,부산광역시,26140,서구,2102,숙박 비중,63.51,,,,,,,
202512,26,부산광역시,26140,서구,2103,1박 방문자수,64.13,,,,,,,
202512,26,부산광역시,26140,서구,2104,2박 방문자수,66.63,,,,,,,
202512,26,부산광역시,26140,서구,2105,3박 방문자수,71.87,,,,,,,
202512,26,부산광역시,26170,동구,2101,타권역 방문자 비중,107.32,,,,,,,
202512,26,부산광역시,26170,동구,2102,숙박 비중,56.55,,,,,,,
202512,26,부산광역시,26170,동구,2103,1박 방문자수,67.24,,,,,,,
202512,26,부산광역시,26170,동구,2104,2박 방문자수,67.33,,,,,,,
202512,26,부산광역시,26170,동구,2105,3박 방문자수,69.19,,,,,,,
202512,26,부산광역시,26200,영도구,2101,타권역 방문자 비중,73.71,,,,,,,
202512,26,부산광역시,26200,영도구,2102,숙박 비중,59.54,,,,,,,
202512,26,부산광역시,26200,영도구,2103,1박 방문자수,60.2,,,,,,,
202512,26,부산광역시,26200,영도구,2104,2박 방문자수,62.85,,,,,,,
202512,26,부산광역시,26200,영도구,2105,3박 방문자수,66.12,,,,,,,
202512,26,부산광역시,26230,부산진구,2101,타권역 방문자 비중,81.71,,,,,,,
202512,26,부산광역시,26230,부산진구,2102,숙박 비중,60.55,,,,,,,
202512,26,부산광역시,26230,부산진구,2103,1박 방문자수,95.75,,,,,,,
202512,26,부산광역시,26230,부산진구,2104,2박 방문자수,86.82,,,,,,,
202512,26,부산광역시,26230,부산진구,2105,3박 방문자수,106.47,,,,,,,
202512,26,부산광역시,26260,동래구,2101,타권역 방문자 비중,72.9,,,,,,,
202512,26,부산광역시,26260,동래구,2102,숙박 비중,60.04,,,,,,,
202512,26,부산광역시,26260,동래구,2103,1박 방문자수,72.08,,,,,,,
202512,26,부산광역시,26260,동래구,2104,2박 방문자수,73.04,,,,,,,
202512,26,부산광역시,26260,동래구,2105,3박 방문자수,86.8,,,,,,,
202512,26,부산광역시,26290,남구,2101,타권역 방문자 비중,65.78,,,,,,,
202512,26,부산광역시,26290,남구,2102,숙박 비중,64.07,,,,,,,
202512,26,부산광역시,26290,남구,2103,1박 방문자수,70.64,,,,,,,
202512,26,부산광역시,26290,남구,2104,2박 방문자수,72.29,,,,,,,
202512,26,부산광역시,26290,남구,2105,3박 방문자수,89.02,,,,,,,
202512,26,부산광역시,26320,북구,2101,타권역 방문자 비중,54.03,,,,,,,
202512,26,부산광역시,26320,북구,2102,숙박 비중,63.41,,,,,,,
202512,26,부산광역시,26320,북구,2103,1박 방문자수,64.99,,,,,,,
202512,26,부산광역시,26320,북구,2104,2박 방문자수,68.09,,,,,,,
202512,26,부산광역시,26320,북구,2105,3박 방문자수,79.4,,,,,,,
202512,26,부산광역시,26350,해운대구,2101,타권역 방문자 비중,74.93,,,,,,,
202512,26,부산광역시,26350,해운대구,2102,숙박 비중,71.29,,,,,,,
202512,26,부산광역시,26350,해운대구,2103,1박 방문자수,122.6,,,,,,,
202512,26,부산광역시,26350,해운대구,2104,2박 방문자수,122.81,,,,,,,
202512,26,부산광역시,26350,해운대구,2105,3박 방문자수,111.81,,,,,,,
202512,26,부산광역시,26380,사하구,2101,타권역 방문자 비중,53.58,,,,,,,
202512,26,부산광역시,26380,사하구,2102,숙박 비중,64.83,,,,,,,
202512,26,부산광역시,26380,사하구,2103,1박 방문자수,65.66,,,,,,,
202512,26,부산광역시,26380,사하구,2104,2박 방문자수,68.2,,,,,,,
202512,26,부산광역시,26380,사하구,2105,3박 방문자수,81.45,,,,,,,
202512,26,부산광역시,26410,금정구,2101,타권역 방문자 비중,67.08,,,,,,,
202512,26,부산광역시,26410,금정구,2102,숙박 비중,59.43,,,,,,,
202512,26,부산광역시,26410,금정구,2103,1박 방문자수,63.71,,,,,,,
202512,26,부산광역시,26410,금정구,2104,2박 방문자수,67.03,,,,,,,
202512,26,부산광역시,26410,금정구,2105,3박 방문자수,78.99,,,,,,,
202512,26,부산광역시,26440,강서구,2101,타권역 방문자 비중,89.86,,,,,,,
202512,26,부산광역시,26440,강서구,2102,숙박 비중,55.41,,,,,,,
202512,26,부산광역시,26440,강서구,2103,1박 방문자수,66.45,,,,,,,
202512,26,부산광역시,26440,강서구,2104,2박 방문자수,66.47,,,,,,,
202512,26,부산광역시,26440,강서구,2105,3박 방문자수,75.35,,,,,,,
202512,26,부산광역시,26470,연제구,2101,타권역 방문자 비중,87.44,,,,,,,
202512,26,부산광역시,26470,연제구,2102,숙박 비중,60.11,,,,,,,
202512,26,부산광역시,26470,연제구,2103,1박 방문자수,67.11,,,,,,,
202512,26,부산광역시,26470,연제구,2104,2박 방문자수,68.61,,,,,,,
202512,26,부산광역시,26470,연제구,2105,3박 방문자수,79.43,,,,,,,
202512,26,부산광역시,26500,수영구,2101,타권역 방문자 비중,85.88,,,,,,,
202512,26,부산광역시,26500,수영구,2102,숙박 비중,65.15,,,,,,,
202512,26,부산광역시,26500,수영구,2103,1박 방문자수,82.38,,,,,,,
202512,26,부산광역시,26500,수영구,2104,2박 방문자수,81.09,,,,,,,
202512,26,부산광역시,26500,수영구,2105,3박 방문자수,81.39,,,,,,,
202512,26,부산광역시,26530,사상구,2101,타권역 방문자 비중,76.48,,,,,,,
202512,26,부산광역시,26530,사상구,2102,숙박 비중,60.71,,,,,,,
202512,26,부산광역시,26530,사상구,2103,1박 방문자수,66.4,,,,,,,
202512,26,부산광역시,26530,사상구,2104,2박 방문자수,66.8,,,,,,,
202512,26,부산광역시,26530,사상구,2105,3박 방문자수,76.64,,,,,,,
202512,26,부산광역시,26710,기장군,2101,타권역 방문자 비중,83.02,,,,,,,
202512,26,부산광역시,26710,기장군,2102,숙박 비중,61.1,,,,,,,
202512,26,부산광역시,26710,기장군,2103,1박 방문자수,76.03,,,,,,,
202512,26,부산광역시,26710,기장군,2104,2박 방문자수,71.31,,,,,,,
202512,26,부산광역시,26710,기장군,2105,3박 방문자수,75.72,,,,,,,
202601,26,부산광역시,26110,중구,2101,타권역 방문자 비중,113.96,,,,,,,
202601,26,부산광역시,26110,중구,2102,숙박 비중,55.73,,,,,,,
202601,26,부산광역시,26110,중구,2103,1박 방문자수,66.96,,,,,,,
202601,26,부산광역시,26110,중구,2104,2박 방문자수,65.96,,,,,,,
202601,26,부산광역시,26110,중구,2105,3박 방문자수,66.57,,,,,,,
202601,26,부산광역시,26140,서구,2101,타권역 방문자 비중,82.51,,,,,,,
202601,26,부산광역시,26140,서구,2102,숙박 비중,63.25,,,,,,,
202601,26,부산광역시,26140,서구,2103,1박 방문자수,63.16,,,,,,,
202601,26,부산광역시,26140,서구,2104,2박 방문자수,66.34,,,,,,,
202601,26,부산광역시,26140,서구,2105,3박 방문자수,71.14,,,,,,,
202601,26,부산광역시,26170,동구,2101,타권역 방문자 비중,106.56,,,,,,,
202601,26,부산광역시,26170,동구,2102,숙박 비중,56.35,,,,,,,
202601,26,부산광역시,26170,동구,2103,1박 방문자수,66.32,,,,,,,
202601,26,부산광역시,26170,동구,2104,2박 방문자수,67.01,,,,,,,
202601,26,부산광역시,26170,동구,2105,3박 방문자수,68.8,,,,,,,
202601,26,부산광역시,26200,영도구,2101,타권역 방문자 비중,74.66,,,,,,,
202601,26,부산광역시,26200,영도구,2102,숙박 비중,59.2,,,,,,,
202601,26,부산광역시,26200,영도구,2103,1박 방문자수,59.12,,,,,,,
202601,26,부산광역시,26200,영도구,2104,2박 방문자수,62.76,,,,,,,
202601,26,부산광역시,26200,영도구,2105,3박 방문자수,66.82,,,,,,,
202601,26,부산광역시,26230,부산진구,2101,타권역 방문자 비중,80.73,,,,,,,
202601,26,부산광역시,26230,부산진구,2102,숙박 비중,60.37,,,,,,,
202601,26,부산광역시,26230,부산진구,2103,1박 방문자수,92.48,,,,,,,
202601,26,부산광역시,26230,부산진구,2104,2박 방문자수,85.5,,,,,,,
202601,26,부산광역시,26230,부산진구,2105,3박 방문자수,104.19,,,,,,,
202601,26,부산광역시,26260,동래구,2101,타권역 방문자 비중,72.22,,,,,,,
202601,26,부산광역시,26260,동래구,2102,숙박 비중,59.8,,,,,,,
202601,26,부산광역시,26260,동래구,2103,1박 방문자수,69.83,,,,,,,
202601,26,부산광역시,26260,동래구,2104,2박 방문자수,72.2,,,,,,,
202601,26,부산광역시,26260,동래구,2105,3박 방문자수,87.01,,,,,,,
202601,26,부산광역시,26290,남구,2101,타권역 방문자 비중,65.36,,,,,,,
202601,26,부산광역시,26290,남구,2102,숙박 비중,63.59,,,,,,,
202601,26,부산광역시,26290,남구,2103,1박 방문자수,68.51,,,,,,,
202601,26,부산광역시,26290,남구,2104,2박 방문자수,71.25,,,,,,,
202601,26,부산광역시,26290,남구,2105,3박 방문자수,87.26,,,,,,,
