기준연월,시도명,관광총소비_소비금액(만원),제과음료업_소비금액(만원),일반외식업_소비금액(만원),뷰티_소비금액(만원),문화서비스_소비금액(만원),기타레저_소비금액(만원),골프장_소비금액(만원),기타관광쇼핑_소비금액(만원),레저용품쇼핑_소비금액(만원),대형쇼핑몰_소비금액(만원),면세점_소비금액(만원),수상운송_소비금액(만원),육상운송_소비금액(만원),여행업_소비금액(만원),기타숙박_소비금액(만원),캠핑장/펜션_소비금액(만원),호텔_소비금액(만원),렌터카_소비금액(만원),관광유원시설_소비금액(만원),콘도_소비금액(만원),항공운송_소비금액(만원)
202301,부산광역시,82675375.2,2815834.9,18965276.6,1362274.9,431933.3,670500.3,424275.2,16590914.1,887364.2,25911141.1,307511.7,58581.5,11273808.9,99586.7,732592,8499.1,1488080.8,38996.1,154091.6,933.7,453178.5
202302,부산광역시,74452073.2,2631605.4,18053150.9,1283959.1,354590.6,611491.1,479781.6,13199312.3,785078.4,22818271.6,291655.8,78611.3,10300758.5,147438.4,831329.2,9791.6,1451903,48851.7,175832.2,1171.8,897488.5
202303,부산광역시,80436465,2792621.3,18637976.4,1523178.1,365138.2,611579.6,673657.9,15820321.2,1109484.8,24368241.9,272071.9,91000.8,11236007.8,108005.4,780651.8,8460.7,1093238.3,40387.8,98276.7,431.5,805732.9
202304,부산광역시,79768732.1,2869988.4,19005614.3,1362327.1,360823.6,614856.2,689455.3,14915842.6,1125409.6,24786735.7,252987.3,139091,10825722.3,95562.8,862780.4,8375,1167491.4,34925.8,136484.9,511.2,513747.1
202305,부산광역시,82578737.8,3031012.2,20233412.6,1456109.9,438969.1,663542.6,701352.5,15852051.1,1063442.2,24724860.2,284302.6,134808.8,10804681.9,120352.6,904249.7,9912.2,1402037,40578.4,151605.6,559.6,560896.8
202306,부산광역시,78061896.2,2962431.8,19024381.8,1536743.8,483504.6,652423.1,712104.3,15423628.3,998834.3,22541352,314999.3,128971.9,10184165.6,129980.1,795806.2,6939.1,1331821.2,33670.1,141147.8,1552.4,657438.6
202307,부산광역시,81970055.9,3141982.9,20331325,1502688.9,504067,716658,600687.8,16087580.6,904027.3,23408871.5,381098,101675.4,10528942.8,137815.7,918054.6,7991.7,1772429.3,33366.3,128585.5,1760.5,760447.2
202308,부산광역시,84147581.8,3341670.4,21161310.9,1443867.9,491452.5,741309.6,619439.8,16912229.3,807027.8,22325495.7,377949.3,125174.4,11744824.6,104199.6,945712.3,10322.3,2031275.7,40436.8,159284.9,1230.9,763367.2
202309,부산광역시,84113281.3,3043054.5,19160038,1480410.8,391511.2,665639.3,672669.7,17943038.3,980551.6,24164834.3,361202.4,108490.4,11881078.7,111571.5,715886.4,7646,1439773.1,38778.6,184627.9,693,761785.5
202310,부산광역시,84737744.3,3049579.4,19671532.9,1465878,389312.3,656426.6,749439.3,15613227.6,1329365.8,26282159.5,349617.8,212383.1,11614749,150121,863447,8049.3,1298860.9,33331.4,199285.4,2756,798222
202311,부산광역시,78835524,2598028.8,17712899.2,1388489.2,358699.3,568696.8,611981.2,14431802.6,1099596.2,25178280.1,369142.3,117097.4,11358466.9,151967.1,769619.9,7902.5,1170339.9,30909.7,107418.3,1016.3,803170.3
202312,부산광역시,90260977.1,3063095.9,22089829.2,1670302.2,578310.6,691655.6,493881.2,16159695.3,1033902.9,28413712.4,427253.9,71809.9,11401527.1,131183.9,902444.3,10396.9,1948659.4,28935.3,138443.1,1817.2,1004120.7
202401,부산광역시,79654158.3,2733742.1,18512509.3,1396895.9,417214.7,608313.5,410975.9,15298433.1,853044.2,24785710.4,405754.2,38168.3,10883696,190236.4,728174.4,8510.6,1450573.2,25093.7,111094.3,809.2,795208.8
202402,부산광역시,78653208.3,2823391.4,18393794.6,1407625,449713.1,649965.9,463891.6,15729349.9,814401.1,23609327.9,567290.8,42854.6,10345924.8,125801.1,783710.8,9738.6,1489926.8,28911.7,123038.6,1252,793297.9
202403,부산광역시,84831970.9,2928496.4,19838139.2,1611705.7,476617.9,670300.9,645585.3,16329352.8,1033215.6,25877196.7,609572.9,63443,11313189.9,166442.3,870838.3,8340.8,1177946.2,28909.3,107137.4,825.3,1074715
202404,부산광역시,78731603.4,2784764,18475559,1384253.3,416055.3,591724.3,619395.3,14863195.8,1046382.3,23729647.3,575821.8,96910.7,10993718.4,143506.5,761682,8136.1,1166850.2,35079.7,123866.4,1543.1,913511.9
202405,부산광역시,86445696.5,3162848.6,21089215.4,1581771.1,464297,664998.1,772602.3,16514059.1,1109906.5,24808377.3,612382.8,92141.5,11744601.6,148643.1,788255.1,9528,1455270.8,36971.2,163007.4,732.1,1226087.6
202406,부산광역시,81494685.4,3026382.1,19925624.4,1573962.1,419432.8,665391.9,738478.1,15590116,988359.1,23394865.7,591234.4,70952.6,11057176.5,102633.2,742089.1,8962.4,1343434.3,43885.7,115756.8,489.3,1095458.9
202407,부산광역시,80811820.4,3113954.5,19871696.4,1550280.1,429455.9,660775.5,618568,15685979.4,876987.2,21681307.6,564293.5,63960.5,11674439.2,205344.1,778720.6,11178.7,1502548.4,56571.1,114240,511.3,1351008.2
202408,부산광역시,85811999.8,3464384.8,21958910.9,1564823.1,521736.1,767979.1,619994,17051207.9,826412.3,21908835.9,614507.3,91571.1,12206677.8,163231,922529.5,11214.4,1776082.2,44970.8,141609.2,462.9,1154859.6
202409,부산광역시,84104080.6,3059875.3,19163714.4,1501127.8,441124.4,686943.1,683182.3,17059448.5,866804.4,25218238.2,540792.6,65281.7,10885778.7,199669.3,689334.5,7286.8,1282800.9,32516.1,140750.5,1511.3,1577899.8
202410,부산광역시,83391189.7,2939677,19405048.4,1495758.1,362073.1,645984.1,735624.9,16210634.5,1094863.5,24651489.3,559227.7,82175.3,11008730.6,185120.9,823915.8,10105.3,1177209.4,34416.5,151448.7,1524.6,1816161.9
202411,부산광역시,81818233.7,2758864,19008091.1,1494239.6,338474.7,603919.5,637370.3,15007612.9,1103121.2,25242551.4,588538.9,66097.7,10790573.4,177121.1,765540,7912.8,1269845.4,26985.9,103732.1,962.4,1826679.1
202412,부산광역시,88087168.4,2958338.6,21240599.2,1675517.5,456190.8,681841.3,505093.4,15777496.2,1047953.3,27185760.2,581000.5,30501.8,11320673.8,173216.6,773384.3,9268.5,1615647.9,26409.2,97309.9,478.5,1930487.1
202501,부산광역시,86198496,2984291.2,19936715.2,1516844.6,386440.5,716635,400123.4,17586555.8,853980.2,27148586,596901,56481.7,10808546.1,158183.7,714766.4,10055.2,1447806,30773.4,98200,604.7,746005.8
202502,부산광역시,73078271.8,2557215.9,17139062.1,1441846.6,312291.1,621743.5,402433.3,14152861.9,733336.6,21136882.1,585517.2,54580.1,10866956.8,187679.6,743044.5,7437.5,1368428.9,27949.5,91713,848.8,646442.9
202503,부산광역시,82100336.4,2891957.4,19248396,1612459.4,333694.9,642476.2,572819.8,16180347.8,991464.3,24392098.5,650470.9,83115.7,11536975.7,137691.2,777483.8,8052.6,1150341.3,37986.2,101130,426.8,750948.1
202504,부산광역시,75544121.6,2804102.7,18039410,1452087.4,310072.5,565677.7,627855,15166044.7,1067895.4,20882521.2,616917.8,133742.1,11337886.6,164233.8,701970.3,6612.8,1021331.3,25137.9,116747.3,980.9,502894.3
202505,부산광역시,88967648.9,3300927.4,22139262.6,1647745.7,421244.2,706134.4,683553,17026852.7,1377772.3,25820036,673285.9,155508.6,11819983.4,156556.3,818534.4,9808.7,1405886.7,46998.8,189584.7,3552.4,564420.9
202506,부산광역시,79123568.8,2948800.7,18804693.7,1523193.4,369824.8,657540.7,619877.9,15461224.1,1103762.3,23509057.7,583275.7,100583.9,10841376.6,127936.8,598762.2,7309.6,1156573,27056.2,97303,1368.1,584048.6
202507,부산광역시,84066103.6,3318320.1,20838571.2,1663350,400697.5,691867,582036.6,16719117.3,1095158.3,22700680.6,608088.2,79304.5,12291417.6,146307.6,796915.3,7968.1,1469712.1,32326.5,96265.4,1106.2,526893.6
202508,부산광역시,87598947.4,3647861.7,23096650.3,1747204.3,386660.2,797167.8,558055.3,17346626.1,1132685.5,22843756.2,593124.1,109987.2,11931004.5,182306.4,940818.6,9013,1657634.7,31083.4,121878.1,571.6,464858.4
202509,부산광역시,80408570,2984579.8,18699667.5,1575850.5,309113.3,582534.9,605593.9,16616919.6,1012558.4,23124437.4,564403.5,71664.7,11641218.9,211230.4,721594.4,4985.3,1094028.9,22455.8,91821.8,255.4,473655.4
202510,부산광역시,93244699.9,3490577,22996276.9,1675708.4,376717.6,781961.9,723231,18633660.2,1337451.5,27284300.5,697753.5,168554.4,11845489.7,147419.2,964318.9,8019.3,1350908.2,36026.5,191178.1,0,535147
202511,부산광역시,89126700.9,2986349,20373706.5,1701123.3,290902,612339.9,677214.3,16714523.6,1204323.5,28186883.2,645276,169975.7,12592208.2,198442.3,829208.4,4531.4,1230532.2,27999.2,97839,0,583323.1
202512,부산광역시,93363777.4,3267410,22725516.5,1998991.1,368173.8,654761.9,504709.6,17122218.7,996874.2,27851809.1,665748.6,69155.2,13298655.2,187803.3,748612.5,5282.1,1772659.6,27530.8,92248.3,0,1005617
202601,부산광역시,91502492.8,3321378.3,21623318.9,1655711.3,297653.5,664431.2,408006.7,17608065.6,904658.3,28131403.3,691447.2,66757.8,12764000.7,168967.6,721237.4,5082,1494318.3,28880.9,93682.8,0,853491
202602,부산광역시,88999593.1,3352540.4,20617184.3,1599622.8,328978.1,696785.5,498321.6,17681322.4,827731.4,27826441.4,680553.5,44552.8,11564975.9,151800.9,689890.4,6032.2,1500813.6,33069.9,116527.6,0,782448.2
202603,부산광역시,88894354.1,3184427.7,20096945.7,1769989.9,338973.3,617298.4,663447.3,17899768.4,1097029.3,24476024.6,637962.1,20731,13909596.7,242226.2,751695.4,6026.1,1188302.7,25950.7,95274.4,0,1872684
202604,부산광역시,85694244.3,3115201.2,19881334.6,1624447.5,287992.9,596177.5,732673.9,17070474.1,1195831.6,23245352.6,605857.6,36842.6,14340063.2,175497.5,766327.8,5650.5,1083806.8,28864.9,123240.8,0,778606.9
202605,부산광역시,99199523.7,3729749.2,24247492.2,1892191.1,366277.1,770040.7,763347,18228630.5,1381357.3,28895054.8,597924.1,29889,14958336.2,169575.1,877901.5,6961.3,1563539.1,28431.9,215217,0,477608.7
202606,부산광역시,86199671.3,3221671.2,20151589.3,1742510.4,320171.7,655974.5,686385.6,16964099.9,1095317.8,23071171.6,504864.2,18581.5,14951060,142249.1,748220.3,5558.2,1179106.8,23208.2,102945,0,614986.3
202607,부산광역시,91192326.2,3609232.4,22523582,1744660.5,326693.6,728377.8,643009,18530550.7,1072954.4,21742114.1,537341.7,20099.5,15719087.9,197779.4,849243.4,8167.1,1600943.5,36230.1,123377.2,0,1178881.8
