기준연월,시군구명,일평균_이용금액(만원),일평균_이용건수,건당_평균이용금액(만원)
202301,강서구,471096.8618,85657,5.499806
202301,금정구,365171.1535,104867,3.482231
202301,기장군,453155.0654,91013,4.979015
202301,남구,395155.7874,112044,3.526791
202301,동구,197969.6727,58142,3.404934
202301,동래구,522287.937,129896,4.020816
202301,부산진구,909674.8327,223919,4.062517
202301,북구,537813.4999,138108,3.894152
202301,사상구,417778.5315,106224,3.932996
202301,사하구,423257.8524,122872,3.444705
202301,서구,203240.7905,45384,4.478248
202301,수영구,400074.5469,97982,4.083143
202301,연제구,412456.7315,98630,4.181859
202301,영도구,120140.1098,38192,3.145688
202301,중구,234687.9637,54064,4.340929
202301,해운대구,878814.5092,193960,4.530906
202302,강서구,518667.6662,91550,5.665403
202302,금정구,385736.4187,111021,3.474446
202302,기장군,463013.9129,97032,4.771765
202302,남구,395742.2925,118195,3.348215
202302,동구,207135.1161,63037,3.285929
202302,동래구,526400.0146,136724,3.850092
202302,부산진구,929469.533,236441,3.931084
202302,북구,500788.3841,141360,3.542646
202302,사상구,404005.2864,110644,3.651398
202302,사하구,437929.3625,129785,3.374268
202302,서구,213393.8584,49123,4.344072
202302,수영구,415871.9675,104419,3.982723
202302,연제구,389198.2414,102790,3.786343
202302,영도구,121078.2007,40582,2.983544
202302,중구,231896.6901,56813,4.081754
202302,해운대구,918454.4231,206741,4.442536
202303,강서구,490083.2404,93231,5.256655
202303,금정구,383311.7608,120638,3.177372
202303,기장군,450811.4826,96560,4.668719
202303,남구,405396.9904,128799,3.147517
202303,동구,201871.9331,61656,3.274165
202303,동래구,527930.4542,139775,3.777002
202303,부산진구,899982.5326,238589,3.772104
202303,북구,516730.185,146419,3.52912
202303,사상구,408450.0616,118594,3.444104
202303,사하구,428858.2659,134994,3.176869
202303,서구,210314.3831,51308,4.099056
202303,수영구,398461.5525,103259,3.858855
202303,연제구,381880.011,105117,3.632904
202303,영도구,120511.1584,42340,2.846272
202303,중구,223170.0441,55045,4.05432
202303,해운대구,864528.6147,200198,4.318368
202304,강서구,522869.6735,94308,5.544277
202304,금정구,378107.5012,120512,3.137509
202304,기장군,468409.9928,100441,4.663534
202304,남구,404589.7276,129937,3.113738
202304,동구,208639.4941,63390,3.291363
202304,동래구,524812.2705,142224,3.69004
202304,부산진구,891102.2692,240801,3.700575
202304,북구,514508.3727,147142,3.496679
202304,사상구,407640.6553,120104,3.394064
202304,사하구,428950.7308,137414,3.121594
202304,서구,210444.5981,51255,4.105835
202304,수영구,379645.2172,105128,3.611266
202304,연제구,383451.0979,106703,3.59363
202304,영도구,122346.5352,43444,2.816189
202304,중구,230074.6427,56401,4.079265
202304,해운대구,883857.6733,205320,4.304781
202305,강서구,507833.6313,93949,5.405418
202305,금정구,385081.1519,120656,3.191562
202305,기장군,460359.2716,100180,4.595321
202305,남구,400897.7574,128869,3.110894
202305,동구,211735.75,64606,3.277339
202305,동래구,528856.5691,141984,3.724762
202305,부산진구,901069.4187,244078,3.691727
202305,북구,505668.5976,145837,3.467355
202305,사상구,406059.8244,118427,3.428777
202305,사하구,434347.3754,137285,3.163837
202305,서구,212752.3789,51825,4.105208
202305,수영구,375988.8863,105388,3.567663
202305,연제구,386323.8849,106227,3.636777
202305,영도구,123700.2424,43716,2.829633
202305,중구,233672.3742,57310,4.07734
202305,해운대구,904636.2472,206493,4.380954
202306,강서구,500696.1941,97346,5.14347
202306,금정구,382298.0915,121682,3.14178
202306,기장군,443372.7597,102054,4.344492
202306,남구,405728.1582,131396,3.087827
202306,동구,215527.8051,66860,3.223569
202306,동래구,547888.664,146473,3.740544
202306,부산진구,916649.9271,249681,3.671284
202306,북구,515801.3768,150693,3.422862
202306,사상구,408420.2721,121250,3.368415
202306,사하구,434270.9524,140870,3.082778
202306,서구,220153.1441,53696,4.099992
202306,수영구,379913.2598,110650,3.433468
202306,연제구,400299.9953,108974,3.673353
202306,영도구,124531.6396,45376,2.744438
202306,중구,234023.8533,59406,3.939398
202306,해운대구,919042.6973,215749,4.259777
202307,강서구,468644.0418,94313,4.969029
202307,금정구,366970.7057,112911,3.250088
202307,기장군,425690.7203,99533,4.27688
202307,남구,379458.1845,121537,3.122162
202307,동구,208926.4466,65584,3.185631
202307,동래구,527101.5295,140579,3.749504
202307,부산진구,879722.8969,242712,3.624555
202307,북구,504227.8096,147050,3.428955
202307,사상구,398437.311,115209,3.458387
202307,사하구,417605.6842,134435,3.106376
202307,서구,199577.837,50236,3.972805
202307,수영구,364514.0265,108709,3.353117
202307,연제구,418493.6638,107253,3.90193
202307,영도구,117322.2941,42435,2.764753
202307,중구,215356.1528,56923,3.783289
202307,해운대구,894226.5524,214232,4.174104
202308,강서구,472550.2019,95601,4.942942
202308,금정구,383475.2922,114997,3.334655
202308,기장군,438466.0934,103153,4.250638
202308,남구,395576.6825,127010,3.114532
202308,동구,210730.9514,69489,3.03258
202308,동래구,530969.6767,146013,3.636455
202308,부산진구,869570.8689,247984,3.50656
202308,북구,511440.1725,151438,3.377225
202308,사상구,403444.2535,118784,3.396453
202308,사하구,425623.5796,138384,3.07567
202308,서구,210789.9088,53607,3.932134
202308,수영구,375806.4081,114310,3.287607
202308,연제구,386401.8553,109987,3.513159
202308,영도구,124411.8986,44820,2.775812
202308,중구,219104.5067,60278,3.6349
202308,해운대구,932123.6475,223492,4.170725
202309,강서구,500923.6282,95010,5.272325
202309,금정구,428902.6233,125125,3.427793
202309,기장군,486983.9002,101501,4.797824
202309,남구,441749.3603,134969,3.272969
202309,동구,224445.2978,67506,3.32482
202309,동래구,584926.0301,146580,3.99049
202309,부산진구,971850.665,255366,3.805717
202309,북구,582557.6999,154575,3.76877
202309,사상구,464890.9035,126406,3.67776
202309,사하구,465062.5204,143757,3.23506
202309,서구,224486.4566,53990,4.157927
202309,수영구,399069.8686,111436,3.581158
202309,연제구,460666.4454,112492,4.095104
202309,영도구,137095.8097,46650,2.938817
202309,중구,247028.1527,60508,4.08257
202309,해운대구,969715.7264,212627,4.560642
202310,강서구,488689.5243,94842,5.15267
202310,금정구,391762.4025,124340,3.150735
202310,기장군,483148.4823,102611,4.708545
202310,남구,400763.5943,132951,3.014371
202310,동구,210628.3117,68146,3.090839
202310,동래구,541155.9012,144974,3.732779
202310,부산진구,896358.4375,251969,3.557416
202310,북구,516605.0562,150397,3.434943
202310,사상구,413762.9927,123252,3.357049
202310,사하구,432030.3104,141712,3.04865
202310,서구,211290.3629,54240,3.895471
202310,수영구,367890.2869,109977,3.345157
202310,연제구,411665.3865,109449,3.761253
202310,영도구,125539.4285,45601,2.752997
202310,중구,241304.8989,61713,3.910115
202310,해운대구,909695.3352,209050,4.351568
202311,강서구,505513.5786,92696,5.453456
202311,금정구,418819.6009,122930,3.406976
202311,기장군,462283.3443,93840,4.926293
202311,남구,415230.9773,132356,3.137228
202311,동구,217537.8912,67533,3.221209
202311,동래구,563077.0173,141015,3.993029
202311,부산진구,941330.3652,251243,3.746693
202311,북구,513788.4332,146279,3.512387
202311,사상구,424758.1256,122242,3.474731
202311,사하구,437958.6569,137585,3.183186
202311,서구,222327.3757,53138,4.183962
202311,수영구,375249.8522,106704,3.516737
202311,연제구,401263.0009,108683,3.692049
202311,영도구,124296.0524,43872,2.833152
202311,중구,243465.778,59862,4.067117
202311,해운대구,948800.9305,204701,4.635058
202312,강서구,492514.2796,90679,5.431404
202312,금정구,404494.2854,117397,3.445525
202312,기장군,497215.9313,96262,5.165236
202312,남구,415912.3796,127241,3.268698
202312,동구,217691.1339,66506,3.273256
202312,동래구,590482.0428,140028,4.216886
202312,부산진구,988607.5319,252294,3.918474
202312,북구,532583.1554,146309,3.640126
202312,사상구,431402.467,119275,3.616872
202312,사하구,445879.8918,134942,3.304234
202312,서구,221378.1694,50612,4.374025
202312,수영구,406638.1402,106385,3.822326
202312,연제구,422049.7914,107306,3.933143
202312,영도구,129154.5349,42979,3.005061
202312,중구,272314.0027,66230,4.111641
202312,해운대구,997775.3199,207488,4.808834
202401,강서구,480480.8355,88739,5.41454
202401,금정구,383974.9433,109962,3.491888
202401,기장군,432531.6685,90483,4.780253
202401,남구,396053.7465,120410,3.28921
202401,동구,208206.774,64936,3.206338
202401,동래구,575868.3463,138832,4.147951
202401,부산진구,949488.7537,244258,3.887237
202401,북구,516138.8438,143180,3.604825
202401,사상구,404094.3813,113428,3.562563
202401,사하구,423772.0363,130415,3.249412
202401,서구,223092.7717,50333,4.432336
202401,수영구,413409.5639,104951,3.939072
202401,연제구,431648.2754,107048,4.032287
202401,영도구,122415.1739,41279,2.965556
202401,중구,232035.4546,58581,3.960934
202401,해운대구,906335.8428,197657,4.585397
202402,강서구,468969.4676,88738,5.284878
202402,금정구,408691.9778,109148,3.744384
202402,기장군,466971.3554,94813,4.925183
202402,남구,400816.0761,120662,3.321809
202402,동구,204195.7341,65312,3.126466
202402,동래구,587148.3355,139298,4.215052
202402,부산진구,948235.0932,246200,3.851483
202402,북구,533765.33,145638,3.665014
202402,사상구,424348.7027,114269,3.713594
202402,사하구,437612.7769,132804,3.295178
202402,서구,219223.3941,50006,4.383942
202402,수영구,430998.5939,106516,4.046327
202402,연제구,421666.917,108280,3.894227
202402,영도구,127082.819,42313,3.003399
202402,중구,236626.9977,59241,3.994311
202402,해운대구,928696.5052,198731,4.673134
202403,강서구,468750.0628,92793,5.051567
202403,금정구,401769.8202,120132,3.344403
202403,기장군,459680.3092,97326,4.723099
202403,남구,405760.9571,131945,3.075228
202403,동구,204174.1624,66378,3.075931
202403,동래구,567687.0701,145327,3.906274
202403,부산진구,912271.6541,252970,3.606244
202403,북구,519654.9496,150180,3.460214
202403,사상구,411038.0916,120992,3.397234
202403,사하구,430051.6599,139731,3.077711
202403,서구,196560.1445,51502,3.816554
202403,수영구,414333.6017,107777,3.84436
202403,연제구,409407.3144,111758,3.663338
202403,영도구,125363.8665,44522,2.815773
202403,중구,232117.5757,59824,3.880008
202403,해운대구,878506.4453,200129,4.389701
202404,강서구,466440.05,95579,4.880152
202404,금정구,397878.3431,125662,3.166258
202404,기장군,449110.0628,98414,4.563477
202404,남구,405393.1554,136800,2.9634
202404,동구,209438.881,68721,3.047669
202404,동래구,569568.3198,150266,3.7904
202404,부산진구,914744.1003,261041,3.504216
202404,북구,511216.9055,153442,3.331662
202404,사상구,409629.0593,124584,3.287975
202404,사하구,435952.6209,146328,2.979284
202404,서구,205280.4248,54512,3.765784
202404,수영구,416147.9239,112894,3.686183
202404,연제구,402977.8567,115967,3.474936
202404,영도구,126249.6045,46088,2.739316
202404,중구,229134.7623,60009,3.81834
202404,해운대구,880706.1437,204794,4.300449
202405,강서구,458228.1855,95977,4.774354
202405,금정구,414111.1471,126908,3.263082
202405,기장군,467364.5454,103517,4.514858
202405,남구,410861.9258,136590,3.007994
202405,동구,211508.6762,70095,3.017457
202405,동래구,573857.3566,152549,3.76179
202405,부산진구,925614.4167,265853,3.481678
202405,북구,519607.2492,155416,3.343332
202405,사상구,412590.8933,124680,3.309199
202405,사하구,451423.2775,148385,3.042243
202405,서구,205961.6714,54649,3.76881
202405,수영구,412498.8235,116207,3.54969
202405,연제구,418173.0468,116790,3.580555
202405,영도구,131476.8333,47407,2.773363
202405,중구,239638.8937,63059,3.800233
202405,해운대구,908379.6363,209790,4.329947
202406,강서구,453247.0665,96468,4.698419
202406,금정구,392020.556,123826,3.165899
202406,기장군,442618.4149,100991,4.382751
202406,남구,407469.06,138046,2.95169
202406,동구,211114.0782,71151,2.967127
202406,동래구,567575.9761,153814,3.690015
202406,부산진구,887522.0327,261097,3.399204
202406,북구,513522.5073,155890,3.294134
202406,사상구,408560.914,124751,3.275011
202406,사하구,441642.004,147980,2.984471
202406,서구,201537.3349,54425,3.703029
202406,수영구,375667.0129,113007,3.324281
202406,연제구,410737.858,117572,3.493501
202406,영도구,129603.507,47691,2.717567
202406,중구,229710.6735,62531,3.673549
202406,해운대구,897342.0187,214486,4.183686
202407,강서구,458863.3843,97058,4.727723
202407,금정구,378099.424,117935,3.205998
202407,기장군,431338.2399,99849,4.319905
202407,남구,406210.9181,132833,3.058057
202407,동구,207203.3349,71029,2.917165
202407,동래구,568533.7429,152423,3.729973
202407,부산진구,906508.0402,261457,3.46714
202407,북구,518814.3375,155876,3.328379
202407,사상구,409658.0191,123147,3.326577
202407,사하구,442658.9383,147088,3.009484
202407,서구,214733.596,55098,3.897303
202407,수영구,381465.9528,116571,3.272392
202407,연제구,415719.7965,119376,3.48244
202407,영도구,128661.477,46328,2.777186
202407,중구,226101.9403,62575,3.613295
202407,해운대구,903929.3659,219139,4.124913
202408,강서구,457247.0927,98386,4.647481
202408,금정구,393342.0584,118172,3.328555
202408,기장군,454196.7644,105233,4.316106
202408,남구,412446.8588,135355,3.047149
202408,동구,207262.3129,73116,2.834705
202408,동래구,581240.9233,155108,3.74733
202408,부산진구,898431.4915,265056,3.389591
202408,북구,531086.8082,158395,3.352927
202408,사상구,415995.4996,124610,3.33838
202408,사하구,450377.9242,148564,3.031541
202408,서구,215123.703,56480,3.808847
202408,수영구,382249.0229,118433,3.227555
202408,연제구,416523.1386,120661,3.452011
202408,영도구,132943.4196,48109,2.763379
202408,중구,228842.4352,65434,3.497302
202408,해운대구,945915.6287,232885,4.061728
202409,강서구,581751.6023,94593,6.150049
202409,금정구,410339.4829,122334,3.354255
202409,기장군,491732.1395,103762,4.739039
202409,남구,421607.7913,137930,3.056679
202409,동구,228634.7539,72865,3.137786
202409,동래구,587344.5924,151837,3.868257
202409,부산진구,920320.692,258473,3.560607
202409,북구,558426.8776,154831,3.606687
202409,사상구,433272.0503,125303,3.457795
202409,사하구,451409.3914,145900,3.093964
202409,서구,214154.5907,55390,3.866304
202409,수영구,369552.0489,109301,3.381049
202409,연제구,447385.7461,116697,3.833738
202409,영도구,135450.2655,47321,2.862371
202409,중구,241632.7797,62038,3.894916
202409,해운대구,948777.2544,212856,4.457367
202410,강서구,581222.4081,94858,6.127289
202410,금정구,380635.2858,122457,3.108318
202410,기장군,470705.425,99898,4.71186
202410,남구,403636.6244,137572,2.934003
202410,동구,220787.8084,71530,3.086646
202410,동래구,559776.5664,146043,3.832957
202410,부산진구,878652.8962,255533,3.43851
202410,북구,526021.5246,153954,3.416745
202410,사상구,407424.845,123934,3.287434
202410,사하구,429686.9292,144065,2.982591
202410,서구,213546.199,55184,3.869712
202410,수영구,351055.233,107419,3.268093
202410,연제구,407214.9301,115586,3.523047
202410,영도구,125255.1964,45966,2.724953
202410,중구,235835.3544,61767,3.818145
202410,해운대구,890946.3992,208958,4.263758
202411,강서구,751986.2649,98142,7.662227
202411,금정구,422917.7647,131683,3.211635
202411,기장군,501944.985,103451,4.852007
202411,남구,439426.4119,147636,2.976418
202411,동구,232189.2802,75355,3.081272
202411,동래구,599036.352,155560,3.850838
202411,부산진구,981560.2876,273804,3.584901
202411,북구,540749.744,158278,3.416456
202411,사상구,432965.0553,130694,3.312815
202411,사하구,463975.0723,153051,3.031506
202411,서구,223118.7249,57426,3.885326
202411,수영구,373826.991,114532,3.263952
202411,연제구,428900.4159,121046,3.543285
202411,영도구,133091.8625,48257,2.75798
202411,중구,257172.778,66139,3.888368
202411,해운대구,961689.3997,220933,4.352855
202412,강서구,627008.2322,95603,6.558458
202412,금정구,420377.8537,124790,3.368682
202412,기장군,523405.3054,100738,5.195709
202412,남구,451427.4078,142867,3.159774
202412,동구,237311.9855,72245,3.284822
202412,동래구,630381.2007,153021,4.119573
202412,부산진구,1024828.7108,269147,3.807691
202412,북구,560500.3531,154754,3.62188
202412,사상구,447215.3811,126129,3.545698
202412,사하구,472975.3606,147092,3.215507
202412,서구,229922.1236,55436,4.147524
202412,수영구,391988.5983,112902,3.471937
202412,연제구,446939.6077,117622,3.799796
202412,영도구,141090.3463,47484,2.971324
202412,중구,278936.2981,69410,4.018676
202412,해운대구,1026842.2016,217766,4.715347
202501,강서구,463689.4643,92147,5.032063
202501,금정구,399754.1881,115253,3.468493
202501,기장군,506080.2583,100316,5.044861
202501,남구,426802.9617,131013,3.257715
202501,동구,220916.0168,69455,3.180707
202501,동래구,634546.3788,152019,4.174125
202501,부산진구,1003926.4213,264154,3.800535
202501,북구,588117.799,156136,3.766702
202501,사상구,430904.8083,119949,3.5924
202501,사하구,462225.4624,141109,3.275663
202501,서구,219181.2773,52385,4.184047
202501,수영구,388151.3579,114470,3.390857
202501,연제구,435881.9717,115228,3.782778
202501,영도구,139356.3488,45844,3.039795
202501,중구,261310.4607,65380,3.996795
202501,해운대구,1008145.8805,211674,4.762729
202502,강서구,423456.2323,86026,4.922422
202502,금정구,395102.4594,115630,3.416955
202502,기장군,448020.6158,95839,4.674721
202502,남구,419869.4235,133252,3.150943
202502,동구,228475.4492,72349,3.157963
202502,동래구,609666.722,151395,4.026994
202502,부산진구,980165.0267,265657,3.689589
202502,북구,537906.888,153348,3.507753
202502,사상구,405403.8711,118648,3.416862
202502,사하구,449127.6452,140309,3.20099
202502,서구,222898.3722,53471,4.168584
202502,수영구,369464.5346,113667,3.250412
202502,연제구,422142.1842,116587,3.620834
202502,영도구,128693.861,44637,2.883121
202502,중구,236829.5059,63603,3.723559
202502,해운대구,1001490.4865,212181,4.719982
202503,강서구,416864.612,87945,4.74006
202503,금정구,402607.843,129295,3.11387
202503,기장군,466073.6213,99812,4.669515
202503,남구,422550.3019,146307,2.888107
202503,동구,217254.7229,71699,3.030094
202503,동래구,579291.9903,157353,3.68148
202503,부산진구,931794.106,271701,3.429484
202503,북구,540088.0292,159825,3.379246
202503,사상구,413445.7737,128894,3.207642
202503,사하구,451523.7363,149526,3.0197
202503,서구,215147.8633,56495,3.808264
202503,수영구,357750.6817,114888,3.113908
202503,연제구,408913.5829,119886,3.410854
202503,영도구,129534.1676,47222,2.743089
202503,중구,236916.4399,64016,3.700894
202503,해운대구,947443.8924,210462,4.501734
202504,강서구,426545.6652,92340,4.619295
202504,금정구,411684.8766,136540,3.015123
202504,기장군,457868.8864,102191,4.480521
202504,남구,430825.1401,153039,2.815133
202504,동구,226947.1737,74764,3.035514
202504,동래구,606986.7951,165710,3.662946
202504,부산진구,948248.374,281180,3.372389
202504,북구,546158.7725,164944,3.311177
202504,사상구,426482.1955,134122,3.179808
202504,사하구,462524.4155,156169,2.961692
202504,서구,233469.737,61076,3.82261
202504,수영구,368440.8273,118431,3.111017
202504,연제구,421899.5992,124891,3.378143
202504,영도구,130938.1046,49006,2.671879
202504,중구,239283.3793,65701,3.642005
202504,해운대구,961821.0234,218146,4.40907
202505,강서구,415481.0988,92013,4.515461
202505,금정구,407598.6649,134137,3.038674
202505,기장군,498747.5208,108360,4.60269
202505,남구,428629.4565,148720,2.882124
202505,동구,229495.7534,76181,3.012506
202505,동래구,610776.5279,166467,3.669055
202505,부산진구,962722.725,287313,3.35078
202505,북구,550632.6733,165651,3.324053
202505,사상구,418282.2428,131434,3.182451
202505,사하구,459269.0714,155018,2.962682
202505,서구,221365.9997,58842,3.762041
202505,수영구,383254.243,124227,3.085112
202505,연제구,411483.2672,123078,3.343272
202505,영도구,137303.5171,49902,2.751463
202505,중구,255543.9622,70072,3.646877
202505,해운대구,969401.7586,225571,4.297546
202506,강서구,404716.0403,93197,4.342587
202506,금정구,393016.2558,132732,2.960976
202506,기장군,459974.7613,106240,4.329582
202506,남구,424056.4282,150907,2.810051
202506,동구,222471.8965,75952,2.929112
202506,동래구,602040.8783,167711,3.589752
202506,부산진구,943520.3328,285332,3.306746
202506,북구,553013.5182,167404,3.303467
202506,사상구,412812.5514,131656,3.135539
202506,사하구,450406.4984,154827,2.909095
202506,서구,224627.814,59476,3.776781
202506,수영구,366717.548,122023,3.005315
202506,연제구,412314.2436,124725,3.305787
202506,영도구,132939.9679,49939,2.662047
202506,중구,240420.221,68301,3.52001
202506,해운대구,936290.9112,226108,4.140901
202507,강서구,417219.3256,96172,4.338262
202507,금정구,391434.3069,126922,3.084054
202507,기장군,460096.7896,107074,4.296998
202507,남구,424701.6188,146065,2.907621
202507,동구,228909.8153,79526,2.878427
202507,동래구,611747.7916,170070,3.597035
202507,부산진구,978538.7394,295705,3.309172
202507,북구,563877.8001,169704,3.322714
202507,사상구,417895.6292,131463,3.178808
202507,사하구,462276.9952,156556,2.95279
202507,서구,238043.0778,61219,3.888386
202507,수영구,382806.303,127851,2.99416
202507,연제구,424622.222,128060,3.315807
202507,영도구,135456.452,50672,2.673201
202507,중구,242697.2491,71279,3.404891
202507,해운대구,957077.7141,239452,3.99695
202508,강서구,397399.1123,95014,4.182532
202508,금정구,373941.8609,122817,3.044708
202508,기장군,467863.506,111171,4.208503
202508,남구,403048.5459,142995,2.81862
202508,동구,218454.5026,79565,2.745611
202508,동래구,578042.0383,167848,3.443842
202508,부산진구,924703.6616,293633,3.149182
202508,북구,537730.044,165874,3.241798
202508,사상구,393747.5821,128034,3.075336
202508,사하구,443014.7008,151788,2.918641
202508,서구,219294.5451,59259,3.700612
202508,수영구,379298.0851,129736,2.923615
202508,연제구,393614.902,123646,3.183402
202508,영도구,129882.7276,49811,2.607511
202508,중구,235949.2086,72565,3.251557
202508,해운대구,938251.9684,240808,3.896266
202509,강서구,451340.9754,96566,4.673912
202509,금정구,422834.9821,137551,3.074023
202509,기장군,481492.3265,105090,4.581714
202509,남구,459132.9382,155713,2.948584
202509,동구,239375.4333,78382,3.053959
202509,동래구,634342.2541,169411,3.744398
202509,부산진구,1030801.3517,299082,3.446551
202509,북구,597267.2542,170496,3.503116
202509,사상구,450283.8113,136193,3.306218
202509,사하구,484833.7979,159186,3.045706
202509,서구,253636.5334,63886,3.970143
202509,수영구,394903.0167,123123,3.207386
202509,연제구,455790.7926,128531,3.546155
202509,영도구,141070.0983,51313,2.749208
202509,중구,260337.6568,71195,3.656685
202509,해운대구,990641.7685,232141,4.267414
202510,강서구,425382.3409,94369,4.507649
202510,금정구,391012.9654,130553,2.995052
202510,기장군,530678.9848,110437,4.805264
202510,남구,412909.217,146878,2.811239
202510,동구,226074.1057,75040,3.012715
202510,동래구,591991.5421,163354,3.623979
202510,부산진구,981489.9347,292539,3.355074
202510,북구,578505.2326,167450,3.454794
202510,사상구,414775.6882,129346,3.206714
202510,사하구,453556.3637,152353,2.97701
202510,서구,228082.4766,59690,3.821117
202510,수영구,379070.7012,123339,3.073405
202510,연제구,410581.043,121720,3.37316
202510,영도구,133830.4476,49597,2.698358
202510,중구,267367.8495,74909,3.569235
202510,해운대구,953744.1695,227813,4.186522
202511,강서구,452623.9282,95814,4.723985
202511,금정구,432411.0918,138671,3.118252
202511,기장군,523742.5014,107724,4.861892
202511,남구,450226.281,154974,2.905173
202511,동구,244989.8137,78166,3.134225
202511,동래구,635283.5332,170977,3.715608
202511,부산진구,1048609.992,304673,3.441756
202511,북구,583483.0207,169269,3.447075
202511,사상구,431760.0468,133093,3.244048
202511,사하구,475935.5585,155451,3.061644
202511,서구,239369.1173,61947,3.864095
202511,수영구,394467.1491,124364,3.171876
202511,연제구,433666.3979,128027,3.387304
202511,영도구,136879.5717,50029,2.736005
202511,중구,270052.6093,72661,3.71661
202511,해운대구,1019822.8503,233024,4.376471
202512,강서구,503567.488,97069,5.187727
202512,금정구,429487.7914,134028,3.204463
202512,기장군,513569.2276,104883,4.896592
202512,남구,477448.772,155209,3.076167
202512,동구,257553.8586,79002,3.260093
202512,동래구,684930.4595,170792,4.010319
202512,부산진구,1122642.4229,306286,3.66534
202512,북구,574743.8852,162018,3.547408
202512,사상구,461401.8773,130984,3.522582
202512,사하구,492189.9856,152863,3.219811
202512,서구,271164.789,60964,4.447949
202512,수영구,427460.3466,122916,3.477662
202512,연제구,462396.4455,127192,3.635421
202512,영도구,144854.4896,49920,2.901733
202512,중구,297146.8972,76268,3.896089
202512,해운대구,1097623.5055,236795,4.635332
