연월,행정구,신설법인수,부산전체신설법인수,부산전체대비비중_pct,원문비중_pct,월내순위,전월대비증감수,전월대비증감률_pct,전년동월대비증감수,전년동월대비증감률_pct,3개월이동평균,6개월이동평균,데이터상태,수치생성방식,출처파일,검증_주의
202401,강서구,69,453,15.23,15.2,1,,,,,,,원문그래프직접,원문 구군별 그래프 개체수 직접 판독,2._2024년_1월중_부산지역_신설법인_현황_조사_보고서_대외용.pdf,
202401,해운대구,66,453,14.57,14.6,2,,,,,,,원문그래프직접,원문 구군별 그래프 개체수 직접 판독,2._2024년_1월중_부산지역_신설법인_현황_조사_보고서_대외용.pdf,
202401,부산진구,42,453,9.27,9.3,3,,,,,,,원문그래프직접,원문 구군별 그래프 개체수 직접 판독,2._2024년_1월중_부산지역_신설법인_현황_조사_보고서_대외용.pdf,
202401,기장군,35,453,7.73,7.7,4,,,,,,,원문그래프직접,원문 구군별 그래프 개체수 직접 판독,2._2024년_1월중_부산지역_신설법인_현황_조사_보고서_대외용.pdf,
202401,남구,28,453,6.18,6.2,5,,,,,,,원문그래프직접,원문 구군별 그래프 개체수 직접 판독,2._2024년_1월중_부산지역_신설법인_현황_조사_보고서_대외용.pdf,
202401,동래구,28,453,6.18,6.2,5,,,,,,,원문그래프직접,원문 구군별 그래프 개체수 직접 판독,2._2024년_1월중_부산지역_신설법인_현황_조사_보고서_대외용.pdf,
202401,수영구,28,453,6.18,6.2,5,,,,,,,원문그래프직접,원문 구군별 그래프 개체수 직접 판독,2._2024년_1월중_부산지역_신설법인_현황_조사_보고서_대외용.pdf,
202401,연제구,24,453,5.3,5.3,8,,,,,,,원문그래프직접,원문 구군별 그래프 개체수 직접 판독,2._2024년_1월중_부산지역_신설법인_현황_조사_보고서_대외용.pdf,
202401,사상구,23,453,5.08,5.1,9,,,,,,,원문그래프직접,원문 구군별 그래프 개체수 직접 판독,2._2024년_1월중_부산지역_신설법인_현황_조사_보고서_대외용.pdf,
202401,금정구,22,453,4.86,4.9,10,,,,,,,원문그래프직접,원문 구군별 그래프 개체수 직접 판독,2._2024년_1월중_부산지역_신설법인_현황_조사_보고서_대외용.pdf,
202401,동구,22,453,4.86,4.9,10,,,,,,,원문그래프직접,원문 구군별 그래프 개체수 직접 판독,2._2024년_1월중_부산지역_신설법인_현황_조사_보고서_대외용.pdf,
202401,사하구,20,453,4.42,4.4,12,,,,,,,원문그래프직접,원문 구군별 그래프 개체수 직접 판독,2._2024년_1월중_부산지역_신설법인_현황_조사_보고서_대외용.pdf,
202401,북구,15,453,3.31,3.3,13,,,,,,,원문그래프직접,원문 구군별 그래프 개체수 직접 판독,2._2024년_1월중_부산지역_신설법인_현황_조사_보고서_대외용.pdf,
202401,중구,15,453,3.31,3.3,13,,,,,,,원문그래프직접,원문 구군별 그래프 개체수 직접 판독,2._2024년_1월중_부산지역_신설법인_현황_조사_보고서_대외용.pdf,
202401,서구,10,453,2.21,2.2,15,,,,,,,원문그래프직접,원문 구군별 그래프 개체수 직접 판독,2._2024년_1월중_부산지역_신설법인_현황_조사_보고서_대외용.pdf,
202401,영도구,6,453,1.32,1.3,16,,,,,,,원문그래프직접,원문 구군별 그래프 개체수 직접 판독,2._2024년_1월중_부산지역_신설법인_현황_조사_보고서_대외용.pdf,
202402,강서구,45,327,13.76,13.8,2,-24,-34.78,,,,,비중역산_합계검증,원문 비중에서 개체수 역산,2._2024년_2월중_부산지역_신설법인_현황_조사_보고서_대외용.pdf,원문에 기재된 구군 비중을 월총계에 역산해 정수 개체수로 복원했으며 16개 구군 합계가 월총계와 일치함.
202402,해운대구,57,327,17.43,17.4,1,-9,-13.64,,,,,비중역산_합계검증,원문 직접 기재 개체수,2._2024년_2월중_부산지역_신설법인_현황_조사_보고서_대외용.pdf,원문에 기재된 구군 비중을 월총계에 역산해 정수 개체수로 복원했으며 16개 구군 합계가 월총계와 일치함.
202402,부산진구,29,327,8.87,8.9,3,-13,-30.95,,,,,비중역산_합계검증,원문 비중에서 개체수 역산,2._2024년_2월중_부산지역_신설법인_현황_조사_보고서_대외용.pdf,원문에 기재된 구군 비중을 월총계에 역산해 정수 개체수로 복원했으며 16개 구군 합계가 월총계와 일치함.
202402,기장군,21,327,6.42,6.4,5,-14,-40.0,,,,,비중역산_합계검증,원문 비중에서 개체수 역산,2._2024년_2월중_부산지역_신설법인_현황_조사_보고서_대외용.pdf,원문에 기재된 구군 비중을 월총계에 역산해 정수 개체수로 복원했으며 16개 구군 합계가 월총계와 일치함.
202402,남구,21,327,6.42,6.4,5,-7,-25.0,,,,,비중역산_합계검증,원문 비중에서 개체수 역산,2._2024년_2월중_부산지역_신설법인_현황_조사_보고서_대외용.pdf,원문에 기재된 구군 비중을 월총계에 역산해 정수 개체수로 복원했으며 16개 구군 합계가 월총계와 일치함.
202402,동래구,18,327,5.5,5.5,7,-10,-35.71,,,,,비중역산_합계검증,원문 비중에서 개체수 역산,2._2024년_2월중_부산지역_신설법인_현황_조사_보고서_대외용.pdf,원문에 기재된 구군 비중을 월총계에 역산해 정수 개체수로 복원했으며 16개 구군 합계가 월총계와 일치함.
202402,수영구,15,327,4.59,4.6,11,-13,-46.43,,,,,비중역산_합계검증,원문 비중에서 개체수 역산,2._2024년_2월중_부산지역_신설법인_현황_조사_보고서_대외용.pdf,원문에 기재된 구군 비중을 월총계에 역산해 정수 개체수로 복원했으며 16개 구군 합계가 월총계와 일치함.
202402,연제구,25,327,7.65,7.6,4,1,4.17,,,,,비중역산_합계검증,원문 비중에서 개체수 역산,2._2024년_2월중_부산지역_신설법인_현황_조사_보고서_대외용.pdf,원문에 기재된 구군 비중을 월총계에 역산해 정수 개체수로 복원했으며 16개 구군 합계가 월총계와 일치함.
202402,사상구,14,327,4.28,4.3,12,-9,-39.13,,,,,비중역산_합계검증,원문 비중에서 개체수 역산,2._2024년_2월중_부산지역_신설법인_현황_조사_보고서_대외용.pdf,원문에 기재된 구군 비중을 월총계에 역산해 정수 개체수로 복원했으며 16개 구군 합계가 월총계와 일치함.
202402,금정구,18,327,5.5,5.5,7,-4,-18.18,,,,,비중역산_합계검증,원문 비중에서 개체수 역산,2._2024년_2월중_부산지역_신설법인_현황_조사_보고서_대외용.pdf,원문에 기재된 구군 비중을 월총계에 역산해 정수 개체수로 복원했으며 16개 구군 합계가 월총계와 일치함.
202402,동구,17,327,5.2,5.2,9,-5,-22.73,,,,,비중역산_합계검증,원문 비중에서 개체수 역산,2._2024년_2월중_부산지역_신설법인_현황_조사_보고서_대외용.pdf,원문에 기재된 구군 비중을 월총계에 역산해 정수 개체수로 복원했으며 16개 구군 합계가 월총계와 일치함.
202402,사하구,17,327,5.2,5.2,9,-3,-15.0,,,,,비중역산_합계검증,원문 비중에서 개체수 역산,2._2024년_2월중_부산지역_신설법인_현황_조사_보고서_대외용.pdf,원문에 기재된 구군 비중을 월총계에 역산해 정수 개체수로 복원했으며 16개 구군 합계가 월총계와 일치함.
202402,북구,11,327,3.36,3.4,13,-4,-26.67,,,,,비중역산_합계검증,원문 비중에서 개체수 역산,2._2024년_2월중_부산지역_신설법인_현황_조사_보고서_대외용.pdf,원문에 기재된 구군 비중을 월총계에 역산해 정수 개체수로 복원했으며 16개 구군 합계가 월총계와 일치함.
202402,중구,8,327,2.45,2.4,14,-7,-46.67,,,,,비중역산_합계검증,원문 비중에서 개체수 역산,2._2024년_2월중_부산지역_신설법인_현황_조사_보고서_대외용.pdf,원문에 기재된 구군 비중을 월총계에 역산해 정수 개체수로 복원했으며 16개 구군 합계가 월총계와 일치함.
202402,서구,4,327,1.22,1.2,16,-6,-60.0,,,,,비중역산_합계검증,원문 비중에서 개체수 역산,2._2024년_2월중_부산지역_신설법인_현황_조사_보고서_대외용.pdf,원문에 기재된 구군 비중을 월총계에 역산해 정수 개체수로 복원했으며 16개 구군 합계가 월총계와 일치함.
202402,영도구,7,327,2.14,2.1,15,1,16.67,,,,,비중역산_합계검증,원문 비중에서 개체수 역산,2._2024년_2월중_부산지역_신설법인_현황_조사_보고서_대외용.pdf,원문에 기재된 구군 비중을 월총계에 역산해 정수 개체수로 복원했으며 16개 구군 합계가 월총계와 일치함.
202403,강서구,39,366,10.66,10.7,2,-6,-13.33,,,51.0,,원문그래프직접,원문 구군별 그래프 개체수 직접 판독,2._2024년_3월중_부산지역_신설법인_현황_조사_보고서_대외용.pdf,
202403,해운대구,75,366,20.49,20.5,1,18,31.58,,,66.0,,원문그래프직접,원문 구군별 그래프 개체수 직접 판독,2._2024년_3월중_부산지역_신설법인_현황_조사_보고서_대외용.pdf,
202403,부산진구,39,366,10.66,10.7,2,10,34.48,,,36.67,,원문그래프직접,원문 구군별 그래프 개체수 직접 판독,2._2024년_3월중_부산지역_신설법인_현황_조사_보고서_대외용.pdf,
202403,기장군,15,366,4.1,4.1,10,-6,-28.57,,,23.67,,원문그래프직접,원문 구군별 그래프 개체수 직접 판독,2._2024년_3월중_부산지역_신설법인_현황_조사_보고서_대외용.pdf,
202403,남구,24,366,6.56,6.6,5,3,14.29,,,24.33,,원문그래프직접,원문 구군별 그래프 개체수 직접 판독,2._2024년_3월중_부산지역_신설법인_현황_조사_보고서_대외용.pdf,
202403,동래구,26,366,7.1,7.1,4,8,44.44,,,24.0,,원문그래프직접,원문 구군별 그래프 개체수 직접 판독,2._2024년_3월중_부산지역_신설법인_현황_조사_보고서_대외용.pdf,
202403,수영구,14,366,3.83,3.8,11,-1,-6.67,,,19.0,,원문그래프직접,원문 구군별 그래프 개체수 직접 판독,2._2024년_3월중_부산지역_신설법인_현황_조사_보고서_대외용.pdf,
202403,연제구,19,366,5.19,5.2,7,-6,-24.0,,,22.67,,원문그래프직접,원문 구군별 그래프 개체수 직접 판독,2._2024년_3월중_부산지역_신설법인_현황_조사_보고서_대외용.pdf,
202403,사상구,16,366,4.37,4.4,8,2,14.29,,,17.67,,원문그래프직접,원문 구군별 그래프 개체수 직접 판독,2._2024년_3월중_부산지역_신설법인_현황_조사_보고서_대외용.pdf,
202403,금정구,14,366,3.83,3.8,11,-4,-22.22,,,18.0,,원문그래프직접,원문 구군별 그래프 개체수 직접 판독,2._2024년_3월중_부산지역_신설법인_현황_조사_보고서_대외용.pdf,
202403,동구,16,366,4.37,4.4,8,-1,-5.88,,,18.33,,원문그래프직접,원문 구군별 그래프 개체수 직접 판독,2._2024년_3월중_부산지역_신설법인_현황_조사_보고서_대외용.pdf,
202403,사하구,23,366,6.28,6.3,6,6,35.29,,,20.0,,원문그래프직접,원문 구군별 그래프 개체수 직접 판독,2._2024년_3월중_부산지역_신설법인_현황_조사_보고서_대외용.pdf,
202403,북구,14,366,3.83,3.8,11,3,27.27,,,13.33,,원문그래프직접,원문 구군별 그래프 개체수 직접 판독,2._2024년_3월중_부산지역_신설법인_현황_조사_보고서_대외용.pdf,
202403,중구,10,366,2.73,2.7,15,2,25.0,,,11.0,,원문그래프직접,원문 구군별 그래프 개체수 직접 판독,2._2024년_3월중_부산지역_신설법인_현황_조사_보고서_대외용.pdf,
202403,서구,13,366,3.55,3.6,14,9,225.0,,,9.0,,원문그래프직접,원문 구군별 그래프 개체수 직접 판독,2._2024년_3월중_부산지역_신설법인_현황_조사_보고서_대외용.pdf,
202403,영도구,9,366,2.46,2.5,16,2,28.57,,,7.33,,원문그래프직접,원문 구군별 그래프 개체수 직접 판독,2._2024년_3월중_부산지역_신설법인_현황_조사_보고서_대외용.pdf,
202404,강서구,46,372,12.37,12.4,3,7,17.95,,,43.33,,비중역산_합계검증,원문 비중에서 개체수 역산,2._2024년_4월중_부산지역_신설법인_현황_조사_보고서_대외용.pdf,원문에 기재된 구군 비중을 월총계에 역산해 정수 개체수로 복원했으며 16개 구군 합계가 월총계와 일치함.
202404,해운대구,49,372,13.17,13.2,2,-26,-34.67,,,60.33,,비중역산_합계검증,원문 비중에서 개체수 역산,2._2024년_4월중_부산지역_신설법인_현황_조사_보고서_대외용.pdf,원문에 기재된 구군 비중을 월총계에 역산해 정수 개체수로 복원했으며 16개 구군 합계가 월총계와 일치함.
202404,부산진구,54,372,14.52,14.5,1,15,38.46,,,40.67,,비중역산_합계검증,원문 직접 기재 개체수,2._2024년_4월중_부산지역_신설법인_현황_조사_보고서_대외용.pdf,원문에 기재된 구군 비중을 월총계에 역산해 정수 개체수로 복원했으며 16개 구군 합계가 월총계와 일치함.
202404,기장군,19,372,5.11,5.1,8,4,26.67,,,18.33,,비중역산_합계검증,원문 비중에서 개체수 역산,2._2024년_4월중_부산지역_신설법인_현황_조사_보고서_대외용.pdf,원문에 기재된 구군 비중을 월총계에 역산해 정수 개체수로 복원했으며 16개 구군 합계가 월총계와 일치함.
202404,남구,25,372,6.72,6.7,5,1,4.17,,,23.33,,비중역산_합계검증,원문 비중에서 개체수 역산,2._2024년_4월중_부산지역_신설법인_현황_조사_보고서_대외용.pdf,원문에 기재된 구군 비중을 월총계에 역산해 정수 개체수로 복원했으며 16개 구군 합계가 월총계와 일치함.
202404,동래구,9,372,2.42,2.4,14,-17,-65.38,,,17.67,,비중역산_합계검증,원문 비중에서 개체수 역산,2._2024년_4월중_부산지역_신설법인_현황_조사_보고서_대외용.pdf,원문에 기재된 구군 비중을 월총계에 역산해 정수 개체수로 복원했으며 16개 구군 합계가 월총계와 일치함.
202404,수영구,23,372,6.18,6.2,7,9,64.29,,,17.33,,비중역산_합계검증,원문 비중에서 개체수 역산,2._2024년_4월중_부산지역_신설법인_현황_조사_보고서_대외용.pdf,원문에 기재된 구군 비중을 월총계에 역산해 정수 개체수로 복원했으며 16개 구군 합계가 월총계와 일치함.
202404,연제구,19,372,5.11,5.1,8,0,0.0,,,21.0,,비중역산_합계검증,원문 비중에서 개체수 역산,2._2024년_4월중_부산지역_신설법인_현황_조사_보고서_대외용.pdf,원문에 기재된 구군 비중을 월총계에 역산해 정수 개체수로 복원했으며 16개 구군 합계가 월총계와 일치함.
202404,사상구,19,372,5.11,5.1,8,3,18.75,,,16.33,,비중역산_합계검증,원문 비중에서 개체수 역산,2._2024년_4월중_부산지역_신설법인_현황_조사_보고서_대외용.pdf,원문에 기재된 구군 비중을 월총계에 역산해 정수 개체수로 복원했으며 16개 구군 합계가 월총계와 일치함.
202404,금정구,25,372,6.72,6.7,5,11,78.57,,,19.0,,비중역산_합계검증,원문 비중에서 개체수 역산,2._2024년_4월중_부산지역_신설법인_현황_조사_보고서_대외용.pdf,원문에 기재된 구군 비중을 월총계에 역산해 정수 개체수로 복원했으며 16개 구군 합계가 월총계와 일치함.
202404,동구,26,372,6.99,7.0,4,10,62.5,,,19.67,,비중역산_합계검증,원문 비중에서 개체수 역산,2._2024년_4월중_부산지역_신설법인_현황_조사_보고서_대외용.pdf,원문에 기재된 구군 비중을 월총계에 역산해 정수 개체수로 복원했으며 16개 구군 합계가 월총계와 일치함.
202404,사하구,17,372,4.57,4.6,11,-6,-26.09,,,19.0,,비중역산_합계검증,원문 비중에서 개체수 역산,2._2024년_4월중_부산지역_신설법인_현황_조사_보고서_대외용.pdf,원문에 기재된 구군 비중을 월총계에 역산해 정수 개체수로 복원했으며 16개 구군 합계가 월총계와 일치함.
202404,북구,14,372,3.76,3.8,13,0,0.0,,,13.0,,비중역산_합계검증,원문 비중에서 개체수 역산,2._2024년_4월중_부산지역_신설법인_현황_조사_보고서_대외용.pdf,원문에 기재된 구군 비중을 월총계에 역산해 정수 개체수로 복원했으며 16개 구군 합계가 월총계와 일치함.
202404,중구,16,372,4.3,4.3,12,6,60.0,,,11.33,,비중역산_합계검증,원문 비중에서 개체수 역산,2._2024년_4월중_부산지역_신설법인_현황_조사_보고서_대외용.pdf,원문에 기재된 구군 비중을 월총계에 역산해 정수 개체수로 복원했으며 16개 구군 합계가 월총계와 일치함.
202404,서구,2,372,0.54,0.5,16,-11,-84.62,,,6.33,,비중역산_합계검증,원문 비중에서 개체수 역산,2._2024년_4월중_부산지역_신설법인_현황_조사_보고서_대외용.pdf,원문에 기재된 구군 비중을 월총계에 역산해 정수 개체수로 복원했으며 16개 구군 합계가 월총계와 일치함.
202404,영도구,9,372,2.42,2.4,14,0,0.0,,,8.33,,비중역산_합계검증,원문 비중에서 개체수 역산,2._2024년_4월중_부산지역_신설법인_현황_조사_보고서_대외용.pdf,원문에 기재된 구군 비중을 월총계에 역산해 정수 개체수로 복원했으며 16개 구군 합계가 월총계와 일치함.
202405,강서구,47,360,13.06,13.1,2,1,2.17,,,44.0,,비중역산_합계검증,원문 비중에서 개체수 역산,2._2024년_5월중_부산지역_신설법인_현황_조사_보고서_대외용.pdf,원문에 기재된 구군 비중을 월총계에 역산해 정수 개체수로 복원했으며 16개 구군 합계가 월총계와 일치함.
202405,해운대구,69,360,19.17,19.2,1,20,40.82,,,64.33,,비중역산_합계검증,원문 직접 기재 개체수,2._2024년_5월중_부산지역_신설법인_현황_조사_보고서_대외용.pdf,원문에 기재된 구군 비중을 월총계에 역산해 정수 개체수로 복원했으며 16개 구군 합계가 월총계와 일치함.
202405,부산진구,34,360,9.44,9.4,3,-20,-37.04,,,42.33,,비중역산_합계검증,원문 비중에서 개체수 역산,2._2024년_5월중_부산지역_신설법인_현황_조사_보고서_대외용.pdf,원문에 기재된 구군 비중을 월총계에 역산해 정수 개체수로 복원했으며 16개 구군 합계가 월총계와 일치함.
202405,기장군,15,360,4.17,4.2,12,-4,-21.05,,,16.33,,비중역산_합계검증,원문 비중에서 개체수 역산,2._2024년_5월중_부산지역_신설법인_현황_조사_보고서_대외용.pdf,원문에 기재된 구군 비중을 월총계에 역산해 정수 개체수로 복원했으며 16개 구군 합계가 월총계와 일치함.
202405,남구,21,360,5.83,5.8,8,-4,-16.0,,,23.33,,비중역산_합계검증,원문 비중에서 개체수 역산,2._2024년_5월중_부산지역_신설법인_현황_조사_보고서_대외용.pdf,원문에 기재된 구군 비중을 월총계에 역산해 정수 개체수로 복원했으며 16개 구군 합계가 월총계와 일치함.
202405,동래구,22,360,6.11,6.1,6,13,144.44,,,19.0,,비중역산_합계검증,원문 비중에서 개체수 역산,2._2024년_5월중_부산지역_신설법인_현황_조사_보고서_대외용.pdf,원문에 기재된 구군 비중을 월총계에 역산해 정수 개체수로 복원했으며 16개 구군 합계가 월총계와 일치함.
202405,수영구,18,360,5.0,5.0,9,-5,-21.74,,,18.33,,비중역산_합계검증,원문 비중에서 개체수 역산,2._2024년_5월중_부산지역_신설법인_현황_조사_보고서_대외용.pdf,원문에 기재된 구군 비중을 월총계에 역산해 정수 개체수로 복원했으며 16개 구군 합계가 월총계와 일치함.
202405,연제구,23,360,6.39,6.4,5,4,21.05,,,20.33,,비중역산_합계검증,원문 비중에서 개체수 역산,2._2024년_5월중_부산지역_신설법인_현황_조사_보고서_대외용.pdf,원문에 기재된 구군 비중을 월총계에 역산해 정수 개체수로 복원했으며 16개 구군 합계가 월총계와 일치함.
202405,사상구,16,360,4.44,4.4,10,-3,-15.79,,,17.0,,비중역산_합계검증,원문 비중에서 개체수 역산,2._2024년_5월중_부산지역_신설법인_현황_조사_보고서_대외용.pdf,원문에 기재된 구군 비중을 월총계에 역산해 정수 개체수로 복원했으며 16개 구군 합계가 월총계와 일치함.
202405,금정구,25,360,6.94,6.9,4,0,0.0,,,21.33,,비중역산_합계검증,원문 비중에서 개체수 역산,2._2024년_5월중_부산지역_신설법인_현황_조사_보고서_대외용.pdf,원문에 기재된 구군 비중을 월총계에 역산해 정수 개체수로 복원했으며 16개 구군 합계가 월총계와 일치함.
202405,동구,22,360,6.11,6.1,6,-4,-15.38,,,21.33,,비중역산_합계검증,원문 비중에서 개체수 역산,2._2024년_5월중_부산지역_신설법인_현황_조사_보고서_대외용.pdf,원문에 기재된 구군 비중을 월총계에 역산해 정수 개체수로 복원했으며 16개 구군 합계가 월총계와 일치함.
202405,사하구,16,360,4.44,4.4,10,-1,-5.88,,,18.67,,비중역산_합계검증,원문 비중에서 개체수 역산,2._2024년_5월중_부산지역_신설법인_현황_조사_보고서_대외용.pdf,원문에 기재된 구군 비중을 월총계에 역산해 정수 개체수로 복원했으며 16개 구군 합계가 월총계와 일치함.
202405,북구,11,360,3.06,3.1,13,-3,-21.43,,,13.0,,비중역산_합계검증,원문 비중에서 개체수 역산,2._2024년_5월중_부산지역_신설법인_현황_조사_보고서_대외용.pdf,원문에 기재된 구군 비중을 월총계에 역산해 정수 개체수로 복원했으며 16개 구군 합계가 월총계와 일치함.
202405,중구,10,360,2.78,2.8,14,-6,-37.5,,,12.0,,비중역산_합계검증,원문 비중에서 개체수 역산,2._2024년_5월중_부산지역_신설법인_현황_조사_보고서_대외용.pdf,원문에 기재된 구군 비중을 월총계에 역산해 정수 개체수로 복원했으며 16개 구군 합계가 월총계와 일치함.
202405,서구,6,360,1.67,1.7,15,4,200.0,,,7.0,,비중역산_합계검증,원문 비중에서 개체수 역산,2._2024년_5월중_부산지역_신설법인_현황_조사_보고서_대외용.pdf,원문에 기재된 구군 비중을 월총계에 역산해 정수 개체수로 복원했으며 16개 구군 합계가 월총계와 일치함.
202405,영도구,5,360,1.39,1.4,16,-4,-44.44,,,7.67,,비중역산_합계검증,원문 비중에서 개체수 역산,2._2024년_5월중_부산지역_신설법인_현황_조사_보고서_대외용.pdf,원문에 기재된 구군 비중을 월총계에 역산해 정수 개체수로 복원했으며 16개 구군 합계가 월총계와 일치함.
202406,강서구,36,317,11.36,11.4,2,-11,-23.4,,,43.0,47.0,원문그래프직접,원문 구군별 그래프 개체수 직접 판독,2._2024년_6월중_부산지역_신설법인_현황_조사_보고서_대외용.pdf,
202406,해운대구,61,317,19.24,19.2,1,-8,-11.59,,,59.67,62.83,원문그래프직접,원문 구군별 그래프 개체수 직접 판독,2._2024년_6월중_부산지역_신설법인_현황_조사_보고서_대외용.pdf,
202406,부산진구,27,317,8.52,8.5,4,-7,-20.59,,,38.33,37.5,원문그래프직접,원문 구군별 그래프 개체수 직접 판독,2._2024년_6월중_부산지역_신설법인_현황_조사_보고서_대외용.pdf,
202406,기장군,23,317,7.26,7.3,5,8,53.33,,,19.0,21.33,원문그래프직접,원문 구군별 그래프 개체수 직접 판독,2._2024년_6월중_부산지역_신설법인_현황_조사_보고서_대외용.pdf,
202406,남구,31,317,9.78,9.8,3,10,47.62,,,25.67,25.0,원문그래프직접,원문 구군별 그래프 개체수 직접 판독,2._2024년_6월중_부산지역_신설법인_현황_조사_보고서_대외용.pdf,
202406,동래구,22,317,6.94,6.9,6,0,0.0,,,17.67,20.83,원문그래프직접,원문 구군별 그래프 개체수 직접 판독,2._2024년_6월중_부산지역_신설법인_현황_조사_보고서_대외용.pdf,
202406,수영구,12,317,3.79,3.8,12,-6,-33.33,,,17.67,18.33,원문그래프직접,원문 구군별 그래프 개체수 직접 판독,2._2024년_6월중_부산지역_신설법인_현황_조사_보고서_대외용.pdf,
202406,연제구,19,317,5.99,6.0,7,-4,-17.39,,,20.33,21.5,원문그래프직접,원문 구군별 그래프 개체수 직접 판독,2._2024년_6월중_부산지역_신설법인_현황_조사_보고서_대외용.pdf,
202406,사상구,15,317,4.73,4.7,8,-1,-6.25,,,16.67,17.17,원문그래프직접,원문 구군별 그래프 개체수 직접 판독,2._2024년_6월중_부산지역_신설법인_현황_조사_보고서_대외용.pdf,
202406,금정구,15,317,4.73,4.7,8,-10,-40.0,,,21.67,19.83,원문그래프직접,원문 구군별 그래프 개체수 직접 판독,2._2024년_6월중_부산지역_신설법인_현황_조사_보고서_대외용.pdf,
202406,동구,14,317,4.42,4.4,10,-8,-36.36,,,20.67,19.5,원문그래프직접,원문 구군별 그래프 개체수 직접 판독,2._2024년_6월중_부산지역_신설법인_현황_조사_보고서_대외용.pdf,
202406,사하구,10,317,3.15,3.2,14,-6,-37.5,,,14.33,17.17,원문그래프직접,원문 구군별 그래프 개체수 직접 판독,2._2024년_6월중_부산지역_신설법인_현황_조사_보고서_대외용.pdf,
202406,북구,7,317,2.21,2.2,15,-4,-36.36,,,10.67,12.0,원문그래프직접,원문 구군별 그래프 개체수 직접 판독,2._2024년_6월중_부산지역_신설법인_현황_조사_보고서_대외용.pdf,
202406,중구,13,317,4.1,4.1,11,3,30.0,,,13.0,12.0,원문그래프직접,원문 구군별 그래프 개체수 직접 판독,2._2024년_6월중_부산지역_신설법인_현황_조사_보고서_대외용.pdf,
202406,서구,1,317,0.32,0.3,16,-5,-83.33,,,3.0,6.0,원문그래프직접,원문 구군별 그래프 개체수 직접 판독,2._2024년_6월중_부산지역_신설법인_현황_조사_보고서_대외용.pdf,
202406,영도구,11,317,3.47,3.5,13,6,120.0,,,8.33,7.83,원문그래프직접,원문 구군별 그래프 개체수 직접 판독,2._2024년_6월중_부산지역_신설법인_현황_조사_보고서_대외용.pdf,
202407,강서구,56,397,14.11,14.1,2,20,55.56,,,46.33,44.83,비중역산_합계검증,원문 비중에서 개체수 역산,2._2024년_7월중_부산지역_신설법인_현황_조사_보고서_대외용.pdf,원문에 기재된 구군 비중을 월총계에 역산해 정수 개체수로 복원했으며 16개 구군 합계가 월총계와 일치함.
202407,해운대구,68,397,17.13,17.1,1,7,11.48,,,66.0,63.17,비중역산_합계검증,원문 직접 기재 개체수,2._2024년_7월중_부산지역_신설법인_현황_조사_보고서_대외용.pdf,원문에 기재된 구군 비중을 월총계에 역산해 정수 개체수로 복원했으며 16개 구군 합계가 월총계와 일치함.
202407,부산진구,37,397,9.32,9.3,3,10,37.04,,,32.67,36.67,비중역산_합계검증,원문 비중에서 개체수 역산,2._2024년_7월중_부산지역_신설법인_현황_조사_보고서_대외용.pdf,원문에 기재된 구군 비중을 월총계에 역산해 정수 개체수로 복원했으며 16개 구군 합계가 월총계와 일치함.
202407,기장군,27,397,6.8,6.8,5,4,17.39,,,21.67,20.0,비중역산_합계검증,원문 비중에서 개체수 역산,2._2024년_7월중_부산지역_신설법인_현황_조사_보고서_대외용.pdf,원문에 기재된 구군 비중을 월총계에 역산해 정수 개체수로 복원했으며 16개 구군 합계가 월총계와 일치함.
202407,남구,20,397,5.04,5.0,11,-11,-35.48,,,24.0,23.67,비중역산_합계검증,원문 비중에서 개체수 역산,2._2024년_7월중_부산지역_신설법인_현황_조사_보고서_대외용.pdf,원문에 기재된 구군 비중을 월총계에 역산해 정수 개체수로 복원했으며 16개 구군 합계가 월총계와 일치함.
202407,동래구,32,397,8.06,8.1,4,10,45.45,,,25.33,21.5,비중역산_합계검증,원문 비중에서 개체수 역산,2._2024년_7월중_부산지역_신설법인_현황_조사_보고서_대외용.pdf,원문에 기재된 구군 비중을 월총계에 역산해 정수 개체수로 복원했으며 16개 구군 합계가 월총계와 일치함.
202407,수영구,24,397,6.05,6.0,6,12,100.0,,,18.0,17.67,비중역산_합계검증,원문 비중에서 개체수 역산,2._2024년_7월중_부산지역_신설법인_현황_조사_보고서_대외용.pdf,원문에 기재된 구군 비중을 월총계에 역산해 정수 개체수로 복원했으며 16개 구군 합계가 월총계와 일치함.
202407,연제구,21,397,5.29,5.3,9,2,10.53,,,21.0,21.0,비중역산_합계검증,원문 비중에서 개체수 역산,2._2024년_7월중_부산지역_신설법인_현황_조사_보고서_대외용.pdf,원문에 기재된 구군 비중을 월총계에 역산해 정수 개체수로 복원했으며 16개 구군 합계가 월총계와 일치함.
202407,사상구,9,397,2.27,2.3,14,-6,-40.0,,,13.33,14.83,비중역산_합계검증,원문 비중에서 개체수 역산,2._2024년_7월중_부산지역_신설법인_현황_조사_보고서_대외용.pdf,원문에 기재된 구군 비중을 월총계에 역산해 정수 개체수로 복원했으며 16개 구군 합계가 월총계와 일치함.
202407,금정구,23,397,5.79,5.8,7,8,53.33,,,21.0,20.0,비중역산_합계검증,원문 비중에서 개체수 역산,2._2024년_7월중_부산지역_신설법인_현황_조사_보고서_대외용.pdf,원문에 기재된 구군 비중을 월총계에 역산해 정수 개체수로 복원했으며 16개 구군 합계가 월총계와 일치함.
202407,동구,21,397,5.29,5.3,9,7,50.0,,,19.0,19.33,비중역산_합계검증,원문 비중에서 개체수 역산,2._2024년_7월중_부산지역_신설법인_현황_조사_보고서_대외용.pdf,원문에 기재된 구군 비중을 월총계에 역산해 정수 개체수로 복원했으며 16개 구군 합계가 월총계와 일치함.
202407,사하구,23,397,5.79,5.8,7,13,130.0,,,16.33,17.67,비중역산_합계검증,원문 비중에서 개체수 역산,2._2024년_7월중_부산지역_신설법인_현황_조사_보고서_대외용.pdf,원문에 기재된 구군 비중을 월총계에 역산해 정수 개체수로 복원했으며 16개 구군 합계가 월총계와 일치함.
202407,북구,13,397,3.27,3.3,13,6,85.71,,,10.33,11.67,비중역산_합계검증,원문 비중에서 개체수 역산,2._2024년_7월중_부산지역_신설법인_현황_조사_보고서_대외용.pdf,원문에 기재된 구군 비중을 월총계에 역산해 정수 개체수로 복원했으며 16개 구군 합계가 월총계와 일치함.
202407,중구,14,397,3.53,3.5,12,1,7.69,,,12.33,11.83,비중역산_합계검증,원문 비중에서 개체수 역산,2._2024년_7월중_부산지역_신설법인_현황_조사_보고서_대외용.pdf,원문에 기재된 구군 비중을 월총계에 역산해 정수 개체수로 복원했으며 16개 구군 합계가 월총계와 일치함.
202407,서구,4,397,1.01,1.0,16,3,300.0,,,3.67,5.0,비중역산_합계검증,원문 비중에서 개체수 역산,2._2024년_7월중_부산지역_신설법인_현황_조사_보고서_대외용.pdf,원문에 기재된 구군 비중을 월총계에 역산해 정수 개체수로 복원했으며 16개 구군 합계가 월총계와 일치함.
202407,영도구,5,397,1.26,1.3,15,-6,-54.55,,,7.0,7.67,비중역산_합계검증,원문 비중에서 개체수 역산,2._2024년_7월중_부산지역_신설법인_현황_조사_보고서_대외용.pdf,원문에 기재된 구군 비중을 월총계에 역산해 정수 개체수로 복원했으며 16개 구군 합계가 월총계와 일치함.
202408,강서구,32,310,10.32,10.3,3,-24,-42.86,,,41.33,42.67,비중역산_합계검증,원문 비중에서 개체수 역산,2._2024년_8월중_부산지역_신설법인_현황_조사_보고서_대외용.pdf,원문에 기재된 구군 비중을 월총계에 역산해 정수 개체수로 복원했으며 16개 구군 합계가 월총계와 일치함.
202408,해운대구,52,310,16.77,16.8,1,-16,-23.53,,,60.33,62.33,비중역산_합계검증,원문 직접 기재 개체수,2._2024년_8월중_부산지역_신설법인_현황_조사_보고서_대외용.pdf,원문에 기재된 구군 비중을 월총계에 역산해 정수 개체수로 복원했으며 16개 구군 합계가 월총계와 일치함.
202408,부산진구,33,310,10.65,10.6,2,-4,-10.81,,,32.33,37.33,비중역산_합계검증,원문 비중에서 개체수 역산,2._2024년_8월중_부산지역_신설법인_현황_조사_보고서_대외용.pdf,원문에 기재된 구군 비중을 월총계에 역산해 정수 개체수로 복원했으며 16개 구군 합계가 월총계와 일치함.
202408,기장군,17,310,5.48,5.5,8,-10,-37.04,,,22.33,19.33,비중역산_합계검증,원문 비중에서 개체수 역산,2._2024년_8월중_부산지역_신설법인_현황_조사_보고서_대외용.pdf,원문에 기재된 구군 비중을 월총계에 역산해 정수 개체수로 복원했으며 16개 구군 합계가 월총계와 일치함.
202408,남구,21,310,6.77,6.8,4,1,5.0,,,24.0,23.67,비중역산_합계검증,원문 비중에서 개체수 역산,2._2024년_8월중_부산지역_신설법인_현황_조사_보고서_대외용.pdf,원문에 기재된 구군 비중을 월총계에 역산해 정수 개체수로 복원했으며 16개 구군 합계가 월총계와 일치함.
202408,동래구,18,310,5.81,5.8,7,-14,-43.75,,,24.0,21.5,비중역산_합계검증,원문 비중에서 개체수 역산,2._2024년_8월중_부산지역_신설법인_현황_조사_보고서_대외용.pdf,원문에 기재된 구군 비중을 월총계에 역산해 정수 개체수로 복원했으며 16개 구군 합계가 월총계와 일치함.
202408,수영구,14,310,4.52,4.5,12,-10,-41.67,,,16.67,17.5,비중역산_합계검증,원문 비중에서 개체수 역산,2._2024년_8월중_부산지역_신설법인_현황_조사_보고서_대외용.pdf,원문에 기재된 구군 비중을 월총계에 역산해 정수 개체수로 복원했으며 16개 구군 합계가 월총계와 일치함.
202408,연제구,15,310,4.84,4.8,10,-6,-28.57,,,18.33,19.33,비중역산_합계검증,원문 비중에서 개체수 역산,2._2024년_8월중_부산지역_신설법인_현황_조사_보고서_대외용.pdf,원문에 기재된 구군 비중을 월총계에 역산해 정수 개체수로 복원했으며 16개 구군 합계가 월총계와 일치함.
202408,사상구,15,310,4.84,4.8,10,6,66.67,,,13.0,15.0,비중역산_합계검증,원문 비중에서 개체수 역산,2._2024년_8월중_부산지역_신설법인_현황_조사_보고서_대외용.pdf,원문에 기재된 구군 비중을 월총계에 역산해 정수 개체수로 복원했으며 16개 구군 합계가 월총계와 일치함.
202408,금정구,20,310,6.45,6.5,5,-3,-13.04,,,19.33,20.33,비중역산_합계검증,원문 비중에서 개체수 역산,2._2024년_8월중_부산지역_신설법인_현황_조사_보고서_대외용.pdf,원문에 기재된 구군 비중을 월총계에 역산해 정수 개체수로 복원했으며 16개 구군 합계가 월총계와 일치함.
202408,동구,17,310,5.48,5.5,8,-4,-19.05,,,17.33,19.33,비중역산_합계검증,원문 비중에서 개체수 역산,2._2024년_8월중_부산지역_신설법인_현황_조사_보고서_대외용.pdf,원문에 기재된 구군 비중을 월총계에 역산해 정수 개체수로 복원했으며 16개 구군 합계가 월총계와 일치함.
202408,사하구,19,310,6.13,6.1,6,-4,-17.39,,,17.33,18.0,비중역산_합계검증,원문 비중에서 개체수 역산,2._2024년_8월중_부산지역_신설법인_현황_조사_보고서_대외용.pdf,원문에 기재된 구군 비중을 월총계에 역산해 정수 개체수로 복원했으며 16개 구군 합계가 월총계와 일치함.
202408,북구,11,310,3.55,3.5,14,-2,-15.38,,,10.33,11.67,비중역산_합계검증,원문 비중에서 개체수 역산,2._2024년_8월중_부산지역_신설법인_현황_조사_보고서_대외용.pdf,원문에 기재된 구군 비중을 월총계에 역산해 정수 개체수로 복원했으며 16개 구군 합계가 월총계와 일치함.
202408,중구,13,310,4.19,4.2,13,-1,-7.14,,,13.33,12.67,비중역산_합계검증,원문 비중에서 개체수 역산,2._2024년_8월중_부산지역_신설법인_현황_조사_보고서_대외용.pdf,원문에 기재된 구군 비중을 월총계에 역산해 정수 개체수로 복원했으며 16개 구군 합계가 월총계와 일치함.
202408,서구,6,310,1.94,1.9,16,2,50.0,,,3.67,5.33,비중역산_합계검증,원문 비중에서 개체수 역산,2._2024년_8월중_부산지역_신설법인_현황_조사_보고서_대외용.pdf,원문에 기재된 구군 비중을 월총계에 역산해 정수 개체수로 복원했으며 16개 구군 합계가 월총계와 일치함.
202408,영도구,7,310,2.26,2.3,15,2,40.0,,,7.67,7.67,비중역산_합계검증,원문 비중에서 개체수 역산,2._2024년_8월중_부산지역_신설법인_현황_조사_보고서_대외용.pdf,원문에 기재된 구군 비중을 월총계에 역산해 정수 개체수로 복원했으며 16개 구군 합계가 월총계와 일치함.
202409,강서구,32,289,11.07,11.1,2,0,0.0,,,40.0,41.5,원문그래프직접,원문 구군별 그래프 개체수 직접 판독,2._2024년_9월중_부산지역_신설법인_현황_조사_보고서_대외용.pdf,본문 서술 비중 일부와 그래프 개체수가 불일치하여 그래프 개체수와 월총계를 우선 사용.
202409,해운대구,48,289,16.61,16.6,1,-4,-7.69,,,56.0,57.83,원문그래프직접,원문 구군별 그래프 개체수 직접 판독,2._2024년_9월중_부산지역_신설법인_현황_조사_보고서_대외용.pdf,본문 서술 비중 일부와 그래프 개체수가 불일치하여 그래프 개체수와 월총계를 우선 사용.
202409,부산진구,16,289,5.54,5.5,9,-17,-51.52,,,28.67,33.5,원문그래프직접,원문 구군별 그래프 개체수 직접 판독,2._2024년_9월중_부산지역_신설법인_현황_조사_보고서_대외용.pdf,본문 서술 비중 일부와 그래프 개체수가 불일치하여 그래프 개체수와 월총계를 우선 사용.
202409,기장군,17,289,5.88,5.9,7,0,0.0,,,20.33,19.67,원문그래프직접,원문 구군별 그래프 개체수 직접 판독,2._2024년_9월중_부산지역_신설법인_현황_조사_보고서_대외용.pdf,본문 서술 비중 일부와 그래프 개체수가 불일치하여 그래프 개체수와 월총계를 우선 사용.
202409,남구,30,289,10.38,10.4,3,9,42.86,,,23.67,24.67,원문그래프직접,원문 구군별 그래프 개체수 직접 판독,2._2024년_9월중_부산지역_신설법인_현황_조사_보고서_대외용.pdf,본문 서술 비중 일부와 그래프 개체수가 불일치하여 그래프 개체수와 월총계를 우선 사용.
202409,동래구,23,289,7.96,8.0,4,5,27.78,,,24.33,21.0,원문그래프직접,원문 구군별 그래프 개체수 직접 판독,2._2024년_9월중_부산지역_신설법인_현황_조사_보고서_대외용.pdf,본문 서술 비중 일부와 그래프 개체수가 불일치하여 그래프 개체수와 월총계를 우선 사용.
202409,수영구,17,289,5.88,5.9,7,3,21.43,,,18.33,18.0,원문그래프직접,원문 구군별 그래프 개체수 직접 판독,2._2024년_9월중_부산지역_신설법인_현황_조사_보고서_대외용.pdf,본문 서술 비중 일부와 그래프 개체수가 불일치하여 그래프 개체수와 월총계를 우선 사용.
202409,연제구,16,289,5.54,5.5,9,1,6.67,,,17.33,18.83,원문그래프직접,원문 구군별 그래프 개체수 직접 판독,2._2024년_9월중_부산지역_신설법인_현황_조사_보고서_대외용.pdf,본문 서술 비중 일부와 그래프 개체수가 불일치하여 그래프 개체수와 월총계를 우선 사용.
202409,사상구,21,289,7.27,7.3,6,6,40.0,,,15.0,15.83,원문그래프직접,원문 구군별 그래프 개체수 직접 판독,2._2024년_9월중_부산지역_신설법인_현황_조사_보고서_대외용.pdf,본문 서술 비중 일부와 그래프 개체수가 불일치하여 그래프 개체수와 월총계를 우선 사용.
202409,금정구,8,289,2.77,2.8,13,-12,-60.0,,,17.0,19.33,원문그래프직접,원문 구군별 그래프 개체수 직접 판독,2._2024년_9월중_부산지역_신설법인_현황_조사_보고서_대외용.pdf,본문 서술 비중 일부와 그래프 개체수가 불일치하여 그래프 개체수와 월총계를 우선 사용.
202409,동구,7,289,2.42,2.4,14,-10,-58.82,,,15.0,17.83,원문그래프직접,원문 구군별 그래프 개체수 직접 판독,2._2024년_9월중_부산지역_신설법인_현황_조사_보고서_대외용.pdf,본문 서술 비중 일부와 그래프 개체수가 불일치하여 그래프 개체수와 월총계를 우선 사용.
202409,사하구,23,289,7.96,8.0,4,4,21.05,,,21.67,18.0,원문그래프직접,원문 구군별 그래프 개체수 직접 판독,2._2024년_9월중_부산지역_신설법인_현황_조사_보고서_대외용.pdf,본문 서술 비중 일부와 그래프 개체수가 불일치하여 그래프 개체수와 월총계를 우선 사용.
202409,북구,11,289,3.81,3.8,11,0,0.0,,,11.67,11.17,원문그래프직접,원문 구군별 그래프 개체수 직접 판독,2._2024년_9월중_부산지역_신설법인_현황_조사_보고서_대외용.pdf,본문 서술 비중 일부와 그래프 개체수가 불일치하여 그래프 개체수와 월총계를 우선 사용.
202409,중구,5,289,1.73,1.7,15,-8,-61.54,,,10.67,11.83,원문그래프직접,원문 구군별 그래프 개체수 직접 판독,2._2024년_9월중_부산지역_신설법인_현황_조사_보고서_대외용.pdf,본문 서술 비중 일부와 그래프 개체수가 불일치하여 그래프 개체수와 월총계를 우선 사용.
202409,서구,4,289,1.38,1.4,16,-2,-33.33,,,4.67,3.83,원문그래프직접,원문 구군별 그래프 개체수 직접 판독,2._2024년_9월중_부산지역_신설법인_현황_조사_보고서_대외용.pdf,본문 서술 비중 일부와 그래프 개체수가 불일치하여 그래프 개체수와 월총계를 우선 사용.
202409,영도구,11,289,3.81,3.8,11,4,57.14,,,7.67,8.0,원문그래프직접,원문 구군별 그래프 개체수 직접 판독,2._2024년_9월중_부산지역_신설법인_현황_조사_보고서_대외용.pdf,본문 서술 비중 일부와 그래프 개체수가 불일치하여 그래프 개체수와 월총계를 우선 사용.
202410,강서구,40,371,10.78,10.8,2,8,25.0,,,34.67,40.5,비중역산_합계검증,원문 비중에서 개체수 역산,2._2024년_10월중_부산지역_신설법인_현황_조사_보고서_대외용.pdf,원문에 기재된 구군 비중을 월총계에 역산해 정수 개체수로 복원했으며 16개 구군 합계가 월총계와 일치함.
202410,해운대구,51,371,13.75,13.7,1,3,6.25,,,50.33,58.17,비중역산_합계검증,원문 직접 기재 개체수,2._2024년_10월중_부산지역_신설법인_현황_조사_보고서_대외용.pdf,원문에 기재된 구군 비중을 월총계에 역산해 정수 개체수로 복원했으며 16개 구군 합계가 월총계와 일치함.
202410,부산진구,34,371,9.16,9.2,3,18,112.5,,,27.67,30.17,비중역산_합계검증,원문 비중에서 개체수 역산,2._2024년_10월중_부산지역_신설법인_현황_조사_보고서_대외용.pdf,원문에 기재된 구군 비중을 월총계에 역산해 정수 개체수로 복원했으며 16개 구군 합계가 월총계와 일치함.
202410,기장군,32,371,8.63,8.6,4,15,88.24,,,22.0,21.83,비중역산_합계검증,원문 비중에서 개체수 역산,2._2024년_10월중_부산지역_신설법인_현황_조사_보고서_대외용.pdf,원문에 기재된 구군 비중을 월총계에 역산해 정수 개체수로 복원했으며 16개 구군 합계가 월총계와 일치함.
202410,남구,32,371,8.63,8.6,4,2,6.67,,,27.67,25.83,비중역산_합계검증,원문 비중에서 개체수 역산,2._2024년_10월중_부산지역_신설법인_현황_조사_보고서_대외용.pdf,원문에 기재된 구군 비중을 월총계에 역산해 정수 개체수로 복원했으며 16개 구군 합계가 월총계와 일치함.
202410,동래구,26,371,7.01,7.0,6,3,13.04,,,22.33,23.83,비중역산_합계검증,원문 비중에서 개체수 역산,2._2024년_10월중_부산지역_신설법인_현황_조사_보고서_대외용.pdf,원문에 기재된 구군 비중을 월총계에 역산해 정수 개체수로 복원했으며 16개 구군 합계가 월총계와 일치함.
202410,수영구,25,371,6.74,6.7,8,8,47.06,,,18.67,18.33,비중역산_합계검증,원문 비중에서 개체수 역산,2._2024년_10월중_부산지역_신설법인_현황_조사_보고서_대외용.pdf,원문에 기재된 구군 비중을 월총계에 역산해 정수 개체수로 복원했으며 16개 구군 합계가 월총계와 일치함.
202410,연제구,26,371,7.01,7.0,6,10,62.5,,,19.0,20.0,비중역산_합계검증,원문 비중에서 개체수 역산,2._2024년_10월중_부산지역_신설법인_현황_조사_보고서_대외용.pdf,원문에 기재된 구군 비중을 월총계에 역산해 정수 개체수로 복원했으며 16개 구군 합계가 월총계와 일치함.
202410,사상구,17,371,4.58,4.6,10,-4,-19.05,,,17.67,15.5,비중역산_합계검증,원문 비중에서 개체수 역산,2._2024년_10월중_부산지역_신설법인_현황_조사_보고서_대외용.pdf,원문에 기재된 구군 비중을 월총계에 역산해 정수 개체수로 복원했으며 16개 구군 합계가 월총계와 일치함.
202410,금정구,15,371,4.04,4.0,12,7,87.5,,,14.33,17.67,비중역산_합계검증,원문 비중에서 개체수 역산,2._2024년_10월중_부산지역_신설법인_현황_조사_보고서_대외용.pdf,원문에 기재된 구군 비중을 월총계에 역산해 정수 개체수로 복원했으며 16개 구군 합계가 월총계와 일치함.
202410,동구,18,371,4.85,4.9,9,11,157.14,,,14.0,16.5,비중역산_합계검증,원문 비중에서 개체수 역산,2._2024년_10월중_부산지역_신설법인_현황_조사_보고서_대외용.pdf,원문에 기재된 구군 비중을 월총계에 역산해 정수 개체수로 복원했으며 16개 구군 합계가 월총계와 일치함.
202410,사하구,17,371,4.58,4.6,10,-6,-26.09,,,19.67,18.0,비중역산_합계검증,원문 비중에서 개체수 역산,2._2024년_10월중_부산지역_신설법인_현황_조사_보고서_대외용.pdf,원문에 기재된 구군 비중을 월총계에 역산해 정수 개체수로 복원했으며 16개 구군 합계가 월총계와 일치함.
202410,북구,10,371,2.7,2.7,14,-1,-9.09,,,10.67,10.5,비중역산_합계검증,원문 비중에서 개체수 역산,2._2024년_10월중_부산지역_신설법인_현황_조사_보고서_대외용.pdf,원문에 기재된 구군 비중을 월총계에 역산해 정수 개체수로 복원했으며 16개 구군 합계가 월총계와 일치함.
202410,중구,10,371,2.7,2.7,14,5,100.0,,,9.33,10.83,비중역산_합계검증,원문 비중에서 개체수 역산,2._2024년_10월중_부산지역_신설법인_현황_조사_보고서_대외용.pdf,원문에 기재된 구군 비중을 월총계에 역산해 정수 개체수로 복원했으며 16개 구군 합계가 월총계와 일치함.
202410,서구,11,371,2.96,3.0,13,7,175.0,,,7.0,5.33,비중역산_합계검증,원문 비중에서 개체수 역산,2._2024년_10월중_부산지역_신설법인_현황_조사_보고서_대외용.pdf,원문에 기재된 구군 비중을 월총계에 역산해 정수 개체수로 복원했으며 16개 구군 합계가 월총계와 일치함.
202410,영도구,7,371,1.89,1.9,16,-4,-36.36,,,8.33,7.67,비중역산_합계검증,원문 비중에서 개체수 역산,2._2024년_10월중_부산지역_신설법인_현황_조사_보고서_대외용.pdf,원문에 기재된 구군 비중을 월총계에 역산해 정수 개체수로 복원했으며 16개 구군 합계가 월총계와 일치함.
202411,강서구,37,369,10.03,10.0,2,-3,-7.5,,,36.33,38.83,비중역산_합계검증,원문 비중에서 개체수 역산,2._2024년_11월중_부산지역_신설법인_현황_조사_보고서_대외용.pdf,원문에 기재된 구군 비중을 월총계에 역산해 정수 개체수로 복원했으며 16개 구군 합계가 월총계와 일치함.
202411,해운대구,55,369,14.91,14.9,1,4,7.84,,,51.33,55.83,비중역산_합계검증,원문 직접 기재 개체수,2._2024년_11월중_부산지역_신설법인_현황_조사_보고서_대외용.pdf,원문에 기재된 구군 비중을 월총계에 역산해 정수 개체수로 복원했으며 16개 구군 합계가 월총계와 일치함.
202411,부산진구,34,369,9.21,9.2,3,0,0.0,,,28.0,30.17,비중역산_합계검증,원문 비중에서 개체수 역산,2._2024년_11월중_부산지역_신설법인_현황_조사_보고서_대외용.pdf,원문에 기재된 구군 비중을 월총계에 역산해 정수 개체수로 복원했으며 16개 구군 합계가 월총계와 일치함.
202411,기장군,18,369,4.88,4.9,10,-14,-43.75,,,22.33,22.33,비중역산_합계검증,원문 비중에서 개체수 역산,2._2024년_11월중_부산지역_신설법인_현황_조사_보고서_대외용.pdf,원문에 기재된 구군 비중을 월총계에 역산해 정수 개체수로 복원했으며 16개 구군 합계가 월총계와 일치함.
202411,남구,28,369,7.59,7.6,6,-4,-12.5,,,30.0,27.0,비중역산_합계검증,원문 비중에서 개체수 역산,2._2024년_11월중_부산지역_신설법인_현황_조사_보고서_대외용.pdf,원문에 기재된 구군 비중을 월총계에 역산해 정수 개체수로 복원했으며 16개 구군 합계가 월총계와 일치함.
202411,동래구,19,369,5.15,5.1,9,-7,-26.92,,,22.67,23.33,비중역산_합계검증,원문 비중에서 개체수 역산,2._2024년_11월중_부산지역_신설법인_현황_조사_보고서_대외용.pdf,원문에 기재된 구군 비중을 월총계에 역산해 정수 개체수로 복원했으며 16개 구군 합계가 월총계와 일치함.
202411,수영구,14,369,3.79,3.8,12,-11,-44.0,,,18.67,17.67,비중역산_합계검증,원문 비중에서 개체수 역산,2._2024년_11월중_부산지역_신설법인_현황_조사_보고서_대외용.pdf,원문에 기재된 구군 비중을 월총계에 역산해 정수 개체수로 복원했으며 16개 구군 합계가 월총계와 일치함.
202411,연제구,24,369,6.5,6.5,8,-2,-7.69,,,22.0,20.17,비중역산_합계검증,원문 비중에서 개체수 역산,2._2024년_11월중_부산지역_신설법인_현황_조사_보고서_대외용.pdf,원문에 기재된 구군 비중을 월총계에 역산해 정수 개체수로 복원했으며 16개 구군 합계가 월총계와 일치함.
202411,사상구,29,369,7.86,7.9,5,12,70.59,,,22.33,17.67,비중역산_합계검증,원문 비중에서 개체수 역산,2._2024년_11월중_부산지역_신설법인_현황_조사_보고서_대외용.pdf,원문에 기재된 구군 비중을 월총계에 역산해 정수 개체수로 복원했으며 16개 구군 합계가 월총계와 일치함.
202411,금정구,14,369,3.79,3.8,12,-1,-6.67,,,12.33,15.83,비중역산_합계검증,원문 비중에서 개체수 역산,2._2024년_11월중_부산지역_신설법인_현황_조사_보고서_대외용.pdf,원문에 기재된 구군 비중을 월총계에 역산해 정수 개체수로 복원했으며 16개 구군 합계가 월총계와 일치함.
202411,동구,27,369,7.32,7.3,7,9,50.0,,,17.33,17.33,비중역산_합계검증,원문 비중에서 개체수 역산,2._2024년_11월중_부산지역_신설법인_현황_조사_보고서_대외용.pdf,원문에 기재된 구군 비중을 월총계에 역산해 정수 개체수로 복원했으며 16개 구군 합계가 월총계와 일치함.
202411,사하구,33,369,8.94,8.9,4,16,94.12,,,24.33,20.83,비중역산_합계검증,원문 비중에서 개체수 역산,2._2024년_11월중_부산지역_신설법인_현황_조사_보고서_대외용.pdf,원문에 기재된 구군 비중을 월총계에 역산해 정수 개체수로 복원했으며 16개 구군 합계가 월총계와 일치함.
202411,북구,8,369,2.17,2.2,15,-2,-20.0,,,9.67,10.0,비중역산_합계검증,원문 비중에서 개체수 역산,2._2024년_11월중_부산지역_신설법인_현황_조사_보고서_대외용.pdf,원문에 기재된 구군 비중을 월총계에 역산해 정수 개체수로 복원했으며 16개 구군 합계가 월총계와 일치함.
202411,중구,17,369,4.61,4.6,11,7,70.0,,,10.67,12.0,비중역산_합계검증,원문 비중에서 개체수 역산,2._2024년_11월중_부산지역_신설법인_현황_조사_보고서_대외용.pdf,원문에 기재된 구군 비중을 월총계에 역산해 정수 개체수로 복원했으며 16개 구군 합계가 월총계와 일치함.
202411,서구,3,369,0.81,0.8,16,-8,-72.73,,,6.0,4.83,비중역산_합계검증,원문 비중에서 개체수 역산,2._2024년_11월중_부산지역_신설법인_현황_조사_보고서_대외용.pdf,원문에 기재된 구군 비중을 월총계에 역산해 정수 개체수로 복원했으며 16개 구군 합계가 월총계와 일치함.
202411,영도구,9,369,2.44,2.4,14,2,28.57,,,9.0,8.33,비중역산_합계검증,원문 비중에서 개체수 역산,2._2024년_11월중_부산지역_신설법인_현황_조사_보고서_대외용.pdf,원문에 기재된 구군 비중을 월총계에 역산해 정수 개체수로 복원했으며 16개 구군 합계가 월총계와 일치함.
202412,강서구,58,364,15.93,15.9,1,21,56.76,,,45.0,42.5,비중역산_합계검증,원문 직접 기재 개체수,2._2024년_12월_및_2024년도_부산지역_신설법인_현황_조사_보고서.pdf,원문에 기재된 구군 비중을 월총계에 역산해 정수 개체수로 복원했으며 16개 구군 합계가 월총계와 일치함.
202412,해운대구,52,364,14.29,14.3,2,-3,-5.45,,,52.67,54.33,비중역산_합계검증,원문 비중에서 개체수 역산,2._2024년_12월_및_2024년도_부산지역_신설법인_현황_조사_보고서.pdf,원문에 기재된 구군 비중을 월총계에 역산해 정수 개체수로 복원했으며 16개 구군 합계가 월총계와 일치함.
202412,부산진구,35,364,9.62,9.6,3,1,2.94,,,34.33,31.5,비중역산_합계검증,원문 비중에서 개체수 역산,2._2024년_12월_및_2024년도_부산지역_신설법인_현황_조사_보고서.pdf,원문에 기재된 구군 비중을 월총계에 역산해 정수 개체수로 복원했으며 16개 구군 합계가 월총계와 일치함.
202412,기장군,20,364,5.49,5.5,8,2,11.11,,,23.33,21.83,비중역산_합계검증,원문 비중에서 개체수 역산,2._2024년_12월_및_2024년도_부산지역_신설법인_현황_조사_보고서.pdf,원문에 기재된 구군 비중을 월총계에 역산해 정수 개체수로 복원했으며 16개 구군 합계가 월총계와 일치함.
202412,남구,28,364,7.69,7.7,4,0,0.0,,,29.33,26.5,비중역산_합계검증,원문 비중에서 개체수 역산,2._2024년_12월_및_2024년도_부산지역_신설법인_현황_조사_보고서.pdf,원문에 기재된 구군 비중을 월총계에 역산해 정수 개체수로 복원했으며 16개 구군 합계가 월총계와 일치함.
202412,동래구,24,364,6.59,6.6,6,5,26.32,,,23.0,23.67,비중역산_합계검증,원문 비중에서 개체수 역산,2._2024년_12월_및_2024년도_부산지역_신설법인_현황_조사_보고서.pdf,원문에 기재된 구군 비중을 월총계에 역산해 정수 개체수로 복원했으며 16개 구군 합계가 월총계와 일치함.
202412,수영구,14,364,3.85,3.8,10,0,0.0,,,17.67,18.0,비중역산_합계검증,원문 비중에서 개체수 역산,2._2024년_12월_및_2024년도_부산지역_신설법인_현황_조사_보고서.pdf,원문에 기재된 구군 비중을 월총계에 역산해 정수 개체수로 복원했으며 16개 구군 합계가 월총계와 일치함.
202412,연제구,14,364,3.85,3.8,10,-10,-41.67,,,21.33,19.33,비중역산_합계검증,원문 비중에서 개체수 역산,2._2024년_12월_및_2024년도_부산지역_신설법인_현황_조사_보고서.pdf,원문에 기재된 구군 비중을 월총계에 역산해 정수 개체수로 복원했으며 16개 구군 합계가 월총계와 일치함.
202412,사상구,26,364,7.14,7.1,5,-3,-10.34,,,24.0,19.5,비중역산_합계검증,원문 비중에서 개체수 역산,2._2024년_12월_및_2024년도_부산지역_신설법인_현황_조사_보고서.pdf,원문에 기재된 구군 비중을 월총계에 역산해 정수 개체수로 복원했으며 16개 구군 합계가 월총계와 일치함.
202412,금정구,20,364,5.49,5.5,8,6,42.86,,,16.33,16.67,비중역산_합계검증,원문 비중에서 개체수 역산,2._2024년_12월_및_2024년도_부산지역_신설법인_현황_조사_보고서.pdf,원문에 기재된 구군 비중을 월총계에 역산해 정수 개체수로 복원했으며 16개 구군 합계가 월총계와 일치함.
202412,동구,10,364,2.75,2.7,14,-17,-62.96,,,18.33,16.67,비중역산_합계검증,원문 비중에서 개체수 역산,2._2024년_12월_및_2024년도_부산지역_신설법인_현황_조사_보고서.pdf,원문에 기재된 구군 비중을 월총계에 역산해 정수 개체수로 복원했으며 16개 구군 합계가 월총계와 일치함.
202412,사하구,23,364,6.32,6.3,7,-10,-30.3,,,24.33,23.0,비중역산_합계검증,원문 비중에서 개체수 역산,2._2024년_12월_및_2024년도_부산지역_신설법인_현황_조사_보고서.pdf,원문에 기재된 구군 비중을 월총계에 역산해 정수 개체수로 복원했으며 16개 구군 합계가 월총계와 일치함.
202412,북구,11,364,3.02,3.0,13,3,37.5,,,9.67,10.67,비중역산_합계검증,원문 비중에서 개체수 역산,2._2024년_12월_및_2024년도_부산지역_신설법인_현황_조사_보고서.pdf,원문에 기재된 구군 비중을 월총계에 역산해 정수 개체수로 복원했으며 16개 구군 합계가 월총계와 일치함.
202412,중구,13,364,3.57,3.6,12,-4,-23.53,,,13.33,12.0,비중역산_합계검증,원문 비중에서 개체수 역산,2._2024년_12월_및_2024년도_부산지역_신설법인_현황_조사_보고서.pdf,원문에 기재된 구군 비중을 월총계에 역산해 정수 개체수로 복원했으며 16개 구군 합계가 월총계와 일치함.
202412,서구,8,364,2.2,2.2,15,5,166.67,,,7.33,6.0,비중역산_합계검증,원문 비중에서 개체수 역산,2._2024년_12월_및_2024년도_부산지역_신설법인_현황_조사_보고서.pdf,원문에 기재된 구군 비중을 월총계에 역산해 정수 개체수로 복원했으며 16개 구군 합계가 월총계와 일치함.
202412,영도구,8,364,2.2,2.2,15,-1,-11.11,,,8.0,7.83,비중역산_합계검증,원문 비중에서 개체수 역산,2._2024년_12월_및_2024년도_부산지역_신설법인_현황_조사_보고서.pdf,원문에 기재된 구군 비중을 월총계에 역산해 정수 개체수로 복원했으며 16개 구군 합계가 월총계와 일치함.
202501,강서구,51,354,14.41,14.4,2,-7,-12.07,-18,-26.09,48.67,41.67,원문그래프직접,원문 구군별 그래프 개체수 직접 판독,2._2025년_1월중_부산지역_신설법인_현황_조사_보고서.pdf,본문 서술 비중 일부와 그래프 개체수가 불일치하여 그래프 개체수와 월총계를 우선 사용.
202501,해운대구,45,354,12.71,12.7,3,-7,-13.46,-21,-31.82,50.67,50.5,원문그래프직접,원문 구군별 그래프 개체수 직접 판독,2._2025년_1월중_부산지역_신설법인_현황_조사_보고서.pdf,본문 서술 비중 일부와 그래프 개체수가 불일치하여 그래프 개체수와 월총계를 우선 사용.
202501,부산진구,27,354,7.63,7.6,5,-8,-22.86,-15,-35.71,32.0,29.83,원문그래프직접,원문 구군별 그래프 개체수 직접 판독,2._2025년_1월중_부산지역_신설법인_현황_조사_보고서.pdf,본문 서술 비중 일부와 그래프 개체수가 불일치하여 그래프 개체수와 월총계를 우선 사용.
202501,기장군,29,354,8.19,8.2,4,9,45.0,-6,-17.14,22.33,22.17,원문그래프직접,원문 구군별 그래프 개체수 직접 판독,2._2025년_1월중_부산지역_신설법인_현황_조사_보고서.pdf,본문 서술 비중 일부와 그래프 개체수가 불일치하여 그래프 개체수와 월총계를 우선 사용.
202501,남구,26,354,7.34,7.3,6,-2,-7.14,-2,-7.14,27.33,27.5,원문그래프직접,원문 구군별 그래프 개체수 직접 판독,2._2025년_1월중_부산지역_신설법인_현황_조사_보고서.pdf,본문 서술 비중 일부와 그래프 개체수가 불일치하여 그래프 개체수와 월총계를 우선 사용.
202501,동래구,19,354,5.37,5.4,7,-5,-20.83,-9,-32.14,20.67,21.5,원문그래프직접,원문 구군별 그래프 개체수 직접 판독,2._2025년_1월중_부산지역_신설법인_현황_조사_보고서.pdf,본문 서술 비중 일부와 그래프 개체수가 불일치하여 그래프 개체수와 월총계를 우선 사용.
202501,수영구,55,354,15.54,15.5,1,41,292.86,27,96.43,27.67,23.17,원문그래프직접,원문 구군별 그래프 개체수 직접 판독,2._2025년_1월중_부산지역_신설법인_현황_조사_보고서.pdf,본문 서술 비중 일부와 그래프 개체수가 불일치하여 그래프 개체수와 월총계를 우선 사용.
202501,연제구,11,354,3.11,3.1,12,-3,-21.43,-13,-54.17,16.33,17.67,원문그래프직접,원문 구군별 그래프 개체수 직접 판독,2._2025년_1월중_부산지역_신설법인_현황_조사_보고서.pdf,본문 서술 비중 일부와 그래프 개체수가 불일치하여 그래프 개체수와 월총계를 우선 사용.
202501,사상구,19,354,5.37,5.4,7,-7,-26.92,-4,-17.39,24.67,21.17,원문그래프직접,원문 구군별 그래프 개체수 직접 판독,2._2025년_1월중_부산지역_신설법인_현황_조사_보고서.pdf,본문 서술 비중 일부와 그래프 개체수가 불일치하여 그래프 개체수와 월총계를 우선 사용.
202501,금정구,13,354,3.67,3.7,11,-7,-35.0,-9,-40.91,15.67,15.0,원문그래프직접,원문 구군별 그래프 개체수 직접 판독,2._2025년_1월중_부산지역_신설법인_현황_조사_보고서.pdf,본문 서술 비중 일부와 그래프 개체수가 불일치하여 그래프 개체수와 월총계를 우선 사용.
202501,동구,14,354,3.95,4.0,10,4,40.0,-8,-36.36,17.0,15.5,원문그래프직접,원문 구군별 그래프 개체수 직접 판독,2._2025년_1월중_부산지역_신설법인_현황_조사_보고서.pdf,본문 서술 비중 일부와 그래프 개체수가 불일치하여 그래프 개체수와 월총계를 우선 사용.
202501,사하구,10,354,2.82,2.8,14,-13,-56.52,-10,-50.0,22.0,20.83,원문그래프직접,원문 구군별 그래프 개체수 직접 판독,2._2025년_1월중_부산지역_신설법인_현황_조사_보고서.pdf,본문 서술 비중 일부와 그래프 개체수가 불일치하여 그래프 개체수와 월총계를 우선 사용.
202501,북구,15,354,4.24,4.2,9,4,36.36,0,0.0,11.33,11.0,원문그래프직접,원문 구군별 그래프 개체수 직접 판독,2._2025년_1월중_부산지역_신설법인_현황_조사_보고서.pdf,본문 서술 비중 일부와 그래프 개체수가 불일치하여 그래프 개체수와 월총계를 우선 사용.
202501,중구,11,354,3.11,3.1,12,-2,-15.38,-4,-26.67,13.67,11.5,원문그래프직접,원문 구군별 그래프 개체수 직접 판독,2._2025년_1월중_부산지역_신설법인_현황_조사_보고서.pdf,본문 서술 비중 일부와 그래프 개체수가 불일치하여 그래프 개체수와 월총계를 우선 사용.
202501,서구,3,354,0.85,0.8,16,-5,-62.5,-7,-70.0,4.67,5.83,원문그래프직접,원문 구군별 그래프 개체수 직접 판독,2._2025년_1월중_부산지역_신설법인_현황_조사_보고서.pdf,본문 서술 비중 일부와 그래프 개체수가 불일치하여 그래프 개체수와 월총계를 우선 사용.
202501,영도구,6,354,1.69,1.7,15,-2,-25.0,0,0.0,7.67,8.0,원문그래프직접,원문 구군별 그래프 개체수 직접 판독,2._2025년_1월중_부산지역_신설법인_현황_조사_보고서.pdf,본문 서술 비중 일부와 그래프 개체수가 불일치하여 그래프 개체수와 월총계를 우선 사용.
202502,강서구,45,371,12.13,12.1,2,-6,-11.76,0,0.0,51.33,43.83,비중역산_합계검증,원문 비중에서 개체수 역산,2._2025년_2월중_부산지역_신설법인_현황_조사_보고서.pdf,원문에 기재된 구군 비중을 월총계에 역산해 정수 개체수로 복원했으며 16개 구군 합계가 월총계와 일치함.
202502,해운대구,57,371,15.36,15.4,1,12,26.67,0,0.0,51.33,51.33,비중역산_합계검증,원문 직접 기재 개체수,2._2025년_2월중_부산지역_신설법인_현황_조사_보고서.pdf,원문에 기재된 구군 비중을 월총계에 역산해 정수 개체수로 복원했으며 16개 구군 합계가 월총계와 일치함.
202502,부산진구,30,371,8.09,8.1,4,3,11.11,1,3.45,30.67,29.33,비중역산_합계검증,원문 비중에서 개체수 역산,2._2025년_2월중_부산지역_신설법인_현황_조사_보고서.pdf,원문에 기재된 구군 비중을 월총계에 역산해 정수 개체수로 복원했으며 16개 구군 합계가 월총계와 일치함.
202502,기장군,27,371,7.28,7.3,5,-2,-6.9,6,28.57,25.33,23.83,비중역산_합계검증,원문 비중에서 개체수 역산,2._2025년_2월중_부산지역_신설법인_현황_조사_보고서.pdf,원문에 기재된 구군 비중을 월총계에 역산해 정수 개체수로 복원했으며 16개 구군 합계가 월총계와 일치함.
202502,남구,19,371,5.12,5.1,8,-7,-26.92,-2,-9.52,24.33,27.17,비중역산_합계검증,원문 비중에서 개체수 역산,2._2025년_2월중_부산지역_신설법인_현황_조사_보고서.pdf,원문에 기재된 구군 비중을 월총계에 역산해 정수 개체수로 복원했으며 16개 구군 합계가 월총계와 일치함.
202502,동래구,19,371,5.12,5.1,8,0,0.0,1,5.56,20.67,21.67,비중역산_합계검증,원문 비중에서 개체수 역산,2._2025년_2월중_부산지역_신설법인_현황_조사_보고서.pdf,원문에 기재된 구군 비중을 월총계에 역산해 정수 개체수로 복원했으며 16개 구군 합계가 월총계와 일치함.
202502,수영구,41,371,11.05,11.1,3,-14,-25.45,26,173.33,36.67,27.67,비중역산_합계검증,원문 비중에서 개체수 역산,2._2025년_2월중_부산지역_신설법인_현황_조사_보고서.pdf,원문에 기재된 구군 비중을 월총계에 역산해 정수 개체수로 복원했으며 16개 구군 합계가 월총계와 일치함.
202502,연제구,17,371,4.58,4.6,12,6,54.55,-8,-32.0,14.0,18.0,비중역산_합계검증,원문 비중에서 개체수 역산,2._2025년_2월중_부산지역_신설법인_현황_조사_보고서.pdf,원문에 기재된 구군 비중을 월총계에 역산해 정수 개체수로 복원했으며 16개 구군 합계가 월총계와 일치함.
202502,사상구,19,371,5.12,5.1,8,0,0.0,5,35.71,21.33,21.83,비중역산_합계검증,원문 비중에서 개체수 역산,2._2025년_2월중_부산지역_신설법인_현황_조사_보고서.pdf,원문에 기재된 구군 비중을 월총계에 역산해 정수 개체수로 복원했으며 16개 구군 합계가 월총계와 일치함.
202502,금정구,21,371,5.66,5.7,7,8,61.54,3,16.67,18.0,15.17,비중역산_합계검증,원문 비중에서 개체수 역산,2._2025년_2월중_부산지역_신설법인_현황_조사_보고서.pdf,원문에 기재된 구군 비중을 월총계에 역산해 정수 개체수로 복원했으며 16개 구군 합계가 월총계와 일치함.
202502,동구,15,371,4.04,4.0,13,1,7.14,-2,-11.76,13.0,15.17,비중역산_합계검증,원문 비중에서 개체수 역산,2._2025년_2월중_부산지역_신설법인_현황_조사_보고서.pdf,원문에 기재된 구군 비중을 월총계에 역산해 정수 개체수로 복원했으며 16개 구군 합계가 월총계와 일치함.
202502,사하구,22,371,5.93,5.9,6,12,120.0,5,29.41,18.33,21.33,비중역산_합계검증,원문 비중에서 개체수 역산,2._2025년_2월중_부산지역_신설법인_현황_조사_보고서.pdf,원문에 기재된 구군 비중을 월총계에 역산해 정수 개체수로 복원했으며 16개 구군 합계가 월총계와 일치함.
202502,북구,18,371,4.85,4.9,11,3,20.0,7,63.64,14.67,12.17,비중역산_합계검증,원문 비중에서 개체수 역산,2._2025년_2월중_부산지역_신설법인_현황_조사_보고서.pdf,원문에 기재된 구군 비중을 월총계에 역산해 정수 개체수로 복원했으며 16개 구군 합계가 월총계와 일치함.
202502,중구,10,371,2.7,2.7,14,-1,-9.09,2,25.0,11.33,11.0,비중역산_합계검증,원문 비중에서 개체수 역산,2._2025년_2월중_부산지역_신설법인_현황_조사_보고서.pdf,원문에 기재된 구군 비중을 월총계에 역산해 정수 개체수로 복원했으며 16개 구군 합계가 월총계와 일치함.
202502,서구,8,371,2.16,2.2,15,5,166.67,4,100.0,6.33,6.17,비중역산_합계검증,원문 비중에서 개체수 역산,2._2025년_2월중_부산지역_신설법인_현황_조사_보고서.pdf,원문에 기재된 구군 비중을 월총계에 역산해 정수 개체수로 복원했으며 16개 구군 합계가 월총계와 일치함.
202502,영도구,3,371,0.81,0.8,16,-3,-50.0,-4,-57.14,5.67,7.33,비중역산_합계검증,원문 비중에서 개체수 역산,2._2025년_2월중_부산지역_신설법인_현황_조사_보고서.pdf,원문에 기재된 구군 비중을 월총계에 역산해 정수 개체수로 복원했으며 16개 구군 합계가 월총계와 일치함.
202503,강서구,30,328,9.15,9.1,3,-15,-33.33,-9,-23.08,42.0,43.5,비중역산_합계검증,원문 비중에서 개체수 역산,2._2025년_3월중_부산지역_신설법인_현황_조사_보고서.pdf,원문에 기재된 구군 비중을 월총계에 역산해 정수 개체수로 복원했으며 16개 구군 합계가 월총계와 일치함.
202503,해운대구,41,328,12.5,12.5,2,-16,-28.07,-34,-45.33,47.67,50.17,비중역산_합계검증,원문 비중에서 개체수 역산,2._2025년_3월중_부산지역_신설법인_현황_조사_보고서.pdf,원문에 기재된 구군 비중을 월총계에 역산해 정수 개체수로 복원했으며 16개 구군 합계가 월총계와 일치함.
202503,부산진구,23,328,7.01,7.0,5,-7,-23.33,-16,-41.03,26.67,30.5,비중역산_합계검증,원문 비중에서 개체수 역산,2._2025년_3월중_부산지역_신설법인_현황_조사_보고서.pdf,원문에 기재된 구군 비중을 월총계에 역산해 정수 개체수로 복원했으며 16개 구군 합계가 월총계와 일치함.
202503,기장군,13,328,3.96,4.0,11,-14,-51.85,-2,-13.33,23.0,23.17,비중역산_합계검증,원문 비중에서 개체수 역산,2._2025년_3월중_부산지역_신설법인_현황_조사_보고서.pdf,원문에 기재된 구군 비중을 월총계에 역산해 정수 개체수로 복원했으며 16개 구군 합계가 월총계와 일치함.
202503,남구,24,328,7.32,7.3,4,5,26.32,0,0.0,23.0,26.17,비중역산_합계검증,원문 비중에서 개체수 역산,2._2025년_3월중_부산지역_신설법인_현황_조사_보고서.pdf,원문에 기재된 구군 비중을 월총계에 역산해 정수 개체수로 복원했으며 16개 구군 합계가 월총계와 일치함.
202503,동래구,17,328,5.18,5.2,7,-2,-10.53,-9,-34.62,18.33,20.67,비중역산_합계검증,원문 비중에서 개체수 역산,2._2025년_3월중_부산지역_신설법인_현황_조사_보고서.pdf,원문에 기재된 구군 비중을 월총계에 역산해 정수 개체수로 복원했으며 16개 구군 합계가 월총계와 일치함.
202503,수영구,71,328,21.65,21.6,1,30,73.17,57,407.14,55.67,36.67,비중역산_합계검증,원문 직접 기재 개체수,2._2025년_3월중_부산지역_신설법인_현황_조사_보고서.pdf,원문에 기재된 구군 비중을 월총계에 역산해 정수 개체수로 복원했으며 16개 구군 합계가 월총계와 일치함.
202503,연제구,16,328,4.88,4.9,8,-1,-5.88,-3,-15.79,14.67,18.0,비중역산_합계검증,원문 비중에서 개체수 역산,2._2025년_3월중_부산지역_신설법인_현황_조사_보고서.pdf,원문에 기재된 구군 비중을 월총계에 역산해 정수 개체수로 복원했으며 16개 구군 합계가 월총계와 일치함.
202503,사상구,19,328,5.79,5.8,6,0,0.0,3,18.75,19.0,21.5,비중역산_합계검증,원문 비중에서 개체수 역산,2._2025년_3월중_부산지역_신설법인_현황_조사_보고서.pdf,원문에 기재된 구군 비중을 월총계에 역산해 정수 개체수로 복원했으며 16개 구군 합계가 월총계와 일치함.
202503,금정구,16,328,4.88,4.9,8,-5,-23.81,2,14.29,16.67,16.5,비중역산_합계검증,원문 비중에서 개체수 역산,2._2025년_3월중_부산지역_신설법인_현황_조사_보고서.pdf,원문에 기재된 구군 비중을 월총계에 역산해 정수 개체수로 복원했으며 16개 구군 합계가 월총계와 일치함.
202503,동구,12,328,3.66,3.7,12,-3,-20.0,-4,-25.0,13.67,16.0,비중역산_합계검증,원문 비중에서 개체수 역산,2._2025년_3월중_부산지역_신설법인_현황_조사_보고서.pdf,원문에 기재된 구군 비중을 월총계에 역산해 정수 개체수로 복원했으며 16개 구군 합계가 월총계와 일치함.
202503,사하구,15,328,4.57,4.6,10,-7,-31.82,-8,-34.78,15.67,20.0,비중역산_합계검증,원문 비중에서 개체수 역산,2._2025년_3월중_부산지역_신설법인_현황_조사_보고서.pdf,원문에 기재된 구군 비중을 월총계에 역산해 정수 개체수로 복원했으며 16개 구군 합계가 월총계와 일치함.
202503,북구,12,328,3.66,3.7,12,-6,-33.33,-2,-14.29,15.0,12.33,비중역산_합계검증,원문 비중에서 개체수 역산,2._2025년_3월중_부산지역_신설법인_현황_조사_보고서.pdf,원문에 기재된 구군 비중을 월총계에 역산해 정수 개체수로 복원했으며 16개 구군 합계가 월총계와 일치함.
202503,중구,10,328,3.05,3.0,14,0,0.0,0,0.0,10.33,11.83,비중역산_합계검증,원문 비중에서 개체수 역산,2._2025년_3월중_부산지역_신설법인_현황_조사_보고서.pdf,원문에 기재된 구군 비중을 월총계에 역산해 정수 개체수로 복원했으며 16개 구군 합계가 월총계와 일치함.
202503,서구,3,328,0.91,0.9,16,-5,-62.5,-10,-76.92,4.67,6.0,비중역산_합계검증,원문 비중에서 개체수 역산,2._2025년_3월중_부산지역_신설법인_현황_조사_보고서.pdf,원문에 기재된 구군 비중을 월총계에 역산해 정수 개체수로 복원했으며 16개 구군 합계가 월총계와 일치함.
202503,영도구,6,328,1.83,1.8,15,3,100.0,-3,-33.33,5.0,6.5,비중역산_합계검증,원문 비중에서 개체수 역산,2._2025년_3월중_부산지역_신설법인_현황_조사_보고서.pdf,원문에 기재된 구군 비중을 월총계에 역산해 정수 개체수로 복원했으며 16개 구군 합계가 월총계와 일치함.
202504,강서구,35,335,10.45,10.4,2,5,16.67,-11,-23.91,36.67,42.67,원문그래프직접,원문 구군별 그래프 개체수 직접 판독,2._2025년_4월중_부산지역_신설법인_현황_조사_보고서.pdf,본문 서술 비중 일부와 그래프 개체수가 불일치하여 그래프 개체수와 월총계를 우선 사용.
202504,해운대구,58,335,17.31,17.3,1,17,41.46,9,18.37,52.0,51.33,원문그래프직접,원문 구군별 그래프 개체수 직접 판독,2._2025년_4월중_부산지역_신설법인_현황_조사_보고서.pdf,본문 서술 비중 일부와 그래프 개체수가 불일치하여 그래프 개체수와 월총계를 우선 사용.
202504,부산진구,27,335,8.06,8.1,3,4,17.39,-27,-50.0,26.67,29.33,원문그래프직접,원문 구군별 그래프 개체수 직접 판독,2._2025년_4월중_부산지역_신설법인_현황_조사_보고서.pdf,본문 서술 비중 일부와 그래프 개체수가 불일치하여 그래프 개체수와 월총계를 우선 사용.
202504,기장군,16,335,4.78,4.8,10,3,23.08,-3,-15.79,18.67,20.5,원문그래프직접,원문 구군별 그래프 개체수 직접 판독,2._2025년_4월중_부산지역_신설법인_현황_조사_보고서.pdf,본문 서술 비중 일부와 그래프 개체수가 불일치하여 그래프 개체수와 월총계를 우선 사용.
202504,남구,25,335,7.46,7.5,5,1,4.17,0,0.0,22.67,25.0,원문그래프직접,원문 구군별 그래프 개체수 직접 판독,2._2025년_4월중_부산지역_신설법인_현황_조사_보고서.pdf,본문 서술 비중 일부와 그래프 개체수가 불일치하여 그래프 개체수와 월총계를 우선 사용.
202504,동래구,27,335,8.06,8.1,3,10,58.82,18,200.0,21.0,20.83,원문그래프직접,원문 구군별 그래프 개체수 직접 판독,2._2025년_4월중_부산지역_신설법인_현황_조사_보고서.pdf,본문 서술 비중 일부와 그래프 개체수가 불일치하여 그래프 개체수와 월총계를 우선 사용.
202504,수영구,19,335,5.67,5.7,7,-52,-73.24,-4,-17.39,43.67,35.67,원문그래프직접,원문 구군별 그래프 개체수 직접 판독,2._2025년_4월중_부산지역_신설법인_현황_조사_보고서.pdf,본문 서술 비중 일부와 그래프 개체수가 불일치하여 그래프 개체수와 월총계를 우선 사용.
202504,연제구,15,335,4.48,4.5,12,-1,-6.25,-4,-21.05,16.0,16.17,원문그래프직접,원문 구군별 그래프 개체수 직접 판독,2._2025년_4월중_부산지역_신설법인_현황_조사_보고서.pdf,본문 서술 비중 일부와 그래프 개체수가 불일치하여 그래프 개체수와 월총계를 우선 사용.
202504,사상구,14,335,4.18,4.2,13,-5,-26.32,-5,-26.32,17.33,21.0,원문그래프직접,원문 구군별 그래프 개체수 직접 판독,2._2025년_4월중_부산지역_신설법인_현황_조사_보고서.pdf,본문 서술 비중 일부와 그래프 개체수가 불일치하여 그래프 개체수와 월총계를 우선 사용.
202504,금정구,18,335,5.37,5.4,9,2,12.5,-7,-28.0,18.33,17.0,원문그래프직접,원문 구군별 그래프 개체수 직접 판독,2._2025년_4월중_부산지역_신설법인_현황_조사_보고서.pdf,본문 서술 비중 일부와 그래프 개체수가 불일치하여 그래프 개체수와 월총계를 우선 사용.
202504,동구,19,335,5.67,5.7,7,7,58.33,-7,-26.92,15.33,16.17,원문그래프직접,원문 구군별 그래프 개체수 직접 판독,2._2025년_4월중_부산지역_신설법인_현황_조사_보고서.pdf,본문 서술 비중 일부와 그래프 개체수가 불일치하여 그래프 개체수와 월총계를 우선 사용.
202504,사하구,23,335,6.87,6.9,6,8,53.33,6,35.29,20.0,21.0,원문그래프직접,원문 구군별 그래프 개체수 직접 판독,2._2025년_4월중_부산지역_신설법인_현황_조사_보고서.pdf,본문 서술 비중 일부와 그래프 개체수가 불일치하여 그래프 개체수와 월총계를 우선 사용.
202504,북구,7,335,2.09,2.1,15,-5,-41.67,-7,-50.0,12.33,11.83,원문그래프직접,원문 구군별 그래프 개체수 직접 판독,2._2025년_4월중_부산지역_신설법인_현황_조사_보고서.pdf,본문 서술 비중 일부와 그래프 개체수가 불일치하여 그래프 개체수와 월총계를 우선 사용.
202504,중구,16,335,4.78,4.8,10,6,60.0,0,0.0,12.0,12.83,원문그래프직접,원문 구군별 그래프 개체수 직접 판독,2._2025년_4월중_부산지역_신설법인_현황_조사_보고서.pdf,본문 서술 비중 일부와 그래프 개체수가 불일치하여 그래프 개체수와 월총계를 우선 사용.
202504,서구,10,335,2.99,3.0,14,7,233.33,8,400.0,7.0,5.83,원문그래프직접,원문 구군별 그래프 개체수 직접 판독,2._2025년_4월중_부산지역_신설법인_현황_조사_보고서.pdf,본문 서술 비중 일부와 그래프 개체수가 불일치하여 그래프 개체수와 월총계를 우선 사용.
202504,영도구,6,335,1.79,1.8,16,0,0.0,-3,-33.33,5.0,6.33,원문그래프직접,원문 구군별 그래프 개체수 직접 판독,2._2025년_4월중_부산지역_신설법인_현황_조사_보고서.pdf,본문 서술 비중 일부와 그래프 개체수가 불일치하여 그래프 개체수와 월총계를 우선 사용.
202505,강서구,45,367,12.26,12.3,2,10,28.57,-2,-4.26,36.67,44.0,비중역산_합계검증,원문 비중에서 개체수 역산,2._2025년_5월중_부산지역_신설법인_현황_조사_보고서.pdf,원문에 기재된 구군 비중을 월총계에 역산해 정수 개체수로 복원했으며 16개 구군 합계가 월총계와 일치함.
202505,해운대구,47,367,12.81,12.8,1,-11,-18.97,-22,-31.88,48.67,50.0,비중역산_합계검증,원문 직접 기재 개체수,2._2025년_5월중_부산지역_신설법인_현황_조사_보고서.pdf,원문에 기재된 구군 비중을 월총계에 역산해 정수 개체수로 복원했으며 16개 구군 합계가 월총계와 일치함.
202505,부산진구,45,367,12.26,12.3,2,18,66.67,11,32.35,31.67,31.17,비중역산_합계검증,원문 비중에서 개체수 역산,2._2025년_5월중_부산지역_신설법인_현황_조사_보고서.pdf,원문에 기재된 구군 비중을 월총계에 역산해 정수 개체수로 복원했으며 16개 구군 합계가 월총계와 일치함.
202505,기장군,14,367,3.81,3.8,11,-2,-12.5,-1,-6.67,14.33,19.83,비중역산_합계검증,원문 비중에서 개체수 역산,2._2025년_5월중_부산지역_신설법인_현황_조사_보고서.pdf,원문에 기재된 구군 비중을 월총계에 역산해 정수 개체수로 복원했으며 16개 구군 합계가 월총계와 일치함.
202505,남구,39,367,10.63,10.6,4,14,56.0,18,85.71,29.33,26.83,비중역산_합계검증,원문 비중에서 개체수 역산,2._2025년_5월중_부산지역_신설법인_현황_조사_보고서.pdf,원문에 기재된 구군 비중을 월총계에 역산해 정수 개체수로 복원했으며 16개 구군 합계가 월총계와 일치함.
202505,동래구,29,367,7.9,7.9,6,2,7.41,7,31.82,24.33,22.5,비중역산_합계검증,원문 비중에서 개체수 역산,2._2025년_5월중_부산지역_신설법인_현황_조사_보고서.pdf,원문에 기재된 구군 비중을 월총계에 역산해 정수 개체수로 복원했으며 16개 구군 합계가 월총계와 일치함.
202505,수영구,32,367,8.72,8.7,5,13,68.42,14,77.78,40.67,38.67,비중역산_합계검증,원문 비중에서 개체수 역산,2._2025년_5월중_부산지역_신설법인_현황_조사_보고서.pdf,원문에 기재된 구군 비중을 월총계에 역산해 정수 개체수로 복원했으며 16개 구군 합계가 월총계와 일치함.
202505,연제구,20,367,5.45,5.4,7,5,33.33,-3,-13.04,17.0,15.5,비중역산_합계검증,원문 비중에서 개체수 역산,2._2025년_5월중_부산지역_신설법인_현황_조사_보고서.pdf,원문에 기재된 구군 비중을 월총계에 역산해 정수 개체수로 복원했으며 16개 구군 합계가 월총계와 일치함.
202505,사상구,18,367,4.9,4.9,9,4,28.57,2,12.5,17.0,19.17,비중역산_합계검증,원문 비중에서 개체수 역산,2._2025년_5월중_부산지역_신설법인_현황_조사_보고서.pdf,원문에 기재된 구군 비중을 월총계에 역산해 정수 개체수로 복원했으며 16개 구군 합계가 월총계와 일치함.
202505,금정구,20,367,5.45,5.4,7,2,11.11,-5,-20.0,18.0,18.0,비중역산_합계검증,원문 비중에서 개체수 역산,2._2025년_5월중_부산지역_신설법인_현황_조사_보고서.pdf,원문에 기재된 구군 비중을 월총계에 역산해 정수 개체수로 복원했으며 16개 구군 합계가 월총계와 일치함.
202505,동구,11,367,3.0,3.0,13,-8,-42.11,-11,-50.0,14.0,13.5,비중역산_합계검증,원문 비중에서 개체수 역산,2._2025년_5월중_부산지역_신설법인_현황_조사_보고서.pdf,원문에 기재된 구군 비중을 월총계에 역산해 정수 개체수로 복원했으며 16개 구군 합계가 월총계와 일치함.
202505,사하구,17,367,4.63,4.6,10,-6,-26.09,1,6.25,18.33,18.33,비중역산_합계검증,원문 비중에서 개체수 역산,2._2025년_5월중_부산지역_신설법인_현황_조사_보고서.pdf,원문에 기재된 구군 비중을 월총계에 역산해 정수 개체수로 복원했으며 16개 구군 합계가 월총계와 일치함.
202505,북구,7,367,1.91,1.9,14,0,0.0,-4,-36.36,8.67,11.67,비중역산_합계검증,원문 비중에서 개체수 역산,2._2025년_5월중_부산지역_신설법인_현황_조사_보고서.pdf,원문에 기재된 구군 비중을 월총계에 역산해 정수 개체수로 복원했으며 16개 구군 합계가 월총계와 일치함.
202505,중구,12,367,3.27,3.3,12,-4,-25.0,2,20.0,12.67,12.0,비중역산_합계검증,원문 비중에서 개체수 역산,2._2025년_5월중_부산지역_신설법인_현황_조사_보고서.pdf,원문에 기재된 구군 비중을 월총계에 역산해 정수 개체수로 복원했으며 16개 구군 합계가 월총계와 일치함.
202505,서구,6,367,1.63,1.6,15,-4,-40.0,0,0.0,6.33,6.33,비중역산_합계검증,원문 비중에서 개체수 역산,2._2025년_5월중_부산지역_신설법인_현황_조사_보고서.pdf,원문에 기재된 구군 비중을 월총계에 역산해 정수 개체수로 복원했으며 16개 구군 합계가 월총계와 일치함.
202505,영도구,5,367,1.36,1.4,16,-1,-16.67,0,0.0,5.67,5.67,비중역산_합계검증,원문 비중에서 개체수 역산,2._2025년_5월중_부산지역_신설법인_현황_조사_보고서.pdf,원문에 기재된 구군 비중을 월총계에 역산해 정수 개체수로 복원했으며 16개 구군 합계가 월총계와 일치함.
202506,강서구,41,367,11.17,11.2,3,-4,-8.89,5,13.89,40.33,41.17,원문그래프직접,원문 구군별 그래프 개체수 직접 판독,2._2025년_상반기_및_6월_부산지역_신설법인_현황_조사_보고서.pdf,본문 서술 비중 일부와 그래프 개체수가 불일치하여 그래프 개체수와 월총계를 우선 사용.
202506,해운대구,48,367,13.08,13.1,1,1,2.13,-13,-21.31,51.0,49.33,원문그래프직접,원문 구군별 그래프 개체수 직접 판독,2._2025년_상반기_및_6월_부산지역_신설법인_현황_조사_보고서.pdf,본문 서술 비중 일부와 그래프 개체수가 불일치하여 그래프 개체수와 월총계를 우선 사용.
202506,부산진구,29,367,7.9,7.9,5,-16,-35.56,2,7.41,33.67,30.17,원문그래프직접,원문 구군별 그래프 개체수 직접 판독,2._2025년_상반기_및_6월_부산지역_신설법인_현황_조사_보고서.pdf,본문 서술 비중 일부와 그래프 개체수가 불일치하여 그래프 개체수와 월총계를 우선 사용.
202506,기장군,19,367,5.18,5.2,8,5,35.71,-4,-17.39,16.33,19.67,원문그래프직접,원문 구군별 그래프 개체수 직접 판독,2._2025년_상반기_및_6월_부산지역_신설법인_현황_조사_보고서.pdf,본문 서술 비중 일부와 그래프 개체수가 불일치하여 그래프 개체수와 월총계를 우선 사용.
202506,남구,21,367,5.72,5.7,7,-18,-46.15,-10,-32.26,28.33,25.67,원문그래프직접,원문 구군별 그래프 개체수 직접 판독,2._2025년_상반기_및_6월_부산지역_신설법인_현황_조사_보고서.pdf,본문 서술 비중 일부와 그래프 개체수가 불일치하여 그래프 개체수와 월총계를 우선 사용.
202506,동래구,22,367,5.99,6.0,6,-7,-24.14,0,0.0,26.0,22.17,원문그래프직접,원문 구군별 그래프 개체수 직접 판독,2._2025년_상반기_및_6월_부산지역_신설법인_현황_조사_보고서.pdf,본문 서술 비중 일부와 그래프 개체수가 불일치하여 그래프 개체수와 월총계를 우선 사용.
202506,수영구,47,367,12.81,12.8,2,15,46.88,35,291.67,32.67,44.17,원문그래프직접,원문 구군별 그래프 개체수 직접 판독,2._2025년_상반기_및_6월_부산지역_신설법인_현황_조사_보고서.pdf,본문 서술 비중 일부와 그래프 개체수가 불일치하여 그래프 개체수와 월총계를 우선 사용.
202506,연제구,34,367,9.26,9.3,4,14,70.0,15,78.95,23.0,18.83,원문그래프직접,원문 구군별 그래프 개체수 직접 판독,2._2025년_상반기_및_6월_부산지역_신설법인_현황_조사_보고서.pdf,본문 서술 비중 일부와 그래프 개체수가 불일치하여 그래프 개체수와 월총계를 우선 사용.
202506,사상구,15,367,4.09,4.1,12,-3,-16.67,0,0.0,15.67,17.33,원문그래프직접,원문 구군별 그래프 개체수 직접 판독,2._2025년_상반기_및_6월_부산지역_신설법인_현황_조사_보고서.pdf,본문 서술 비중 일부와 그래프 개체수가 불일치하여 그래프 개체수와 월총계를 우선 사용.
202506,금정구,15,367,4.09,4.1,12,-5,-25.0,0,0.0,17.67,17.17,원문그래프직접,원문 구군별 그래프 개체수 직접 판독,2._2025년_상반기_및_6월_부산지역_신설법인_현황_조사_보고서.pdf,본문 서술 비중 일부와 그래프 개체수가 불일치하여 그래프 개체수와 월총계를 우선 사용.
202506,동구,19,367,5.18,5.2,8,8,72.73,5,35.71,16.33,15.0,원문그래프직접,원문 구군별 그래프 개체수 직접 판독,2._2025년_상반기_및_6월_부산지역_신설법인_현황_조사_보고서.pdf,본문 서술 비중 일부와 그래프 개체수가 불일치하여 그래프 개체수와 월총계를 우선 사용.
202506,사하구,8,367,2.18,2.2,15,-9,-52.94,-2,-20.0,16.0,15.83,원문그래프직접,원문 구군별 그래프 개체수 직접 판독,2._2025년_상반기_및_6월_부산지역_신설법인_현황_조사_보고서.pdf,본문 서술 비중 일부와 그래프 개체수가 불일치하여 그래프 개체수와 월총계를 우선 사용.
202506,북구,19,367,5.18,5.2,8,12,171.43,12,171.43,11.0,13.0,원문그래프직접,원문 구군별 그래프 개체수 직접 판독,2._2025년_상반기_및_6월_부산지역_신설법인_현황_조사_보고서.pdf,본문 서술 비중 일부와 그래프 개체수가 불일치하여 그래프 개체수와 월총계를 우선 사용.
202506,중구,17,367,4.63,4.6,11,5,41.67,4,30.77,15.0,12.67,원문그래프직접,원문 구군별 그래프 개체수 직접 판독,2._2025년_상반기_및_6월_부산지역_신설법인_현황_조사_보고서.pdf,본문 서술 비중 일부와 그래프 개체수가 불일치하여 그래프 개체수와 월총계를 우선 사용.
202506,서구,9,367,2.45,2.5,14,3,50.0,8,800.0,8.33,6.5,원문그래프직접,원문 구군별 그래프 개체수 직접 판독,2._2025년_상반기_및_6월_부산지역_신설법인_현황_조사_보고서.pdf,본문 서술 비중 일부와 그래프 개체수가 불일치하여 그래프 개체수와 월총계를 우선 사용.
202506,영도구,4,367,1.09,1.1,16,-1,-20.0,-7,-63.64,5.0,5.0,원문그래프직접,원문 구군별 그래프 개체수 직접 판독,2._2025년_상반기_및_6월_부산지역_신설법인_현황_조사_보고서.pdf,본문 서술 비중 일부와 그래프 개체수가 불일치하여 그래프 개체수와 월총계를 우선 사용.
202507,강서구,47,453,10.38,10.4,3,6,14.63,-9,-16.07,44.33,40.5,비중역산_합계검증,원문 비중에서 개체수 역산,2._2025년_7월중_부산지역_신설법인_현황_조사_보고서.pdf,원문에 기재된 구군 비중을 월총계에 역산해 정수 개체수로 복원했으며 16개 구군 합계가 월총계와 일치함.
202507,해운대구,73,453,16.11,16.1,1,25,52.08,5,7.35,56.0,54.0,비중역산_합계검증,원문 직접 기재 개체수,2._2025년_7월중_부산지역_신설법인_현황_조사_보고서.pdf,원문에 기재된 구군 비중을 월총계에 역산해 정수 개체수로 복원했으며 16개 구군 합계가 월총계와 일치함.
202507,부산진구,36,453,7.95,7.9,5,7,24.14,-1,-2.7,36.67,31.67,비중역산_합계검증,원문 비중에서 개체수 역산,2._2025년_7월중_부산지역_신설법인_현황_조사_보고서.pdf,원문에 기재된 구군 비중을 월총계에 역산해 정수 개체수로 복원했으며 16개 구군 합계가 월총계와 일치함.
202507,기장군,23,453,5.08,5.1,8,4,21.05,-4,-14.81,18.67,18.67,비중역산_합계검증,원문 비중에서 개체수 역산,2._2025년_7월중_부산지역_신설법인_현황_조사_보고서.pdf,원문에 기재된 구군 비중을 월총계에 역산해 정수 개체수로 복원했으며 16개 구군 합계가 월총계와 일치함.
202507,남구,22,453,4.86,4.9,10,1,4.76,2,10.0,27.33,25.0,비중역산_합계검증,원문 비중에서 개체수 역산,2._2025년_7월중_부산지역_신설법인_현황_조사_보고서.pdf,원문에 기재된 구군 비중을 월총계에 역산해 정수 개체수로 복원했으며 16개 구군 합계가 월총계와 일치함.
202507,동래구,21,453,4.64,4.6,11,-1,-4.55,-11,-34.38,24.0,22.5,비중역산_합계검증,원문 비중에서 개체수 역산,2._2025년_7월중_부산지역_신설법인_현황_조사_보고서.pdf,원문에 기재된 구군 비중을 월총계에 역산해 정수 개체수로 복원했으며 16개 구군 합계가 월총계와 일치함.
202507,수영구,37,453,8.17,8.2,4,-10,-21.28,13,54.17,38.67,41.17,비중역산_합계검증,원문 비중에서 개체수 역산,2._2025년_7월중_부산지역_신설법인_현황_조사_보고서.pdf,원문에 기재된 구군 비중을 월총계에 역산해 정수 개체수로 복원했으며 16개 구군 합계가 월총계와 일치함.
202507,연제구,23,453,5.08,5.1,8,-11,-32.35,2,9.52,25.67,20.83,비중역산_합계검증,원문 비중에서 개체수 역산,2._2025년_7월중_부산지역_신설법인_현황_조사_보고서.pdf,원문에 기재된 구군 비중을 월총계에 역산해 정수 개체수로 복원했으며 16개 구군 합계가 월총계와 일치함.
202507,사상구,24,453,5.3,5.3,7,9,60.0,15,166.67,19.0,18.17,비중역산_합계검증,원문 비중에서 개체수 역산,2._2025년_7월중_부산지역_신설법인_현황_조사_보고서.pdf,원문에 기재된 구군 비중을 월총계에 역산해 정수 개체수로 복원했으며 16개 구군 합계가 월총계와 일치함.
202507,금정구,28,453,6.18,6.2,6,13,86.67,5,21.74,21.0,19.67,비중역산_합계검증,원문 비중에서 개체수 역산,2._2025년_7월중_부산지역_신설법인_현황_조사_보고서.pdf,원문에 기재된 구군 비중을 월총계에 역산해 정수 개체수로 복원했으며 16개 구군 합계가 월총계와 일치함.
202507,동구,15,453,3.31,3.3,13,-4,-21.05,-6,-28.57,15.0,15.17,비중역산_합계검증,원문 비중에서 개체수 역산,2._2025년_7월중_부산지역_신설법인_현황_조사_보고서.pdf,원문에 기재된 구군 비중을 월총계에 역산해 정수 개체수로 복원했으며 16개 구군 합계가 월총계와 일치함.
202507,사하구,21,453,4.64,4.6,11,13,162.5,-2,-8.7,15.33,17.67,비중역산_합계검증,원문 비중에서 개체수 역산,2._2025년_7월중_부산지역_신설법인_현황_조사_보고서.pdf,원문에 기재된 구군 비중을 월총계에 역산해 정수 개체수로 복원했으며 16개 구군 합계가 월총계와 일치함.
202507,북구,51,453,11.26,11.3,2,32,168.42,38,292.31,25.67,19.0,비중역산_합계검증,원문 비중에서 개체수 역산,2._2025년_7월중_부산지역_신설법인_현황_조사_보고서.pdf,원문에 기재된 구군 비중을 월총계에 역산해 정수 개체수로 복원했으며 16개 구군 합계가 월총계와 일치함.
202507,중구,15,453,3.31,3.3,13,-2,-11.76,1,7.14,14.67,13.33,비중역산_합계검증,원문 비중에서 개체수 역산,2._2025년_7월중_부산지역_신설법인_현황_조사_보고서.pdf,원문에 기재된 구군 비중을 월총계에 역산해 정수 개체수로 복원했으며 16개 구군 합계가 월총계와 일치함.
202507,서구,9,453,1.99,2.0,15,0,0.0,5,125.0,8.0,7.5,비중역산_합계검증,원문 비중에서 개체수 역산,2._2025년_7월중_부산지역_신설법인_현황_조사_보고서.pdf,원문에 기재된 구군 비중을 월총계에 역산해 정수 개체수로 복원했으며 16개 구군 합계가 월총계와 일치함.
202507,영도구,8,453,1.77,1.8,16,4,100.0,3,60.0,5.67,5.33,비중역산_합계검증,원문 비중에서 개체수 역산,2._2025년_7월중_부산지역_신설법인_현황_조사_보고서.pdf,원문에 기재된 구군 비중을 월총계에 역산해 정수 개체수로 복원했으며 16개 구군 합계가 월총계와 일치함.
202508,강서구,44,363,12.12,12.1,2,-3,-6.38,12,37.5,44.0,40.33,비중역산_합계검증,원문 비중에서 개체수 역산,2._2025년_8월중_부산지역_신설법인_현황_조사_보고서.pdf,원문에 기재된 구군 비중을 월총계에 역산해 정수 개체수로 복원했으며 16개 구군 합계가 월총계와 일치함.
202508,해운대구,48,363,13.22,13.2,1,-25,-34.25,-4,-7.69,56.33,52.5,비중역산_합계검증,원문 직접 기재 개체수,2._2025년_8월중_부산지역_신설법인_현황_조사_보고서.pdf,원문에 기재된 구군 비중을 월총계에 역산해 정수 개체수로 복원했으며 16개 구군 합계가 월총계와 일치함.
202508,부산진구,25,363,6.89,6.9,6,-11,-30.56,-8,-24.24,30.0,30.83,비중역산_합계검증,원문 비중에서 개체수 역산,2._2025년_8월중_부산지역_신설법인_현황_조사_보고서.pdf,원문에 기재된 구군 비중을 월총계에 역산해 정수 개체수로 복원했으며 16개 구군 합계가 월총계와 일치함.
202508,기장군,21,363,5.79,5.8,8,-2,-8.7,4,23.53,21.0,17.67,비중역산_합계검증,원문 비중에서 개체수 역산,2._2025년_8월중_부산지역_신설법인_현황_조사_보고서.pdf,원문에 기재된 구군 비중을 월총계에 역산해 정수 개체수로 복원했으며 16개 구군 합계가 월총계와 일치함.
202508,남구,17,363,4.68,4.7,10,-5,-22.73,-4,-19.05,20.0,24.67,비중역산_합계검증,원문 비중에서 개체수 역산,2._2025년_8월중_부산지역_신설법인_현황_조사_보고서.pdf,원문에 기재된 구군 비중을 월총계에 역산해 정수 개체수로 복원했으며 16개 구군 합계가 월총계와 일치함.
202508,동래구,30,363,8.26,8.3,4,9,42.86,12,66.67,24.33,24.33,비중역산_합계검증,원문 비중에서 개체수 역산,2._2025년_8월중_부산지역_신설법인_현황_조사_보고서.pdf,원문에 기재된 구군 비중을 월총계에 역산해 정수 개체수로 복원했으며 16개 구군 합계가 월총계와 일치함.
202508,수영구,28,363,7.71,7.7,5,-9,-24.32,14,100.0,37.33,39.0,비중역산_합계검증,원문 비중에서 개체수 역산,2._2025년_8월중_부산지역_신설법인_현황_조사_보고서.pdf,원문에 기재된 구군 비중을 월총계에 역산해 정수 개체수로 복원했으며 16개 구군 합계가 월총계와 일치함.
202508,연제구,23,363,6.34,6.3,7,0,0.0,8,53.33,26.67,21.83,비중역산_합계검증,원문 비중에서 개체수 역산,2._2025년_8월중_부산지역_신설법인_현황_조사_보고서.pdf,원문에 기재된 구군 비중을 월총계에 역산해 정수 개체수로 복원했으며 16개 구군 합계가 월총계와 일치함.
202508,사상구,20,363,5.51,5.5,9,-4,-16.67,5,33.33,19.67,18.33,비중역산_합계검증,원문 비중에서 개체수 역산,2._2025년_8월중_부산지역_신설법인_현황_조사_보고서.pdf,원문에 기재된 구군 비중을 월총계에 역산해 정수 개체수로 복원했으며 16개 구군 합계가 월총계와 일치함.
202508,금정구,17,363,4.68,4.7,10,-11,-39.29,-3,-15.0,20.0,19.0,비중역산_합계검증,원문 비중에서 개체수 역산,2._2025년_8월중_부산지역_신설법인_현황_조사_보고서.pdf,원문에 기재된 구군 비중을 월총계에 역산해 정수 개체수로 복원했으며 16개 구군 합계가 월총계와 일치함.
202508,동구,9,363,2.48,2.5,14,-6,-40.0,-8,-47.06,14.33,14.17,비중역산_합계검증,원문 비중에서 개체수 역산,2._2025년_8월중_부산지역_신설법인_현황_조사_보고서.pdf,원문에 기재된 구군 비중을 월총계에 역산해 정수 개체수로 복원했으며 16개 구군 합계가 월총계와 일치함.
202508,사하구,17,363,4.68,4.7,10,-4,-19.05,-2,-10.53,15.33,16.83,비중역산_합계검증,원문 비중에서 개체수 역산,2._2025년_8월중_부산지역_신설법인_현황_조사_보고서.pdf,원문에 기재된 구군 비중을 월총계에 역산해 정수 개체수로 복원했으며 16개 구군 합계가 월총계와 일치함.
202508,북구,37,363,10.19,10.2,3,-14,-27.45,26,236.36,35.67,22.17,비중역산_합계검증,원문 비중에서 개체수 역산,2._2025년_8월중_부산지역_신설법인_현황_조사_보고서.pdf,원문에 기재된 구군 비중을 월총계에 역산해 정수 개체수로 복원했으며 16개 구군 합계가 월총계와 일치함.
202508,중구,15,363,4.13,4.1,13,0,0.0,2,15.38,15.67,14.17,비중역산_합계검증,원문 비중에서 개체수 역산,2._2025년_8월중_부산지역_신설법인_현황_조사_보고서.pdf,원문에 기재된 구군 비중을 월총계에 역산해 정수 개체수로 복원했으며 16개 구군 합계가 월총계와 일치함.
202508,서구,7,363,1.93,1.9,15,-2,-22.22,1,16.67,8.33,7.33,비중역산_합계검증,원문 비중에서 개체수 역산,2._2025년_8월중_부산지역_신설법인_현황_조사_보고서.pdf,원문에 기재된 구군 비중을 월총계에 역산해 정수 개체수로 복원했으며 16개 구군 합계가 월총계와 일치함.
202508,영도구,5,363,1.38,1.4,16,-3,-37.5,-2,-28.57,5.67,5.67,비중역산_합계검증,원문 비중에서 개체수 역산,2._2025년_8월중_부산지역_신설법인_현황_조사_보고서.pdf,원문에 기재된 구군 비중을 월총계에 역산해 정수 개체수로 복원했으며 16개 구군 합계가 월총계와 일치함.
202509,강서구,62,392,15.82,15.8,1,18,40.91,30,93.75,51.0,45.67,비중역산_합계검증,원문 직접 기재 개체수,2._2025년_9월중_부산지역_신설법인_현황_조사_보고서.pdf,원문에 기재된 구군 비중을 월총계에 역산해 정수 개체수로 복원했으며 16개 구군 합계가 월총계와 일치함.
202509,해운대구,55,392,14.03,14.0,2,7,14.58,7,14.58,58.67,54.83,비중역산_합계검증,원문 비중에서 개체수 역산,2._2025년_9월중_부산지역_신설법인_현황_조사_보고서.pdf,원문에 기재된 구군 비중을 월총계에 역산해 정수 개체수로 복원했으며 16개 구군 합계가 월총계와 일치함.
202509,부산진구,40,392,10.2,10.2,3,15,60.0,24,150.0,33.67,33.67,비중역산_합계검증,원문 비중에서 개체수 역산,2._2025년_9월중_부산지역_신설법인_현황_조사_보고서.pdf,원문에 기재된 구군 비중을 월총계에 역산해 정수 개체수로 복원했으며 16개 구군 합계가 월총계와 일치함.
202509,기장군,12,392,3.06,3.1,14,-9,-42.86,-5,-29.41,18.67,17.5,비중역산_합계검증,원문 비중에서 개체수 역산,2._2025년_9월중_부산지역_신설법인_현황_조사_보고서.pdf,원문에 기재된 구군 비중을 월총계에 역산해 정수 개체수로 복원했으며 16개 구군 합계가 월총계와 일치함.
202509,남구,23,392,5.87,5.9,6,6,35.29,-7,-23.33,20.67,24.5,비중역산_합계검증,원문 비중에서 개체수 역산,2._2025년_9월중_부산지역_신설법인_현황_조사_보고서.pdf,원문에 기재된 구군 비중을 월총계에 역산해 정수 개체수로 복원했으며 16개 구군 합계가 월총계와 일치함.
202509,동래구,22,392,5.61,5.6,7,-8,-26.67,-1,-4.35,24.33,25.17,비중역산_합계검증,원문 비중에서 개체수 역산,2._2025년_9월중_부산지역_신설법인_현황_조사_보고서.pdf,원문에 기재된 구군 비중을 월총계에 역산해 정수 개체수로 복원했으며 16개 구군 합계가 월총계와 일치함.
202509,수영구,28,392,7.14,7.1,4,0,0.0,11,64.71,31.0,31.83,비중역산_합계검증,원문 비중에서 개체수 역산,2._2025년_9월중_부산지역_신설법인_현황_조사_보고서.pdf,원문에 기재된 구군 비중을 월총계에 역산해 정수 개체수로 복원했으며 16개 구군 합계가 월총계와 일치함.
202509,연제구,19,392,4.85,4.8,10,-4,-17.39,3,18.75,21.67,22.33,비중역산_합계검증,원문 비중에서 개체수 역산,2._2025년_9월중_부산지역_신설법인_현황_조사_보고서.pdf,원문에 기재된 구군 비중을 월총계에 역산해 정수 개체수로 복원했으며 16개 구군 합계가 월총계와 일치함.
202509,사상구,22,392,5.61,5.6,7,2,10.0,1,4.76,22.0,18.83,비중역산_합계검증,원문 비중에서 개체수 역산,2._2025년_9월중_부산지역_신설법인_현황_조사_보고서.pdf,원문에 기재된 구군 비중을 월총계에 역산해 정수 개체수로 복원했으며 16개 구군 합계가 월총계와 일치함.
202509,금정구,21,392,5.36,5.4,9,4,23.53,13,162.5,22.0,19.83,비중역산_합계검증,원문 비중에서 개체수 역산,2._2025년_9월중_부산지역_신설법인_현황_조사_보고서.pdf,원문에 기재된 구군 비중을 월총계에 역산해 정수 개체수로 복원했으며 16개 구군 합계가 월총계와 일치함.
202509,동구,18,392,4.59,4.6,11,9,100.0,11,157.14,14.0,15.17,비중역산_합계검증,원문 비중에서 개체수 역산,2._2025년_9월중_부산지역_신설법인_현황_조사_보고서.pdf,원문에 기재된 구군 비중을 월총계에 역산해 정수 개체수로 복원했으며 16개 구군 합계가 월총계와 일치함.
202509,사하구,25,392,6.38,6.4,5,8,47.06,2,8.7,21.0,18.5,비중역산_합계검증,원문 비중에서 개체수 역산,2._2025년_9월중_부산지역_신설법인_현황_조사_보고서.pdf,원문에 기재된 구군 비중을 월총계에 역산해 정수 개체수로 복원했으며 16개 구군 합계가 월총계와 일치함.
202509,북구,18,392,4.59,4.6,11,-19,-51.35,7,63.64,35.33,23.17,비중역산_합계검증,원문 비중에서 개체수 역산,2._2025년_9월중_부산지역_신설법인_현황_조사_보고서.pdf,원문에 기재된 구군 비중을 월총계에 역산해 정수 개체수로 복원했으며 16개 구군 합계가 월총계와 일치함.
202509,중구,16,392,4.08,4.1,13,1,6.67,11,220.0,15.33,15.17,비중역산_합계검증,원문 비중에서 개체수 역산,2._2025년_9월중_부산지역_신설법인_현황_조사_보고서.pdf,원문에 기재된 구군 비중을 월총계에 역산해 정수 개체수로 복원했으며 16개 구군 합계가 월총계와 일치함.
202509,서구,3,392,0.77,0.8,16,-4,-57.14,-1,-25.0,6.33,7.33,비중역산_합계검증,원문 비중에서 개체수 역산,2._2025년_9월중_부산지역_신설법인_현황_조사_보고서.pdf,원문에 기재된 구군 비중을 월총계에 역산해 정수 개체수로 복원했으며 16개 구군 합계가 월총계와 일치함.
202509,영도구,8,392,2.04,2.0,15,3,60.0,-3,-27.27,7.0,6.0,비중역산_합계검증,원문 비중에서 개체수 역산,2._2025년_9월중_부산지역_신설법인_현황_조사_보고서.pdf,원문에 기재된 구군 비중을 월총계에 역산해 정수 개체수로 복원했으며 16개 구군 합계가 월총계와 일치함.
202510,강서구,61,315,19.37,19.4,1,-1,-1.61,21,52.5,55.67,50.0,비중역산_합계검증,원문 직접 기재 개체수,2._2025년_10월중_부산지역_신설법인_현황_조사_보고서.pdf,원문에 기재된 구군 비중을 월총계에 역산해 정수 개체수로 복원했으며 16개 구군 합계가 월총계와 일치함.
202510,해운대구,34,315,10.79,10.8,3,-21,-38.18,-17,-33.33,45.67,50.83,비중역산_합계검증,원문 비중에서 개체수 역산,2._2025년_10월중_부산지역_신설법인_현황_조사_보고서.pdf,원문에 기재된 구군 비중을 월총계에 역산해 정수 개체수로 복원했으며 16개 구군 합계가 월총계와 일치함.
202510,부산진구,35,315,11.11,11.1,2,-5,-12.5,1,2.94,33.33,35.0,비중역산_합계검증,원문 비중에서 개체수 역산,2._2025년_10월중_부산지역_신설법인_현황_조사_보고서.pdf,원문에 기재된 구군 비중을 월총계에 역산해 정수 개체수로 복원했으며 16개 구군 합계가 월총계와 일치함.
202510,기장군,15,315,4.76,4.8,9,3,25.0,-17,-53.12,16.0,17.33,비중역산_합계검증,원문 비중에서 개체수 역산,2._2025년_10월중_부산지역_신설법인_현황_조사_보고서.pdf,원문에 기재된 구군 비중을 월총계에 역산해 정수 개체수로 복원했으며 16개 구군 합계가 월총계와 일치함.
202510,남구,22,315,6.98,7.0,4,-1,-4.35,-10,-31.25,20.67,24.0,비중역산_합계검증,원문 비중에서 개체수 역산,2._2025년_10월중_부산지역_신설법인_현황_조사_보고서.pdf,원문에 기재된 구군 비중을 월총계에 역산해 정수 개체수로 복원했으며 16개 구군 합계가 월총계와 일치함.
202510,동래구,12,315,3.81,3.8,13,-10,-45.45,-14,-53.85,21.33,22.67,비중역산_합계검증,원문 비중에서 개체수 역산,2._2025년_10월중_부산지역_신설법인_현황_조사_보고서.pdf,원문에 기재된 구군 비중을 월총계에 역산해 정수 개체수로 복원했으며 16개 구군 합계가 월총계와 일치함.
202510,수영구,16,315,5.08,5.1,7,-12,-42.86,-9,-36.0,24.0,31.33,비중역산_합계검증,원문 비중에서 개체수 역산,2._2025년_10월중_부산지역_신설법인_현황_조사_보고서.pdf,원문에 기재된 구군 비중을 월총계에 역산해 정수 개체수로 복원했으며 16개 구군 합계가 월총계와 일치함.
202510,연제구,16,315,5.08,5.1,7,-3,-15.79,-10,-38.46,19.33,22.5,비중역산_합계검증,원문 비중에서 개체수 역산,2._2025년_10월중_부산지역_신설법인_현황_조사_보고서.pdf,원문에 기재된 구군 비중을 월총계에 역산해 정수 개체수로 복원했으며 16개 구군 합계가 월총계와 일치함.
202510,사상구,20,315,6.35,6.3,5,-2,-9.09,3,17.65,20.67,19.83,비중역산_합계검증,원문 비중에서 개체수 역산,2._2025년_10월중_부산지역_신설법인_현황_조사_보고서.pdf,원문에 기재된 구군 비중을 월총계에 역산해 정수 개체수로 복원했으며 16개 구군 합계가 월총계와 일치함.
202510,금정구,13,315,4.13,4.1,11,-8,-38.1,-2,-13.33,17.0,19.0,비중역산_합계검증,원문 비중에서 개체수 역산,2._2025년_10월중_부산지역_신설법인_현황_조사_보고서.pdf,원문에 기재된 구군 비중을 월총계에 역산해 정수 개체수로 복원했으며 16개 구군 합계가 월총계와 일치함.
202510,동구,13,315,4.13,4.1,11,-5,-27.78,-5,-27.78,13.33,14.17,비중역산_합계검증,원문 비중에서 개체수 역산,2._2025년_10월중_부산지역_신설법인_현황_조사_보고서.pdf,원문에 기재된 구군 비중을 월총계에 역산해 정수 개체수로 복원했으며 16개 구군 합계가 월총계와 일치함.
202510,사하구,18,315,5.71,5.7,6,-7,-28.0,1,5.88,20.0,17.67,비중역산_합계검증,원문 비중에서 개체수 역산,2._2025년_10월중_부산지역_신설법인_현황_조사_보고서.pdf,원문에 기재된 구군 비중을 월총계에 역산해 정수 개체수로 복원했으며 16개 구군 합계가 월총계와 일치함.
202510,북구,15,315,4.76,4.8,9,-3,-16.67,5,50.0,23.33,24.5,비중역산_합계검증,원문 비중에서 개체수 역산,2._2025년_10월중_부산지역_신설법인_현황_조사_보고서.pdf,원문에 기재된 구군 비중을 월총계에 역산해 정수 개체수로 복원했으며 16개 구군 합계가 월총계와 일치함.
202510,중구,11,315,3.49,3.5,14,-5,-31.25,1,10.0,14.0,14.33,비중역산_합계검증,원문 비중에서 개체수 역산,2._2025년_10월중_부산지역_신설법인_현황_조사_보고서.pdf,원문에 기재된 구군 비중을 월총계에 역산해 정수 개체수로 복원했으며 16개 구군 합계가 월총계와 일치함.
202510,서구,8,315,2.54,2.5,15,5,166.67,-3,-27.27,6.0,7.0,비중역산_합계검증,원문 비중에서 개체수 역산,2._2025년_10월중_부산지역_신설법인_현황_조사_보고서.pdf,원문에 기재된 구군 비중을 월총계에 역산해 정수 개체수로 복원했으며 16개 구군 합계가 월총계와 일치함.
202510,영도구,6,315,1.9,1.9,16,-2,-25.0,-1,-14.29,6.33,6.0,비중역산_합계검증,원문 비중에서 개체수 역산,2._2025년_10월중_부산지역_신설법인_현황_조사_보고서.pdf,원문에 기재된 구군 비중을 월총계에 역산해 정수 개체수로 복원했으며 16개 구군 합계가 월총계와 일치함.
202511,강서구,31,346,8.96,9.0,2,-30,-49.18,-6,-16.22,51.33,47.67,비중역산_합계검증,원문 비중에서 개체수 역산,2._2025년_11월중_부산지역_신설법인_현황_조사_보고서_F.pdf,원문에 기재된 구군 비중을 월총계에 역산해 정수 개체수로 복원했으며 16개 구군 합계가 월총계와 일치함.
202511,해운대구,46,346,13.29,13.3,1,12,35.29,-9,-16.36,45.0,50.67,비중역산_합계검증,원문 직접 기재 개체수,2._2025년_11월중_부산지역_신설법인_현황_조사_보고서_F.pdf,원문에 기재된 구군 비중을 월총계에 역산해 정수 개체수로 복원했으며 16개 구군 합계가 월총계와 일치함.
202511,부산진구,29,346,8.38,8.4,4,-6,-17.14,-5,-14.71,34.67,32.33,비중역산_합계검증,원문 비중에서 개체수 역산,2._2025년_11월중_부산지역_신설법인_현황_조사_보고서_F.pdf,원문에 기재된 구군 비중을 월총계에 역산해 정수 개체수로 복원했으며 16개 구군 합계가 월총계와 일치함.
202511,기장군,26,346,7.51,7.5,5,11,73.33,8,44.44,17.67,19.33,비중역산_합계검증,원문 비중에서 개체수 역산,2._2025년_11월중_부산지역_신설법인_현황_조사_보고서_F.pdf,원문에 기재된 구군 비중을 월총계에 역산해 정수 개체수로 복원했으며 16개 구군 합계가 월총계와 일치함.
202511,남구,20,346,5.78,5.8,10,-2,-9.09,-8,-28.57,21.67,20.83,비중역산_합계검증,원문 비중에서 개체수 역산,2._2025년_11월중_부산지역_신설법인_현황_조사_보고서_F.pdf,원문에 기재된 구군 비중을 월총계에 역산해 정수 개체수로 복원했으며 16개 구군 합계가 월총계와 일치함.
202511,동래구,20,346,5.78,5.8,10,8,66.67,1,5.26,18.0,21.17,비중역산_합계검증,원문 비중에서 개체수 역산,2._2025년_11월중_부산지역_신설법인_현황_조사_보고서_F.pdf,원문에 기재된 구군 비중을 월총계에 역산해 정수 개체수로 복원했으며 16개 구군 합계가 월총계와 일치함.
202511,수영구,31,346,8.96,9.0,2,15,93.75,17,121.43,25.0,31.17,비중역산_합계검증,원문 비중에서 개체수 역산,2._2025년_11월중_부산지역_신설법인_현황_조사_보고서_F.pdf,원문에 기재된 구군 비중을 월총계에 역산해 정수 개체수로 복원했으며 16개 구군 합계가 월총계와 일치함.
202511,연제구,21,346,6.07,6.1,9,5,31.25,-3,-12.5,18.67,22.67,비중역산_합계검증,원문 비중에서 개체수 역산,2._2025년_11월중_부산지역_신설법인_현황_조사_보고서_F.pdf,원문에 기재된 구군 비중을 월총계에 역산해 정수 개체수로 복원했으며 16개 구군 합계가 월총계와 일치함.
202511,사상구,18,346,5.2,5.2,12,-2,-10.0,-11,-37.93,20.0,19.83,비중역산_합계검증,원문 비중에서 개체수 역산,2._2025년_11월중_부산지역_신설법인_현황_조사_보고서_F.pdf,원문에 기재된 구군 비중을 월총계에 역산해 정수 개체수로 복원했으며 16개 구군 합계가 월총계와 일치함.
202511,금정구,22,346,6.36,6.4,8,9,69.23,8,57.14,18.67,19.33,비중역산_합계검증,원문 비중에서 개체수 역산,2._2025년_11월중_부산지역_신설법인_현황_조사_보고서_F.pdf,원문에 기재된 구군 비중을 월총계에 역산해 정수 개체수로 복원했으며 16개 구군 합계가 월총계와 일치함.
202511,동구,14,346,4.05,4.0,13,1,7.69,-13,-48.15,15.0,14.67,비중역산_합계검증,원문 비중에서 개체수 역산,2._2025년_11월중_부산지역_신설법인_현황_조사_보고서_F.pdf,원문에 기재된 구군 비중을 월총계에 역산해 정수 개체수로 복원했으며 16개 구군 합계가 월총계와 일치함.
202511,사하구,25,346,7.23,7.2,6,7,38.89,-8,-24.24,22.67,19.0,비중역산_합계검증,원문 비중에서 개체수 역산,2._2025년_11월중_부산지역_신설법인_현황_조사_보고서_F.pdf,원문에 기재된 구군 비중을 월총계에 역산해 정수 개체수로 복원했으며 16개 구군 합계가 월총계와 일치함.
202511,북구,24,346,6.94,6.9,7,9,60.0,16,200.0,19.0,27.33,비중역산_합계검증,원문 비중에서 개체수 역산,2._2025년_11월중_부산지역_신설법인_현황_조사_보고서_F.pdf,원문에 기재된 구군 비중을 월총계에 역산해 정수 개체수로 복원했으며 16개 구군 합계가 월총계와 일치함.
202511,중구,12,346,3.47,3.5,14,1,9.09,-5,-29.41,13.0,14.33,비중역산_합계검증,원문 비중에서 개체수 역산,2._2025년_11월중_부산지역_신설법인_현황_조사_보고서_F.pdf,원문에 기재된 구군 비중을 월총계에 역산해 정수 개체수로 복원했으며 16개 구군 합계가 월총계와 일치함.
202511,서구,3,346,0.87,0.9,16,-5,-62.5,0,0.0,4.67,6.5,비중역산_합계검증,원문 비중에서 개체수 역산,2._2025년_11월중_부산지역_신설법인_현황_조사_보고서_F.pdf,원문에 기재된 구군 비중을 월총계에 역산해 정수 개체수로 복원했으며 16개 구군 합계가 월총계와 일치함.
202511,영도구,4,346,1.16,1.2,15,-2,-33.33,-5,-55.56,6.0,5.83,비중역산_합계검증,원문 비중에서 개체수 역산,2._2025년_11월중_부산지역_신설법인_현황_조사_보고서_F.pdf,원문에 기재된 구군 비중을 월총계에 역산해 정수 개체수로 복원했으며 16개 구군 합계가 월총계와 일치함.
202512,강서구,,392,,,,,,,,,,결측_원문미제공,2025년 연간 구군 비중은 제공되지만 2025년 12월 구군별 월간 개체수는 원문에 미제공,2._2025년도_부산지역_신설법인_현황_조사_보고서.pdf,임의 추정하지 않고 결측으로 유지. 2026년 1월 전월비도 이에 따라 공란.
202512,해운대구,,392,,,,,,,,,,결측_원문미제공,2025년 연간 구군 비중은 제공되지만 2025년 12월 구군별 월간 개체수는 원문에 미제공,2._2025년도_부산지역_신설법인_현황_조사_보고서.pdf,임의 추정하지 않고 결측으로 유지. 2026년 1월 전월비도 이에 따라 공란.
202512,부산진구,,392,,,,,,,,,,결측_원문미제공,2025년 연간 구군 비중은 제공되지만 2025년 12월 구군별 월간 개체수는 원문에 미제공,2._2025년도_부산지역_신설법인_현황_조사_보고서.pdf,임의 추정하지 않고 결측으로 유지. 2026년 1월 전월비도 이에 따라 공란.
202512,기장군,,392,,,,,,,,,,결측_원문미제공,2025년 연간 구군 비중은 제공되지만 2025년 12월 구군별 월간 개체수는 원문에 미제공,2._2025년도_부산지역_신설법인_현황_조사_보고서.pdf,임의 추정하지 않고 결측으로 유지. 2026년 1월 전월비도 이에 따라 공란.
202512,남구,,392,,,,,,,,,,결측_원문미제공,2025년 연간 구군 비중은 제공되지만 2025년 12월 구군별 월간 개체수는 원문에 미제공,2._2025년도_부산지역_신설법인_현황_조사_보고서.pdf,임의 추정하지 않고 결측으로 유지. 2026년 1월 전월비도 이에 따라 공란.
202512,동래구,,392,,,,,,,,,,결측_원문미제공,2025년 연간 구군 비중은 제공되지만 2025년 12월 구군별 월간 개체수는 원문에 미제공,2._2025년도_부산지역_신설법인_현황_조사_보고서.pdf,임의 추정하지 않고 결측으로 유지. 2026년 1월 전월비도 이에 따라 공란.
202512,수영구,,392,,,,,,,,,,결측_원문미제공,2025년 연간 구군 비중은 제공되지만 2025년 12월 구군별 월간 개체수는 원문에 미제공,2._2025년도_부산지역_신설법인_현황_조사_보고서.pdf,임의 추정하지 않고 결측으로 유지. 2026년 1월 전월비도 이에 따라 공란.
202512,연제구,,392,,,,,,,,,,결측_원문미제공,2025년 연간 구군 비중은 제공되지만 2025년 12월 구군별 월간 개체수는 원문에 미제공,2._2025년도_부산지역_신설법인_현황_조사_보고서.pdf,임의 추정하지 않고 결측으로 유지. 2026년 1월 전월비도 이에 따라 공란.
202512,사상구,,392,,,,,,,,,,결측_원문미제공,2025년 연간 구군 비중은 제공되지만 2025년 12월 구군별 월간 개체수는 원문에 미제공,2._2025년도_부산지역_신설법인_현황_조사_보고서.pdf,임의 추정하지 않고 결측으로 유지. 2026년 1월 전월비도 이에 따라 공란.
202512,금정구,,392,,,,,,,,,,결측_원문미제공,2025년 연간 구군 비중은 제공되지만 2025년 12월 구군별 월간 개체수는 원문에 미제공,2._2025년도_부산지역_신설법인_현황_조사_보고서.pdf,임의 추정하지 않고 결측으로 유지. 2026년 1월 전월비도 이에 따라 공란.
202512,동구,,392,,,,,,,,,,결측_원문미제공,2025년 연간 구군 비중은 제공되지만 2025년 12월 구군별 월간 개체수는 원문에 미제공,2._2025년도_부산지역_신설법인_현황_조사_보고서.pdf,임의 추정하지 않고 결측으로 유지. 2026년 1월 전월비도 이에 따라 공란.
202512,사하구,,392,,,,,,,,,,결측_원문미제공,2025년 연간 구군 비중은 제공되지만 2025년 12월 구군별 월간 개체수는 원문에 미제공,2._2025년도_부산지역_신설법인_현황_조사_보고서.pdf,임의 추정하지 않고 결측으로 유지. 2026년 1월 전월비도 이에 따라 공란.
202512,북구,,392,,,,,,,,,,결측_원문미제공,2025년 연간 구군 비중은 제공되지만 2025년 12월 구군별 월간 개체수는 원문에 미제공,2._2025년도_부산지역_신설법인_현황_조사_보고서.pdf,임의 추정하지 않고 결측으로 유지. 2026년 1월 전월비도 이에 따라 공란.
202512,중구,,392,,,,,,,,,,결측_원문미제공,2025년 연간 구군 비중은 제공되지만 2025년 12월 구군별 월간 개체수는 원문에 미제공,2._2025년도_부산지역_신설법인_현황_조사_보고서.pdf,임의 추정하지 않고 결측으로 유지. 2026년 1월 전월비도 이에 따라 공란.
202512,서구,,392,,,,,,,,,,결측_원문미제공,2025년 연간 구군 비중은 제공되지만 2025년 12월 구군별 월간 개체수는 원문에 미제공,2._2025년도_부산지역_신설법인_현황_조사_보고서.pdf,임의 추정하지 않고 결측으로 유지. 2026년 1월 전월비도 이에 따라 공란.
202512,영도구,,392,,,,,,,,,,결측_원문미제공,2025년 연간 구군 비중은 제공되지만 2025년 12월 구군별 월간 개체수는 원문에 미제공,2._2025년도_부산지역_신설법인_현황_조사_보고서.pdf,임의 추정하지 않고 결측으로 유지. 2026년 1월 전월비도 이에 따라 공란.
202601,강서구,51,452,11.28,11.3,3,,,0,0.0,,,비중역산_합계검증,원문 비중에서 개체수 역산,2._2026년_1월중_부산지역_신설법인_현황_조사_보고서.pdf,원문에 기재된 구군 비중을 월총계에 역산해 정수 개체수로 복원했으며 16개 구군 합계가 월총계와 일치함.
202601,해운대구,64,452,14.16,14.2,2,,,19,42.22,,,비중역산_합계검증,원문 비중에서 개체수 역산,2._2026년_1월중_부산지역_신설법인_현황_조사_보고서.pdf,원문에 기재된 구군 비중을 월총계에 역산해 정수 개체수로 복원했으며 16개 구군 합계가 월총계와 일치함.
202601,부산진구,76,452,16.81,16.8,1,,,49,181.48,,,비중역산_합계검증,원문 직접 기재 개체수,2._2026년_1월중_부산지역_신설법인_현황_조사_보고서.pdf,원문에 기재된 구군 비중을 월총계에 역산해 정수 개체수로 복원했으며 16개 구군 합계가 월총계와 일치함.
202601,기장군,20,452,4.42,4.4,9,,,-9,-31.03,,,비중역산_합계검증,원문 비중에서 개체수 역산,2._2026년_1월중_부산지역_신설법인_현황_조사_보고서.pdf,원문에 기재된 구군 비중을 월총계에 역산해 정수 개체수로 복원했으며 16개 구군 합계가 월총계와 일치함.
202601,남구,26,452,5.75,5.8,5,,,0,0.0,,,비중역산_합계검증,원문 비중에서 개체수 역산,2._2026년_1월중_부산지역_신설법인_현황_조사_보고서.pdf,원문에 기재된 구군 비중을 월총계에 역산해 정수 개체수로 복원했으며 16개 구군 합계가 월총계와 일치함.
202601,동래구,16,452,3.54,3.5,13,,,-3,-15.79,,,비중역산_합계검증,원문 비중에서 개체수 역산,2._2026년_1월중_부산지역_신설법인_현황_조사_보고서.pdf,원문에 기재된 구군 비중을 월총계에 역산해 정수 개체수로 복원했으며 16개 구군 합계가 월총계와 일치함.
202601,수영구,35,452,7.74,7.7,4,,,-20,-36.36,,,비중역산_합계검증,원문 비중에서 개체수 역산,2._2026년_1월중_부산지역_신설법인_현황_조사_보고서.pdf,원문에 기재된 구군 비중을 월총계에 역산해 정수 개체수로 복원했으며 16개 구군 합계가 월총계와 일치함.
202601,연제구,20,452,4.42,4.4,9,,,9,81.82,,,비중역산_합계검증,원문 비중에서 개체수 역산,2._2026년_1월중_부산지역_신설법인_현황_조사_보고서.pdf,원문에 기재된 구군 비중을 월총계에 역산해 정수 개체수로 복원했으며 16개 구군 합계가 월총계와 일치함.
202601,사상구,23,452,5.09,5.1,8,,,4,21.05,,,비중역산_합계검증,원문 비중에서 개체수 역산,2._2026년_1월중_부산지역_신설법인_현황_조사_보고서.pdf,원문에 기재된 구군 비중을 월총계에 역산해 정수 개체수로 복원했으며 16개 구군 합계가 월총계와 일치함.
202601,금정구,20,452,4.42,4.4,9,,,7,53.85,,,비중역산_합계검증,원문 비중에서 개체수 역산,2._2026년_1월중_부산지역_신설법인_현황_조사_보고서.pdf,원문에 기재된 구군 비중을 월총계에 역산해 정수 개체수로 복원했으며 16개 구군 합계가 월총계와 일치함.
202601,동구,16,452,3.54,3.5,13,,,2,14.29,,,비중역산_합계검증,원문 비중에서 개체수 역산,2._2026년_1월중_부산지역_신설법인_현황_조사_보고서.pdf,원문에 기재된 구군 비중을 월총계에 역산해 정수 개체수로 복원했으며 16개 구군 합계가 월총계와 일치함.
202601,사하구,26,452,5.75,5.8,5,,,16,160.0,,,비중역산_합계검증,원문 비중에서 개체수 역산,2._2026년_1월중_부산지역_신설법인_현황_조사_보고서.pdf,원문에 기재된 구군 비중을 월총계에 역산해 정수 개체수로 복원했으며 16개 구군 합계가 월총계와 일치함.
202601,북구,17,452,3.76,3.8,12,,,2,13.33,,,비중역산_합계검증,원문 비중에서 개체수 역산,2._2026년_1월중_부산지역_신설법인_현황_조사_보고서.pdf,원문에 기재된 구군 비중을 월총계에 역산해 정수 개체수로 복원했으며 16개 구군 합계가 월총계와 일치함.
202601,중구,25,452,5.53,5.5,7,,,14,127.27,,,비중역산_합계검증,원문 비중에서 개체수 역산,2._2026년_1월중_부산지역_신설법인_현황_조사_보고서.pdf,원문에 기재된 구군 비중을 월총계에 역산해 정수 개체수로 복원했으며 16개 구군 합계가 월총계와 일치함.
202601,서구,6,452,1.33,1.3,16,,,3,100.0,,,비중역산_합계검증,원문 비중에서 개체수 역산,2._2026년_1월중_부산지역_신설법인_현황_조사_보고서.pdf,원문에 기재된 구군 비중을 월총계에 역산해 정수 개체수로 복원했으며 16개 구군 합계가 월총계와 일치함.
202601,영도구,11,452,2.43,2.4,15,,,5,83.33,,,비중역산_합계검증,원문 비중에서 개체수 역산,2._2026년_1월중_부산지역_신설법인_현황_조사_보고서.pdf,원문에 기재된 구군 비중을 월총계에 역산해 정수 개체수로 복원했으며 16개 구군 합계가 월총계와 일치함.
